district,2014_01,2014_02,2014_03,2014_04,2014_05,2014_06,2014_07,2014_08,2014_09,2014_10,2014_11,2014_12,2015_01,2015_02,2015_03,2015_04,2015_05,2015_06,2015_07,2015_08,2015_09,2015_10,2015_11,2015_12,2016_01,2016_02,2016_03,2016_04,2016_05,2016_06,2016_08,2016_09,2016_10,2016_11,2016_12,2017_01,2017_02,2017_03,2017_04,2017_05,2017_06,2017_07,2017_08,2017_09,2017_10,2017_11,2017_12,2018_01,2018_02,2018_03,2018_04,2018_05,2018_06,2018_07,2018_09,2018_10,2018_11,2018_12,2019_01,2019_02,2019_03,2019_04,2019_05,2019_06,2019_07,2019_08,2019_09,2019_10,2019_11,2019_12,2020_01,2020_02,2020_03,2020_04,2020_05,2020_06,2020_07,2020_09,2020_10,2020_12,2021_01,2021_02,2021_03,2021_04,2021_05,2021_06,2021_07,2021_08,2021_10,2021_11,2021_12,2022_01,2022_02,2022_03,2022_04,2022_05,2022_06,2022_08,2022_09,2022_10,2022_11,2022_12,2023_01,2023_02,2023_03,2023_05,2023_06,2023_08,2023_09,2023_10,2023_11,2023_12,2016_07,2018_08,2020_08,2020_11,2021_09,2023_04,2023_07,2022_07
AHAMADNAGAR,1850.8685813886168,1875.1836871758824,1873.9924300443952,1866.9803346534866,1895.2655809573077,1879.8473358291526,1881.3843317940168,1898.4472588476033,1874.7191402273406,1853.2901795586613,1875.0496148934221,1874.463892872002,1849.738202509294,1859.3817756769151,1874.896694238441,1873.3436067684474,1888.8131697637389,1876.8606475776771,1884.7651847675418,1890.5973316672325,1874.0734875526034,1852.0242392441287,1875.48267587486,1875.7954093001122,1851.4425704429007,1862.1255868179992,1874.7782974410816,1878.1958854690786,1891.9462339128318,1873.7512016512685,1911.2440784086136,1872.7130632509375,1850.902601022945,1874.350508153758,1876.3213343346133,1850.9625169266208,1864.251849554259,1877.0346251889973,1890.8426467823526,1890.0360746255371,1875.2108123615274,1878.8097553516673,1893.7697068209882,1864.972199255762,1850.7314038488746,1875.7959164288711,1874.9934655732081,1850.7332931288022,1871.5211050678336,1871.190650709629,1886.3751823252276,1898.1614639864397,1874.205888060307,1898.2728842613906,1873.8739925505854,1850.9582697580504,1875.2912663094232,1875.7824692436566,1850.7352134669457,1874.8667319961755,1880.8056874934093,1883.1208891240815,1890.3508840760092,1875.4298089939746,1887.9309452938135,1888.9641265371088,1869.7294044545902,1849.8360685620517,1877.1610804641841,1877.3958901203036,1850.9234905744868,1858.776175701572,1874.3544725919267,1870.3284362791205,1894.5050280279613,1876.3039012967108,1886.6984716144848,1871.1999675902553,1853.9037567551654,1875.7655074559877,1850.4232483601531,1859.6519976904215,1874.8897794192828,1879.0136157460631,1906.3473323688522,1879.5049933089165,1876.1398970149514,1864.8013806030522,1852.039391422952,1875.584365351237,1876.6743647718588,1849.7340997344597,1865.6454248375853,1873.2405161771946,1873.8532484386756,1901.6932881221712,1873.1260668275274,1891.2213922366195,1872.9189088446021,1851.751037563059,1875.1933084835268,1875.8090858183498,1850.8909717273318,1866.4546065381096,1875.8769867143244,1890.8415127681294,1877.9854071367224,1887.6750036892377,1873.9506642047938,1852.2447699060792,1876.0256802530903,1876.8142592109846,,,,,,,,
AKOLA,1855.8551727791184,1853.850078394843,1874.2694081014376,1873.9123638543774,1892.2630996958283,1888.0186046937572,1886.2010177935472,1912.743782025645,1873.1772877507801,1852.1970777542547,1878.9483108040781,1875.80895486288,1850.5148890667258,1853.286388175786,1874.2983835827288,1868.924899894713,1897.397753415282,1889.6392096225466,1893.4710969651721,1886.5370646387457,1865.108260959527,1851.6783630310292,1875.8020241683125,1875.7887446289078,1849.4425466819291,1868.8142609227457,1866.7686226562394,1871.0272818617434,1893.280767020871,1890.5567397996056,1874.3488257907654,1869.4886692491614,1851.3427693439646,1875.7901840363065,1875.8077517884026,1849.1912947671397,1863.1063881254092,1873.8620505495942,1896.7119566226506,1891.1691513541732,1876.1345707342946,1875.643719747879,1922.6660751381246,1874.7867647474905,1849.9051414368598,1875.739676936259,1875.1417822775807,1855.4210540375652,1866.6758261001983,1873.445251100767,1878.8302260179137,1881.3042449940085,1885.396504556796,1899.3842974530623,1874.2938272946437,1850.41091657441,1875.8184287282318,1875.5419176179707,1852.3347984617626,1869.030120486461,1876.2634157776247,1878.1099893333176,1884.7082664373318,1873.6526061458349,1888.2724501499931,1913.6583995208955,1873.7240732176326,1852.4817451427605,1877.5411814715947,1875.9547487631373,1849.547484728776,1853.584431933694,1874.0286110851034,1878.4974785062639,1886.7898440763663,1880.4509071382843,1893.4559195210843,1869.9853427677608,1845.8460488006542,1875.8123985170873,1850.3877434584304,1853.8297619697641,1873.8626740052418,1874.18188475661,1889.3543003756586,1886.4172617838306,1896.3872229350845,1895.1774816154868,1851.1427188408554,1878.9714873935236,1874.9275889480414,1848.7710263278407,1872.1734806410905,1885.9396430892182,1869.5371278664054,1900.8321985151697,1889.060720359197,1884.7438479978625,1870.8558347690846,1849.5643594799644,1875.8478891214643,1875.4047406242114,1855.5725799798372,1867.2683322272414,1869.108634262465,1919.7281987562635,1894.5052811891196,,,1849.9284044768056,1872.4903095717668,1876.365879611541,1880.0286835002184,1866.3052706153537,1927.8386310708672,1875.6640363828603,1866.5331208703892,1865.9814532036692,1879.8094781146763,
AMARAVATI,1875.2908336814344,1852.1475604423256,1875.2010836380014,1871.7830657014526,1889.5589464692566,1891.0446391179034,1881.2466288261346,1914.6470090984635,1874.1450124579121,1850.8653132531547,1879.5613873324457,1876.109816962789,1856.4830060453994,1853.8996589366395,1875.0333463844604,1870.7787290892109,1900.0256777594202,1888.0988133352266,1892.4647748292978,1909.985912721046,1865.739182408152,1849.4761424911203,1875.6756564389216,1875.8687012290889,1850.5884638549758,1855.2504620330153,1868.0006960526916,1875.4265468138888,1891.1333133261533,1889.2251399234328,1890.1844146204637,1871.4345484777793,1852.7272674609208,1875.8017516552475,1875.8653250058376,1849.6048108765933,1862.1402839692544,1874.7586713598103,1891.1933405760906,1895.1725445450122,1888.3038408235907,1879.3966400948889,1928.0997932933653,1873.6931317172728,1849.817897373714,1875.5125029082449,1875.602964516048,1853.577297745912,1869.1838719304546,1874.772674636337,1879.2963452636618,1888.4430611693513,1890.643101675311,1902.9729158308187,1875.1280671862946,1851.1077517806057,1875.8528174834262,1877.1670914549265,1853.2219038063874,1870.7126181277945,1874.746387592666,1878.9975842197073,1892.6790096340383,1881.5907225518447,1885.1738240916143,1910.5909566851044,1875.1543173644511,1850.1587938850553,1877.1343638409353,1875.1423054606016,1864.3659794352925,1855.1312063702183,1875.1292564949729,1872.8270446966344,1889.9142334208775,1879.4414161419174,1900.3491291016082,1869.0450270716024,1847.8048984340069,1875.8918191789874,1855.2235637567615,1854.2675206825206,1874.7420773642355,1876.7053294358786,1895.5395295662595,1888.7985636960036,1898.424776277943,1903.3057396881575,1849.0289387122025,1878.3129456055692,1876.6401433028168,1850.1772838185186,1856.3082256733226,1885.0887367006128,1870.7362696695025,1903.6925147957736,1887.075593643603,1915.930899197915,1874.6426986995175,1849.2114421861781,1875.8919211429543,1876.539705767861,1852.8469235894065,1864.6935226379169,1872.2980667207864,1919.5265429081896,1891.9744796496332,1862.9731818147097,,1849.8959363964223,1873.3208983523089,1878.059960253512,1883.7811908186802,1879.2812062333012,1926.60372763018,1876.0809653224117,1868.533243626011,1869.4399391250972,1884.5278600636113,
AURANGABAD,1850.708228417823,1873.716410404141,1874.5317993249148,1864.855169558424,1891.221691882646,1894.9555187838844,1884.5688107154654,1878.38783046856,1874.2874683030543,1850.7182587281277,1875.566295839613,1875.0028432577676,1855.4562756357727,1856.8742298816533,1875.0983651934994,1879.3796608062494,1887.6711535974218,1885.1208785661643,1883.701076293747,1866.3038577890911,1873.5565813586134,1849.5384379826862,1875.5652822571014,1876.0067918370942,1852.0453125232837,1867.3905298708587,1874.3969093392457,1877.7047233985566,1893.5639535489743,1873.1040201929327,1920.1407824634546,1873.300120934078,1849.6131916141987,1875.6958414432072,1876.8411717359452,1849.6007529631556,1853.4277926278785,1876.473001013409,1894.6503103040127,1893.865128398455,1876.657916490654,1885.0057445105263,1905.7294290525222,1870.7834419739509,1852.4653766442739,1875.5877581094571,1874.4212722237976,1851.0464792966666,1860.8058811379653,1872.8273856087146,1892.3761337097833,1892.9660471289944,1877.2343715858603,1896.2201421018367,1872.3191329767697,1852.584166622714,1875.3412087329787,1875.6195267443054,1851.01732414178,1871.4548931199947,1889.8320054782141,1894.8313301553608,1885.917644917233,1880.8326917600455,1887.9144586069608,1883.9676108569547,,1862.4027281143344,1875.542690683659,1876.3639294106993,1851.2074853911668,1866.121039355002,1874.956566495916,1870.0911663304043,1888.685210990267,1875.390215835477,1881.2283456850637,1869.7426840436553,1849.0560131445527,1875.4482842761074,1854.9233990959817,1864.8863695928055,1874.0202563017197,1879.1352371949984,1916.1705225933713,1880.2557005890324,1883.4599819172029,1865.2761340970455,1848.647467513309,1875.494305590721,1876.3912075006913,1849.3213584113114,1867.4120345321044,1873.5753959124531,1875.7857043548963,1897.6706013145583,1880.164848502844,1895.9610401341267,1864.7712333230984,1852.1786335531308,1875.6851149906784,1878.8835629587488,1851.4002342233186,1854.1866127266017,1872.4402631505466,1897.8412522551464,1887.0713576824296,1902.1271153936104,1872.8749338996438,1853.0787334423017,1875.7221136729045,1879.0579486036688,,,,1875.704761233635,,1872.066604943069,,
BHANDARA,1850.838378406996,1848.6578156482938,1874.0756200934668,1870.439968035409,1912.2876872131126,1877.495313464137,1883.4898585852065,1893.858561121966,1873.976873326104,1853.099418455627,1874.8397623182366,1876.5528749029186,1851.6789629468599,1868.7749607028195,1873.2975847721032,1874.5534907222086,1901.6779279958694,1890.0443392218988,1879.9869973489,1867.2083881868189,1875.013344803922,1849.533942295376,1875.0110516498369,1876.4601831438906,1850.1451307598713,1853.7421197559286,1874.1215499523091,1880.9899304934052,1901.7687313276065,1877.2361899361656,1866.7417095408966,1870.5173533457614,1847.2585308524028,1875.6738523361773,1875.6509450267602,1876.0670570091354,1852.137385007668,1873.0558661822645,1879.763079602927,1914.5891007918751,1889.6324484206702,1888.1886206477084,1866.6367887428012,1872.3006620154326,1846.002286053588,1874.320036442558,1876.7449006555219,1866.060490466683,1849.6070418120246,1874.0008084739775,1873.2019827066133,1914.4013775960307,1884.5062158468966,,1873.0554690276974,1848.5644480184083,1875.0210636024487,1876.5286434573632,1850.206948007797,1849.6999503388793,1873.553393153693,1872.33270766674,1899.1073609861983,1886.030414039674,1877.8317404978116,1921.0211524406698,1872.7282661035981,1848.0173888072852,1873.8573392937806,1877.4390969294632,1847.5818220034816,1851.737229535257,1874.4634224230394,1873.7358479150687,1902.92235880026,1882.704894352327,1886.0716437745173,1871.5534149126147,1846.7788931515288,1875.8967534698827,1848.7996681557465,1871.2811550341912,1868.6410438185314,1874.1060674311448,1902.7236679609184,1888.5102215062116,1882.0739219931656,1897.5822217340742,1856.1969283218987,1875.8830674023131,1875.5878436867574,1847.4928083224013,1854.8119149451602,1872.855641045564,1876.1055835252978,1911.9371386210034,1874.935161290201,1921.1455474661254,1873.0178540619434,1846.9240611882963,1875.0403242284676,1876.4441499079778,1876.4040889825535,1851.9900400132524,1874.222550881976,1911.7789328373547,1895.1000655637413,1920.073853936827,1872.8415734231423,1847.8569568988896,1873.552527494972,1875.4800817912771,,1911.3139275472492,,1874.0301889070568,1871.284023917022,1872.6962234619086,,
BID,1851.0614134622695,1871.4677392502758,1875.2198157453715,1869.431700468969,1890.0618859908418,1879.979771778045,1882.8069923973949,1902.8984115666515,1876.0870135609873,1850.1155248055925,1875.8593997920125,1875.8212200046364,1850.8752512401688,1871.436540150704,1875.365524866476,1880.3555019184168,1890.0274531641408,1882.9455341887458,1888.5683028224512,1888.2771805693396,1873.054191020069,1850.5274329559927,1874.5569825160899,1875.852985525745,1851.771963077864,1876.1103015015653,1876.7017527753721,1872.7334507556945,1891.3482914454978,1880.055606771207,1899.1263638242356,1875.9884608628738,1850.8117288382307,1875.8563302784132,1877.561575407453,1850.1748760066766,1855.8115759454067,1875.3542394587043,1891.7699746142516,1895.5614440899556,1879.2282132786727,1876.7581242943493,1917.327552765572,1870.6470894047409,1855.2520953236206,1875.8595202741735,1875.708349349593,1850.8373518014457,1861.4365480769018,1875.4854529225847,1895.447905358303,1891.1774432912603,1875.284401692662,1889.3802270820574,1874.4765894871587,1853.2238820397704,1874.764452079867,1876.0070914034409,1850.6589299717614,1872.9068450726497,1888.8884752644205,1889.2977827843024,1886.1512962365462,1875.9638697389933,1890.3088634182561,1895.1764846306971,1874.3469630411016,1855.5764972699453,1875.9676977525328,1879.3626454876694,1849.788930023533,1875.0580935992493,1875.1454348231844,1869.2316715217714,1888.2368425269358,1878.3522687071268,1887.582832261543,1866.1029309102967,1848.0811285999428,1875.748280439598,1848.9149393528678,1875.3104134453101,1875.5146914862935,1876.8197982471156,1912.5588835151816,1880.0258916518655,1878.3684257688437,1894.873465292928,1851.440250002405,1876.4245403109715,1876.203189550071,1849.1414852184225,1876.3645389735627,1874.8074300171209,1874.1654759653447,1892.9773809726792,1880.9333889357274,1875.6545987605994,1871.0294359514228,1853.020095865387,1875.8972329769495,1875.7484376449354,1850.8170188570928,1856.675721688663,1875.0282096231012,1902.004930078138,1868.6511215862934,1903.690269392379,1874.9641581227572,1854.5057755232665,1876.3870733586655,1879.2341462689703,1897.7253526480952,,,1876.147501518495,1872.9906228316754,1869.6573650513446,,
BULDHANA,1848.4312129067494,1852.8298548016608,1875.248025878517,1872.2824407362475,1890.2437070979354,1895.5265596478162,1886.5787064893657,1906.011913893532,1874.7588830818825,1848.5679751816224,1875.5114146816904,1875.6399394167563,1849.7231192100203,1860.2032236226312,1875.046920975208,1875.2605739947444,1888.8540299503006,1889.676738738391,1884.691601574933,1872.8346195731228,1874.3479809264502,1849.7487953637167,1875.61733966205,1875.57633455192,1849.8572348937412,1871.896483414081,1875.072573658409,1877.5003405676423,1895.077354260294,1885.0107034347923,1866.9885261522682,1873.1939465061982,1848.8661618542353,1875.5124986693854,1875.9285268745914,1848.9578877666765,1852.7673222567753,1875.0375006893157,1896.0972966558886,1892.118831008654,1881.6106952397593,1881.7095045258857,1921.940790898587,1874.8428989997194,1848.813260216603,1875.4246799854152,1871.3715629491987,1860.791615431435,1852.0474126735637,1876.3246413829988,1892.9300020444823,1887.4028026565657,1876.5444781179756,1898.2415852920929,1874.2891665448385,1849.8117685552713,1875.2412714412199,1875.5104606024724,1849.9467119534365,1852.0208018678766,1894.3460890020822,1893.020139207359,1886.2607722708842,1884.197440033964,1888.3575584284613,1900.0859599660853,1871.6116471407513,1863.3235215177488,1875.6179554655273,1876.054828872701,1850.1068095833418,1858.7056281455532,1874.7785256956852,1872.0671102684373,1891.0280304052176,1881.2269657280144,1887.9230572697898,1864.7666749174682,1848.8045395824417,1875.5128845180748,1850.1055382645973,1864.0000577578246,1875.149451743227,1884.1375228750373,1911.114151454398,1886.4357872226851,1898.4469404332158,1891.926625178553,1848.5679496157172,1875.491313493062,1875.4609881817848,1847.759439212498,1873.3951744298884,1873.7068645895527,1887.9947988615083,1897.5814605992855,1890.4867307024385,1870.5682478717858,1872.6802201278695,1852.3157186210249,1875.4940973488326,1879.1188763289217,1873.6498774446432,1852.7275796953083,1870.6701489436243,1909.6850913607193,1890.0468994579558,,,1850.3905563424732,1874.7394254734345,1878.6019073770228,1883.1490184196427,1866.3051716939092,1926.900810843409,1875.4920390325021,1870.3091000788188,1875.5206099535178,1878.6175462602582,
CHANDRAPUR,1849.8305765095686,1862.5660369284785,1873.9205054830998,1872.679374102579,1908.0580178672315,1878.7217761170189,1880.274976660894,1899.993444725747,1874.7032601896892,1859.3167448753468,1875.41140540632,1873.6418083140427,1851.2578985733417,1870.7848376609707,1874.3574486484906,1872.4180565920587,1897.9163812021975,1883.8242281771065,1883.5112620933562,1869.5497977963469,1875.785316034659,1849.5579242205783,1875.5501543515286,1877.5248245692662,1850.815211302122,1854.8548446950495,1874.0249277276173,1879.3834057316374,1900.8434237571284,1877.5068011701167,1871.5846986315503,1873.8514937228995,1851.2405666769787,1876.370864592526,1874.7088372428889,1858.7338889716518,1853.31689720581,1872.375913767013,1879.2324357422804,1908.6092006525353,1887.4953154879358,1882.7579877348883,1866.5712394993277,1872.2467639223041,1849.8195863441244,1875.3783523907957,1876.017734663698,1851.3296559925084,1853.4105971541046,1874.9744171843267,1873.435647212229,1907.5117674696419,1879.7389604135824,1898.797186554175,1872.117965293927,1849.9521239487144,1875.4123184857758,1875.3165832425832,1850.357473495381,1860.924179852169,1873.748161893483,1871.3143665130417,1897.4266267702021,1882.6640512644321,1878.3916353831987,1922.8203715418176,1869.686965547173,1849.1453965393105,1874.827826312085,1876.7721095590473,1848.056251777151,1869.014409287126,1874.624352323187,1879.9829218147493,1909.0906285139733,1880.0561578795002,1885.4869591870129,1868.1666876807403,1848.1768083684358,1876.024227693307,1847.9562717503468,1873.620567807613,1872.931585242312,1874.9434870794103,1914.0013470901501,1881.4953376080432,1879.7397575938803,1902.6054374957484,1849.5311015603286,1875.8362126270804,1873.4461274540417,1849.320598570341,1854.5558693444882,1874.3147889565003,1870.54204057292,1910.9208752942468,1876.5437842994868,1889.029187549254,1877.1745118887166,1850.1459999860717,1875.5010429187198,1877.1965862887862,1857.5210194482493,1854.0928689849231,1875.686592811106,1908.4766892699156,1887.8672247207248,1918.1791653841583,1873.204873450896,1849.6296024125902,1874.3984950362546,1876.4943640339675,1868.9321311773235,1895.0404994414737,1921.7798180404534,1874.029407472252,1872.2982753490542,1867.955458999303,1902.826603280923,1869.510560336537
DHULE,1850.150526482811,1874.608197788693,1875.6769249958134,1875.9404174909969,1898.3829958878248,1893.5662165411204,1889.6346372414523,1871.2215086560104,1876.5422019715845,1853.3025437954566,1874.3676870178606,1877.543303474138,1865.6260357953158,1855.3903576959542,1875.8323177918182,1872.514164374435,1900.112856005339,1876.7833795559143,1892.0582016546714,1903.6628672224817,1874.0928306005414,1850.6523425395583,1876.518148614942,1876.5006367193482,1854.2730874365616,1856.481311652365,1877.1056783183838,1871.819919491833,1906.838736940762,1889.8802952195347,1913.8112408978848,1872.7049944373898,1849.485379964947,1876.4892119600995,1876.495969920597,1850.1305497569324,1858.16504770776,1891.021550933751,1891.453110581878,1899.7831736683424,1890.1484291834715,1875.8880050298883,1876.4828061686303,1875.5573039227818,1850.0168951750286,1876.458139311759,1876.4226122643001,1849.8822709303413,1865.9486000695272,1874.9175333179603,1867.5899901017738,1892.0156524471809,1880.4020022744617,1967.56413414887,1874.6493243731563,1850.0099479902728,1876.1569508879409,1876.4729470102654,1850.2078998713148,1874.7832746794388,1875.7538850635672,1893.294120666633,1892.6225056650946,1893.5013441107671,1889.6823898054274,1872.1453773820149,1872.0954970215607,1850.2958053889665,1876.6930475366753,1879.6569220551953,1850.527466281393,1851.9107603060575,1872.2600802537725,1876.1172090352625,1892.3475668350222,1888.3670220148467,1893.316467458791,1875.9646874790897,1854.218041437728,1875.3711298808057,1866.6844714198944,1855.6679985710234,1875.689942095435,1876.8347478105557,1905.8744315902989,1880.0858024637357,1886.6451515530105,1908.2431648438371,1850.3252691886694,1875.7505600918557,1876.2519831110947,1853.076075611742,1856.2707144907088,1870.1445071426338,1893.115961036171,1898.6731778585688,1894.2036487178732,1908.1911326386814,1874.9080373473832,1849.3384946348983,1876.438106377446,1876.392229647336,1849.907852362388,1857.7989139067593,1876.2569941617846,1891.8312452202313,1896.5944210216226,,1875.4167423081456,1856.724713267824,1876.4121177005115,1876.458504706234,1879.4123018559917,,1869.2649484027581,1876.6018739698663,1869.7489657030726,,1883.6907527699232,1883.2271533879818
GADCHIROLI,1850.4668452072178,1857.696164183693,1863.465375264902,1881.5578049865242,1894.9137073930024,1876.050892784069,1883.05685534868,1916.2976945075632,1876.6577635386018,1851.6370165920187,1875.8223433680323,1878.4640907323997,1850.3466647459832,1857.6880162835625,,1872.820501208118,1889.9059245091905,1881.3677992311093,1875.0009885232346,1906.0743291243075,1873.9315967333898,1851.0177456283825,1875.8080703495818,1877.5119466487126,1851.0990305192179,1876.1697172028034,1876.0675146114509,1872.8522100757991,1890.762966241638,1879.5715286562815,1889.3261635559013,1873.8764189114881,1849.779142551695,1875.7242120514945,1879.9172495607638,1850.6347898169313,1875.566862760785,1859.2628474535138,1875.3936702231022,1908.4565715668798,1886.477002339366,1878.9513365571095,1873.4553562073022,1876.4014034472257,1850.425437827065,1877.7553838101287,1877.481756736396,1850.374435435024,1878.3326837022726,1875.7309389486995,1875.1304083474774,1914.9985464310653,1876.1815069918096,1875.4415294961586,1876.9459820774864,1858.084494055929,1876.0217919268641,1876.3602090933034,1851.0413551107558,1857.1234461480344,1875.3997296957948,1870.4288089256083,1898.0518926063298,1880.100810939152,1877.4007799026986,1920.7502099942633,1876.6573545648714,1854.2366811097568,1876.2763601904996,1880.3510784465714,1850.4789995833098,1862.657326008474,1876.2940109674082,1866.5714256707852,1896.312315318376,1878.8064202342632,1884.1537335821072,1868.6204444998482,1854.1870125870257,1877.6747381650512,1850.813189711148,1874.1028588163947,1874.68045550917,1869.4855913003335,1891.0964086598426,1878.0583268311302,1880.4075068739107,1891.7673651917482,1851.0388807685845,1874.8037854632296,1878.6835289832402,1849.9707804917812,1874.8038588708646,1875.5941918837118,1869.3934936809694,1912.8501344920294,1883.474887273093,1918.8779154527438,1869.1995728782233,1849.426233364891,1875.9997552836323,1882.6048262231568,1850.7900544931836,1876.5081253955375,1862.2444823364433,1917.3898976546084,1888.0725873505846,1879.8573418223043,1877.4630586162586,1850.488967398638,1874.5502176822017,1880.1987709172718,1873.581738572438,1899.532601432137,,1880.719537294786,1869.356705176374,1875.1596052666766,1879.1072058426357,1878.483376118135
GONDIA,1852.4973392341872,1854.3669025020458,1873.2976963237638,1874.172373408253,1911.4221506756405,1880.922168154614,1889.7773956998064,1897.8716180216961,1873.5294907445116,1851.8598598642852,1875.3930795749247,1877.3209385765967,1850.919336838356,1855.9933368732954,1873.0201241397308,1870.9173648286762,1901.759333440377,1892.4867096004261,1876.888720009243,1870.6400538656997,1876.3542042750057,1853.3835299850284,1875.5566782774588,1875.6371755597106,1851.8699583750063,1867.0953910444302,1873.4114391555327,1881.8677454366475,1893.5281466028373,1889.181531583579,1865.2921403176138,1871.0368379103993,1848.9114325962175,1875.4038758475717,1877.3736659823942,1855.2174462296439,1867.0076755918528,1872.898773323934,1874.459239617568,1903.4843295913554,1892.2776353561583,1890.2072647704713,1866.6031369698112,1872.6603543789038,1848.9460832938587,1875.77321298275,1876.4654002787042,1855.3530283328014,1867.452296348256,1872.560436302814,1872.0544811040795,1917.967385095844,1885.6120723957902,,1874.5542783074964,1854.4433964276707,1875.585818918332,1877.5868581800278,1853.243148931547,1854.170229188516,1872.997362469588,1872.7593513807426,1896.442010575543,1893.969591560607,1888.8746726365132,1919.3996612719372,1871.9731081983375,1851.0230656568758,1874.6467273692992,1879.9036206346427,1848.6717530496685,1853.9216150217153,1872.6771251195426,1873.026524006253,1906.746259030567,1875.0514018667288,1885.4873732391368,1871.6174324770648,1850.7875456660975,1876.219157942008,1851.2322585347654,1857.2577088277255,1869.9646009023056,1873.084024251522,1901.7979169272094,1882.339094852835,1884.3729323914024,1910.4368740746922,1854.2286270195157,1874.6993357252486,1877.0283168890915,1848.8601625276062,1869.7008901479226,1873.2337667822276,1864.7055987657584,1917.7922701578111,1875.951665633578,1926.0208587453471,1876.9700025554505,1849.074126450812,1875.2793496636568,1881.1321003024752,1855.3451822131763,1870.586210292386,1873.607721704286,1907.3122594298095,1898.3829165082054,1918.477722413146,1872.517114830889,1849.8255236672023,1874.1218148129115,1880.2129471039068,,1915.45317349467,,1877.0985980334385,1872.1482034332323,1872.849740116552,,
HINGOLI,1849.941828449323,1856.711384746796,1876.2451113747045,1869.2166643163994,1899.3007065330423,1881.0258153254852,1885.1584428144938,1911.436200102963,1874.6092006825038,1856.6520297945485,1877.3700349234618,1877.195652229011,1850.732872390648,1861.5870038195926,1875.9293522300668,1867.0951467351078,1909.9517316686852,1884.3180699509385,1891.8563843909826,1908.3834860867905,1866.2717300911195,1853.3760225267347,1876.389389442539,1876.385356958244,1852.2674177975928,1876.6140363481177,1874.2645747808058,1865.7743955063142,1886.9086865402458,1863.633237984314,1907.6284958579104,1865.6942911286203,1850.9786904555215,1876.4007354808798,1876.4337290472256,1849.8273507225508,1873.6468698427975,1875.8400838255695,1899.8471098250568,1904.774024531414,1890.023878185525,1882.7342293654904,1900.6321303089273,1865.23067825241,1848.8745734689119,1876.3463396511809,1876.3649839208686,1850.225920318109,1878.0905589808426,1875.8053452720678,1883.012242260027,1888.0215295201929,1876.7142190632023,1889.5895811694459,1877.2031622935292,1851.1204912059236,1876.391278924801,1876.703393669013,1849.9027637460445,1876.0804142871962,1876.1133142078625,1878.5800679986867,1885.4993592292121,1881.8013689711734,1888.0119651480948,1885.2098241201984,1871.1860985958758,1857.0162292267296,1879.4313012809798,1879.315803762839,1850.544971550395,1857.1566003635921,1875.9333988353678,1866.4070619752388,1887.0239597599063,1887.3288583926262,1889.250840923725,1866.14506289079,1847.1664159312513,1876.4204295684963,1850.344892306552,1868.1494512927134,1875.7381251232093,1866.3889050416385,1891.6813507733598,1881.1311862403506,1895.8243022801125,1921.6804253236585,1853.990359292133,1881.4642988075045,1876.372951636844,1850.2042411617688,1876.2351869590996,1890.5359768432002,1866.631383615762,1887.141184631274,1888.5926859400533,1915.8811721385075,1866.6739558455408,1851.2544513370942,1876.3200870317285,1875.9184731260611,1850.626510491605,1874.4952897941594,1861.3106216646472,1914.7754083701295,1889.2940955704528,1880.236748273055,,1850.356620093809,1878.0130650254428,1875.7728048823708,1879.6996403022079,1868.8299993153828,,1876.2773035846303,1872.823385351185,1863.0331128659047,,
JALGAON,1849.988870627034,1868.472178606485,1875.24988569521,1869.4940935874847,1892.9546458329803,1882.0957517040624,1888.973980841502,1871.6018808606766,1874.8315721111674,1850.3014274818725,1875.4742045629696,1875.2908721814013,1860.8104812852637,1855.1377031448228,1875.4860832133918,1875.6957867713963,1890.5415335330952,1888.5985659586088,1883.7779655710638,1871.5595953277625,1874.2637455240101,1848.9154526546156,1875.5098984927863,1875.7783996549476,1856.986445249422,1863.331532419774,1874.9630134327022,1875.9935315093894,1900.0414874042217,1880.0942222605042,1885.5626855426817,1873.2073414131519,1848.1524916846586,1875.5041911790743,1875.4035078203501,1850.4742289305868,1851.810564422065,1878.6151035827895,1882.8619258206372,1900.878148577464,1878.6692457776685,1890.233927427095,1907.4787121437544,1872.6353316031702,1849.9392255612638,1875.4755078675344,1874.1639795696992,1851.382862649356,1854.1965014757996,1874.227549004235,1889.4817911368193,1896.6693693857874,1878.2115024009863,1905.260195450409,1873.955199513375,1851.3800437911084,1875.4700032134137,1875.4334427074775,1850.8187424901867,1862.4228667911539,1881.5489244010776,1892.473724592774,1895.4252210799423,1892.0075288442472,1889.2603076158637,1883.7470725765097,1859.3013676081878,1864.375466012217,1875.3882002617806,1876.0607487474197,1850.1437489632651,1863.118758682254,1875.1355974335581,1869.8174218797262,1893.3291272121328,1878.9783098890634,1887.8532193311755,1871.2752936356883,1848.768282713622,1874.9776096866917,1860.8785848995951,1863.824530501009,1874.4450671578825,1881.3197056564052,1915.0177913654031,1877.981397082205,1891.492135700003,1867.900863795659,1848.2407480792338,1875.3552450360219,1875.5685105927726,1855.7488432486539,1863.535666459143,1872.1192935120093,1883.493129591938,1900.7376466149224,1893.8538630772018,1880.281264132303,1870.7129771367913,1851.0746209292245,1875.5049256301002,1878.9968325853242,1857.6655736371013,1852.253282176819,1865.5968051524126,1898.8985238793275,1896.366760387684,,1873.1554681933178,1852.3980074300462,1875.524470357157,1878.3495852650374,1880.3345687581289,,1910.2837635863548,1875.4099196023235,,1874.203918847529,1885.078368243444,1884.8118828839358
JALNA,1850.3813926439955,1871.78563664913,1877.2537002223883,1867.6762786661948,1889.7440009694703,1901.112913326596,1887.0827773718331,1906.2534916257769,1877.5919972415488,1849.7841175288195,1876.1627002564894,1876.1135855933142,1850.1593046233081,1856.0735722448037,1877.3091821678393,1881.5349977338649,1883.585566392638,1889.4304577204282,1886.803085517537,1893.148932285444,1876.8678138207779,1849.8956444581213,1875.4148968729519,1876.085484151126,1852.1075736856506,1877.3004785479347,1876.4646132621237,1876.6975449454512,1893.2876938780005,1875.2795192248425,1906.3679357049423,1876.0106262594077,1849.5917515209087,1876.2324129063315,1877.7882953881885,1849.9804106128672,1854.505121909119,1876.3915283842123,1892.6364849535355,1893.484529621297,1883.9946392123559,1884.3959005270478,1919.343678536784,1867.0595492972961,1853.1941811950644,1876.13674321743,1873.7927867275591,1850.086614779565,1854.9157392012546,1876.6030517660458,1892.1892935381004,1890.1845265420875,1881.6252415732192,1888.9207331044822,1877.2631463043954,1851.7462916147238,1875.6981883613412,1875.986498904587,1849.7460334444243,1865.2159283312612,1901.2288420281816,1893.488615146707,1886.5797764707393,1880.5208565978344,1890.8146970786781,1911.2071409649761,1874.8285711402114,1868.2883816904255,1876.1629047284732,1879.970181036778,1849.9009279642398,1872.7552546417178,1876.7811131971873,1868.5421112530034,1886.2548028395177,1877.7302396316695,1881.1372902455184,1863.3755184610347,1849.84047096301,1876.0208784944152,1849.6474974318176,1869.4178252338577,1876.3433510282769,1878.0707143747568,1914.7284615737537,1879.942707712767,1890.2129068431068,1890.0209159545911,1849.754322816986,1875.9963325385258,1875.9796791560254,1849.7889939259605,1877.243443524379,1874.8136088861836,1879.4665971536272,1896.8797654545153,1882.2286994186798,1873.905621484836,1857.392582599777,1856.4946337271417,1876.1341527086615,1878.0952188179651,1854.088437250897,1854.4659867384091,1872.9104384251054,1904.5516196945061,1884.1698964422856,1907.7249146740517,1879.4807067543024,1851.4494095307844,1875.9363293313602,1881.0250191820924,1875.1695204890268,1868.4186351079268,,1875.9292944522624,1871.16875726045,1871.5787563134688,,
KOLHAPUR,1851.1304406998636,1873.978771132999,1874.1655810519917,1863.6304852109142,1890.6000403608339,1886.2844539159644,1871.6051053112212,1876.0891986764032,1870.4839082307358,1856.2475885266,1851.8230000163194,1868.7248225263468,1849.932118819561,1871.0141719654798,1874.1974058834883,1870.922135124874,1891.334598175039,1867.8164858325426,1870.2401249461682,1880.9452798718391,1874.3948441056466,1854.6335154420476,1866.9554736144435,1868.4781755554534,1852.700597359351,1872.838068838533,1876.414243684189,1872.295883471449,1889.5422007028449,1871.5066393369789,1866.9190331768389,1870.775850744299,1854.0678623703693,1867.4402950656959,1868.1019048547507,1851.7500489074678,1875.4542608575114,1874.9396675969042,1876.7895659292055,1881.236508229663,1878.6452770822775,1870.0312991627907,1877.009349598308,1874.010252904947,1855.030190878849,1868.835150565575,1868.772394575065,1851.8585469961374,1877.2023894522881,1873.4446266263596,1877.2792066583365,1887.991075878513,1885.2008493499075,,1875.0874990983264,1859.1425214564824,1867.8782511857196,1869.1694353993955,1851.3849621703266,1874.3743262633513,1874.2022569528274,1874.3040494369732,1891.3145943124903,1881.357544636349,1864.858198270077,1909.7042583997525,,1852.6322498384752,1850.8004259603586,1871.0526015821858,1851.58905490086,1872.975889021256,1874.1405659323796,1863.0928059029839,1880.9135225076914,1877.0013151143978,,1871.323825898775,1848.0743179512638,1869.1974128724714,1852.0468508613117,1872.1928745009855,1874.320301874649,1872.2512777058073,1890.0342972889084,1887.5030701913138,1865.6072455411852,1878.542392832225,1852.0078690365967,1866.7381870358595,1868.8896576268826,1852.0643568061678,1874.0564417897483,1873.6076341707783,1874.280669954309,1885.6457366157629,1867.6902560110289,1870.3656872720042,1871.0948524169726,1849.3010257748513,1869.535991105991,1867.230182157725,1851.749267147045,1877.2831846183772,1874.840546503541,1889.4328978953708,1877.367114792405,1877.493495926565,1876.0117888616742,1863.669773851011,1866.549353740625,1869.6612829835021,1871.4383039389052,1925.930317157843,1930.8022998598044,,1870.257173860771,,,
LATUR,1850.1228262020607,1865.70827384242,1874.9595997757126,1866.8886995351613,1889.130846108659,1866.971154935206,1882.9392954284929,1915.3373174496678,1875.9549119832025,1857.9922187153536,1871.8196325146976,1876.0653280765887,1853.4199482028926,1865.763542232837,1875.5920365029901,1875.4505502623526,1893.088732261098,1872.900515337277,1890.5181218982984,1913.8532455970387,1863.288866065449,1856.1283450162816,1875.4214250211407,1876.3193369520486,1852.4625439607871,1875.2135136056038,1875.445130143794,1864.485738520939,1890.1693427303735,1865.0206901808128,1909.5855119412674,1876.226641004516,1852.5819576553467,1876.3011070272744,1876.322534345663,1849.9714594882744,1876.7912809589964,1875.642612435603,1898.767500050742,1908.9406094964306,1879.5608974348913,1878.9844319384497,1896.359557239922,1862.7353167899441,1851.1088633204345,1876.2848827629216,1876.3002913252346,1850.3344295719094,1875.9323927694925,1875.6335506620917,1875.9896397258922,1893.2612182523558,1872.7715838870517,,1876.3105889447847,1851.5733762841364,1876.309629215179,1875.7016380186235,1851.2613070182445,1875.4296071384754,1876.165031892335,1887.9629516669297,1883.166723482254,1877.8770892766754,1872.6775088444285,1865.0559316104752,1857.83497367897,1870.5841253442707,1875.2247156788974,1878.880390008393,1850.1202633823875,1871.3505872986527,1875.6320623384506,1866.9812891988938,1886.2947088593507,1876.1101685097576,1887.2696473222284,1882.1048064862964,1842.9356266597486,1876.1247502499743,1850.1740257600288,1875.146365621602,1876.7569081495171,1868.7897353051062,1888.839185081595,1882.486180299821,1870.435323094377,1904.216425550336,1855.051150651043,1874.8805119274161,1876.2136375363682,1850.3670976094043,1876.2508461049692,1870.9815782060766,1863.349813520073,1892.244146886626,1874.8317158941916,1910.9611582194564,1866.4887185629818,1851.61558041618,1875.9783280287775,1875.6681704358477,1850.9698870577197,1876.9527330215953,1874.1127422368093,1916.404617503235,1867.170006797697,1878.8843176904322,1867.786889535903,1851.244955998827,1880.0533146031025,1876.1651434377482,1892.6188293488426,1868.396763270811,1867.5087752344075,1876.2287643027942,1876.0610972400334,1865.837901111782,,
MUMBAI CITY,1850.2859363291625,1875.3058780175347,1875.3058780175347,1866.819350109336,1887.5833047403657,1888.8770956305846,1885.2624377854413,1929.4388104987167,1871.9723531485406,1849.693090205415,1849.6972248323998,1876.525692074499,1852.5581828273587,1872.9678549367748,1875.1115154466306,1870.3128106950983,1918.4497528138113,1894.333306381189,1877.996943551411,1916.143254067208,1876.5900043149231,1851.2402305690514,1881.7238075660691,1876.1734597507482,1852.586531105375,1878.869914622588,1875.3058780175347,1875.3058780175347,1915.0990220680865,1894.5505073499976,,1865.4672814471387,1850.1649185649521,1876.6893756278596,1876.6091662081262,1849.6948960345205,1880.4374646781957,1875.3058780175347,1875.6426960796389,1905.3978070744467,1894.2520647584527,1885.5543959251843,1925.1705136404187,1874.7670504824594,1857.5399420281283,1872.4373124156011,1879.3483698332682,1849.6483404927571,1856.9512677853318,1875.3058780175347,1865.9504584873987,1898.8410673323083,,,1880.636593105054,1856.9058291281294,1876.7117493480164,1876.283409062998,1849.5330322277498,1863.9407924890745,1875.3079581503214,1862.7757987509553,1886.6362478098883,1873.3481907284333,,,,1874.5763720060086,1880.7649212791987,1883.6592636080431,1850.4234362226143,1869.5588892034166,1874.8377689817767,1860.3402853989146,1884.789949236384,1892.2040661676988,,1866.335669996158,1850.0878533843672,1876.6434548062039,1852.5623021269178,1864.9172618436635,1875.3058780175347,1900.5373703417904,1914.5733881371282,1876.352316292797,1873.6718319456843,,1849.8690795872872,1876.6069816702707,1876.5718419748334,1849.7192729896774,1877.4705568027302,1875.3058780175347,1875.207456854097,1918.8353164199739,1891.7825096485149,,1873.721149302347,1850.7227973745878,1876.6046870498776,1882.4483512678928,1849.6137814458273,1881.0261215068258,1875.3058780175347,1910.4587337701646,1872.8377741684478,1874.0764837920917,1873.963349182713,1857.3486900339751,1876.6118246652488,1877.5123563721802,,1871.7367960100662,1889.266813794045,1876.4913773293536,1865.03658041369,1878.0061103103844,1892.8619825603048,
NAGPUR,1852.9299895813604,1866.0033539437597,1876.7088788254212,1863.6620529596,1905.7572084704143,1884.3084915752295,1877.462499832585,1876.7839030561202,1876.7120013406393,1857.0312881962855,1875.6580390739325,1877.136175716415,1852.8445945838619,1873.5820979694481,1865.8534486016126,1875.2513180852588,1892.1458229617497,1892.2940555152304,1883.2500713664501,1867.1270115762625,1876.6305819201548,1849.6233148504832,1876.2073711545124,1880.5657008659825,1851.5772243459269,1853.4352865666185,1874.7677756456444,1870.4557991464976,1899.6675561728298,1872.9227838673132,1868.3342977819166,1873.4453532851821,1850.4162234066341,1876.4489381186697,1876.7127712449615,1863.0858028013893,1855.730411650033,1875.2994329942235,1895.7486410537654,1911.271308004085,1889.0869432734758,1895.1059092400485,1867.5242757415936,1875.78679328069,1850.4678144504103,1875.1543754058691,1878.3875035298088,1850.6418933127843,1855.6268014239065,1879.4001444780206,1883.444023154521,1898.6095604629752,1893.6116990692385,,1876.4071516590716,1849.580664831623,1876.3399913429037,1876.633122108739,1849.970389411985,1862.7784126271529,1876.1703328874687,1875.6564573178446,1895.010517896922,1892.4136285831523,1881.3779879083818,1899.263406079862,1870.0556229748015,1850.2679961136018,1876.5374661378046,1877.2258451293637,1853.1135478807803,1873.124345910093,1876.2497778496133,1864.9921255680617,1894.364439372741,1883.2731957979845,1886.8448268262134,1870.6574463721229,1849.9834857948651,1876.1248152950886,1852.5758956503012,1873.5228941081084,1856.8598578312615,1875.9392701884249,1903.55725423226,1893.2001974622192,,1869.1271773524472,1850.180296150339,1881.4480812280735,1878.4314430161298,1851.3569842558766,1854.248080700016,1873.2312484517868,1875.3712324052697,1906.7424081757724,1884.9482975062135,1876.5454671936907,1874.7262804442482,1850.629183002931,1876.0760284491384,1877.1509783140036,1862.90847783524,1855.7755755308037,1875.7795076516306,1902.902201022416,1895.401586804003,1907.6864508366782,,1849.837658059446,1875.7704123347362,1876.40084413439,1890.6219695615712,1915.8733502259963,,1875.7224507935366,1863.6647376598173,1874.7683571104951,1888.2223711661939,
NANDED,1854.418280764091,1854.0058758138528,1874.052861331937,1868.804949205419,1904.689257393945,1872.1046603214932,1882.2706339042288,1897.8645344508393,1874.404398267983,1855.9740507989882,1874.2457204521354,1874.7462591632395,1849.636468707118,1860.439416932596,,1873.8991864605866,1896.5244052827704,1877.368555926262,1888.8498250964228,1903.2480885769246,1868.4347295858136,1852.001502016393,1875.080414074006,1875.7097398397418,1851.6579585894417,1866.4684100781317,1875.8634934207714,1872.8963264386116,1888.9834682234332,1869.1463203453227,1898.9859161630652,1871.7625776614773,1849.4782287473683,1876.0677912043527,1875.0213993365164,1850.1863534911663,1867.392155967107,1875.0383717051493,1890.7703154087487,1912.5054968340273,1881.5227242898536,1881.8751819696147,1872.68383219382,1866.4925496904443,1849.6638159780764,1875.6097241589457,1875.5098470368182,1850.6564358241176,1873.4770941330978,1875.0880725823215,1878.2903535891035,1891.8985515373163,1876.3207570500088,,1874.5064627750571,1850.1007249898867,1875.3710173404047,1876.8995561817808,1850.3917818393008,1875.725927552077,1875.080277506708,1873.7013220418776,1886.9737088521874,1875.7915338464907,1887.5341028130815,1884.5203774281536,1868.6340354514552,1854.6605485131224,1878.0340884772415,1878.6056988476591,1849.4319315454204,1854.7813660691124,1876.3464925768458,1869.8448408074998,1890.9314497008888,1874.8772277697544,1889.9478069835818,1879.565581551941,1849.783052492644,1875.5846880651638,1849.3202330289428,1863.7848756702813,1875.0005055542365,1872.1119549266734,1894.929668347981,1880.7014901070538,1890.248614590164,1881.5213559280364,1850.7207434257427,1876.5218039777258,1875.3693808002938,1848.919734533532,1867.6107349340734,1875.6468152846037,1871.0127258096447,1888.6798285016973,1878.100606182587,1895.0002083642078,1869.7717818455706,1849.808024564698,1875.6006684697838,1875.3856140203477,1850.3131449436341,1870.7012512385616,1872.1356550439446,1910.8814947371,1880.9374550649911,1894.0848915372078,1874.1542879097306,1849.6680917052345,1878.281953500412,1875.801163106104,1887.7164817513712,1899.3952247082925,1866.4975270646494,1875.4260801222676,1874.6120314873956,1876.54294592345,1892.412596347593,
NANDURBAR,1854.741418424179,1868.8789314318924,1875.109707475186,1873.810981257228,1901.1257959128507,1887.2051323199116,1883.4060881494236,1867.0058784468217,1874.4822448397965,1851.444787617413,1874.298412207839,1875.6839384278119,1858.9572516070757,1854.7702037237304,1874.1443898400935,1873.7047906234384,1903.1660770959081,1871.6089311653034,1889.3952182730632,1916.3676413290482,1873.5650684956202,1850.9469535278133,1875.8984217548712,1875.9110817965502,1851.1404602438422,1854.0840601872403,1872.209039112867,1871.2809943068385,1910.206632216544,1890.1355309237367,1889.2823811337867,1864.1350042480105,1850.781041312033,1875.9173763270157,1875.9023695578828,1850.8080646437252,1857.80024416393,1885.13723170105,1891.8959884141266,1906.0484518866597,1888.103182992469,1892.9628248864553,1924.3539778692455,1873.6981401635273,1849.2007191062166,1875.903727586319,1875.735597047298,1854.610353375688,1866.6257572901593,1874.2556731903437,1869.0689417173662,1899.1686572375859,1876.0758144254617,,1871.9726632221998,1850.2409197928457,1875.456299894835,1875.7557920651914,1855.5503207732024,1869.3499290549582,1873.9118599238623,1884.2706482803571,1895.8994575334743,1892.3095618431869,1892.345245014926,1867.2075724050421,1868.7762107907424,1849.0089374144736,1875.1706749419852,1878.4276852085347,1855.8130219291038,1851.5470484702348,1872.6387851072197,1873.9141961351875,1895.2023724874443,1889.6604684258537,1898.2556569810797,1873.4461127042305,1853.5183123403228,1875.7921660979202,1858.2454718511103,1854.5624051838063,1874.135201116369,1876.112948759949,1911.0981109231084,1872.8301026378024,1887.3622350341816,1925.1169210349399,1850.0536536623579,1875.1907883549786,1875.5937854974925,1850.18690616644,1854.5211373688085,1872.6024490616617,1890.6808950472575,1901.6600929603137,1890.7586263154894,1915.0433560276201,1874.4524605720678,1852.1038502712922,1875.8600826563304,1875.534740811042,1850.2013937311904,1857.02206433331,1873.3745163978492,1903.1994951563834,1896.6119940657104,1887.735483078314,1874.5675683318075,1866.7016442178158,1875.7453767311606,1875.6636245695258,1876.0626036499611,,1866.1500936234497,1875.7831784070736,1866.825299638331,1864.908330702175,1890.1495066592076,1878.9760543688722
NASHIK,1851.546832370661,1870.2577553407218,1874.2894347324707,1874.6267934140324,1898.78459946906,1888.6254859987328,1886.3565789874767,1915.064730413628,1875.3685614758074,1851.4361010162625,1874.2142651373945,1875.2202762587083,1851.430890468885,1855.0076693574206,1874.7855255940324,1880.6866567507602,1895.838257203204,1884.889095648177,1887.8541628720288,1913.4361311890723,1874.0835954190554,1850.7597029040398,1876.0376078452086,1876.0428684600536,1850.9811728325078,1860.9307982601538,1874.5350046777105,1875.8015588932255,1898.9517293989484,1881.7673218667762,1904.9480516206465,1878.0021542712504,1850.4643572851244,1876.0665783785898,1876.0725165671797,1850.9111854895098,1868.4394922402769,1879.4305337366309,1893.6650659363781,1895.0968608378016,1883.1871787075188,1887.5359146345133,1921.9039056964994,1867.4328519464673,1850.1160657021394,1875.880554410611,1875.9676352989052,1853.984948967808,1869.1021103468665,1868.9252804634696,1869.7112391662095,1896.4501875447781,1870.54639687829,1890.853982001523,1875.0648114040077,1850.0236846819191,1875.6218494297575,1875.4267267426114,1851.7045804449479,1870.8850247920545,1874.7090187550737,1882.9591531769977,1895.9840012305879,1885.7994984831948,1882.8750625372068,1870.2213832070568,1872.4288242293605,1849.1527337979878,1876.807686150277,1877.0434540001079,1850.7405186221463,1854.2501799921324,1874.4777362232287,1878.4551799397827,1895.385546411799,1884.5201074999666,1886.795034579781,1874.7636269717593,1853.5349005478047,1875.2341915776435,1851.264642771613,1854.9475045262734,1874.5606360887618,1881.7035290007343,1900.8975953074112,1884.0877983347762,1878.4199616764538,1890.6012873759555,1852.0855266833398,1874.99643628577,1876.0098405903564,1849.9930338818267,1864.0926379396024,1865.0752946034515,1879.1198857565114,1896.2815175526052,1885.63313215635,1900.9500826053156,1867.435123543586,1849.7414957564577,1876.0237182723376,1875.9540749209477,1850.3394646038175,1869.635862521396,1874.6842733840076,1895.0608770117262,1894.3097194630056,1911.7132378517408,1874.4546360868387,1850.2263481031862,1875.8011901691848,1876.0038082699034,1878.0324893514846,1875.9187096812095,1898.5811724165762,1876.0097802323785,1866.1988918327017,1867.7305848305011,1876.573211609847,1886.6554146176193
PALGHAR,1851.2621480129972,1855.737442087976,,1870.0942276153683,1892.9610763894148,1884.857960744494,1889.2317558160037,1914.0674612462194,1874.506415402866,1848.8150790381505,1876.0452787914098,1875.629786898436,1850.9697176450368,1870.9739112234827,1875.0817242526516,1867.6182000695446,1905.4098322804819,1883.0057775272494,1883.895025941724,1908.3422145517293,1874.981952299258,1849.5970908923637,1878.7952877231908,1875.7238709309438,1851.4118363925415,1872.3087242284182,1874.8654492892242,1875.3040474543145,1919.0719418359126,1889.5643298228208,1874.3098255534464,1865.62262704459,1849.4825976933216,1876.028701369143,1876.0306914926043,1849.8060433219262,1875.6251301371246,1874.9363618478383,1879.3599526378487,1913.4121568437292,1878.4275332734885,1886.3486393238695,1924.2644875507294,1873.879726223272,1855.6665532315478,1877.076035217519,1878.734101955906,1854.5233973643446,1853.9740924006765,1875.1155221390172,1869.7902280628548,1905.4517775582337,1873.5370921354304,,1875.2029763879925,1850.235798766012,1875.9141322780142,1872.5921108084026,1850.2762620319586,1854.4876069340146,1875.6493655428244,1875.7831989852423,1892.9203725387692,1885.0902694173624,1878.7270353578685,1866.5011992078769,1873.6568264459786,1851.792640435511,1881.7053160187859,1877.9784706213413,1849.7732674069243,1865.402561267423,1875.053011393078,1869.7536862073619,1891.671272255015,1877.505351147066,1883.4458001262317,1866.4190721020375,1847.5004193128086,1875.6954653615296,1850.4673410204866,1868.7746531559021,1875.4208507882076,1873.1973624699297,1920.4210074225277,1885.2164459538342,1885.717010605117,,1849.2921523534799,1876.0169751243236,1875.8374588826819,1850.2797136256086,1873.2160707228393,1874.8635289006847,1875.517145630523,1916.0340242798666,1884.641952338838,1914.020774784469,1867.0671900877721,1849.194486669239,1876.0153488811277,1875.17695698261,1850.8792398164735,1875.6989330741285,1874.9222593431525,1920.4333592644327,1887.5190727739935,1883.7514673041087,1874.7530138197142,1854.932006398814,1875.9761105401901,1877.1216426920266,,1869.2139910744597,1900.1493027568501,1876.0512261358178,1865.0757572371235,1874.895586182347,1884.544508559142,
PARBHANI,1850.0315675687184,1853.7885968527316,1873.990556810013,1871.6650528300422,1896.5070555130578,1874.5619709636328,1885.3610616351896,1909.120176350571,1874.9950635592738,1854.0549008020978,1876.7626042392292,1875.7840104827033,1853.2265680748767,1866.2669145657717,1874.095838978238,1873.6684260695379,1899.8701544441162,1882.4652859940632,1890.9678261338383,1890.955408275658,1866.405071573943,1853.6037182927282,1875.5060448224683,1875.7050436770594,1852.1760977564945,1870.7150281781062,1875.2755737874043,1867.416852270123,1890.808472789522,1864.619547830961,1885.263989039175,1870.1389478511908,1851.1462762664487,1875.7381383051738,1875.731845003652,1850.3849703381031,1867.7838034143467,1873.943468225719,1893.8130922975986,1906.04182892274,1882.0726164773625,1878.859218610414,1917.7319583681312,1868.73179067336,1850.7053870554807,1875.6788293757018,1875.713061485377,1851.0579200041332,1869.030372887949,1873.7350777249717,1881.1500847721572,1890.6345331347313,1870.3592062794626,1889.8403773183825,1873.5378182076188,1850.6182847619664,1875.675879374503,1877.680084995615,1850.510724515761,1866.9129542756427,1879.7363988661643,1887.8571349998163,1883.9919125190272,1876.6012534917872,1882.0970162419842,1866.4524953669722,1868.2508126156392,1854.6989915700292,1879.130370658217,1880.2841293925499,1849.355044230833,1860.8382651429345,1874.038302839502,1870.4621227830903,1884.812131330404,1873.678399693704,1886.223790951096,1869.115850167157,1844.312302608631,1875.7486011802653,1849.5930937112362,1874.0293340393644,1874.6628859587506,1868.1657142913361,1894.6139567542223,1874.8087956887946,1880.4777631908787,1900.3354532414867,1852.3460903109315,1879.4433261543143,1875.673526510963,1848.515006071004,1872.4261050187508,1875.5116376067197,1867.3408844188573,1890.6906011540652,1876.6622863542175,1890.4086809954092,1866.6469070476478,1851.887327535235,1875.8722779353259,1875.4496504626777,1854.948572106963,1869.6948634667933,1872.7446789500243,1918.7650485875633,1880.7072938419976,1866.9104369157735,1870.5683653777764,1850.8642402471517,1876.816749930097,1875.563377288913,1891.0814304464793,1866.2053065090474,,1875.6452655115008,1873.5143495589607,1863.1451033178428,,
PUNE,1850.9109213280788,1876.6615498917542,1874.8646825771457,1869.4613163634185,1892.6902537828084,1874.6249559540954,1883.1829612168303,1910.2335513224627,1874.870971818615,1860.3290253730243,1874.8949059178697,1873.8060267650608,1850.0977005690738,1864.4686164337627,1875.6164115200713,1870.3580569192588,1890.7807943011976,1876.6025767668289,1885.7448023808336,1909.3262504409633,1874.3210324128718,1855.9638771167909,1875.9300980831686,1876.0579316690494,1851.1089623215953,1873.5768773612485,1875.633052890873,1874.9545201965636,1888.6939250265066,1876.2602848852146,1912.8509164436205,1871.0934104812134,1851.7247688172122,1873.5943506028452,1876.5285503507523,1851.1899838904474,1873.4510022155068,1876.3248286905432,1881.8395688360542,1890.3842294211954,1879.0644661355707,1896.4074260392977,1890.586526237748,1867.8463152605627,1855.3175847224325,1874.9571579308201,1876.2212299539333,1850.3837124250224,1876.2066579444258,1873.7825895929886,1873.4299533800975,1902.3135293264104,1881.5665661584583,,1875.0130346035314,1850.4546964501608,1876.0303652457035,1876.4321358437055,1850.620465006352,1876.691631453336,1876.083477737562,1876.1836548871001,1896.3137516202823,1879.849075120702,1880.6798226228875,1884.847916409727,1871.9689666270417,1849.963579700853,1877.1329914953928,1878.370350907696,1851.3847237490954,1857.6027901726375,1875.2496594439451,1869.6313993925035,1892.6052956767064,1874.40288022174,1888.8038807691837,1874.4436523432496,1856.659092300282,1876.6083393510198,1850.245411342033,1866.293725987306,1872.6455613079543,1876.9380489852967,1891.384093987489,1875.2027778483728,1885.3133551342853,1880.3951910001501,1855.349012981024,1876.7803152394372,1877.0800588157158,1850.1120572010664,1875.0251847433808,1874.0172944109686,1870.0088216655515,1891.3862113615407,1865.640886496448,1884.4704153922423,1875.2960663177078,1854.5740019415791,1873.7829784740632,1876.0876954873024,1850.346045286275,1873.9667998959812,1873.175873652553,1891.1031289693515,1880.399447470297,1884.7544891213945,1875.020637391613,1853.4583837033647,1875.43275845484,1876.352901072347,1875.2692898511011,,,,1876.5918885990966,,,
RATNAGIRI,1850.966285755733,1877.0692733458623,1876.0122657334066,1872.0426937179936,1890.4288833663265,1876.5747156063446,1880.4143761232926,1901.770994717518,1876.7189189496846,1875.5369915561637,1853.7823780255808,1860.810271833175,1851.6659173178546,1875.7195002094538,1876.692171780528,1865.694697370075,1888.5002902156657,1877.0105413634053,1880.44192753839,1902.1043085214874,1874.2497338585845,1872.9438580343585,1858.5712448080449,1876.2712462358338,1851.1568529149965,1877.9420328097976,1872.4571388528248,1867.8041578822626,1890.4204252017307,1876.495832254739,1877.408277019927,1872.95843256056,1855.9422068859499,1872.6650413651264,1876.261945778149,1851.1239355746882,1877.4543652704601,1875.7956800395066,1864.335972825239,1882.806539810021,1874.823370410919,1886.057750806823,1894.8657403390685,1867.2620450917532,1856.2292063923437,1876.0099641965955,1876.1151252128768,1850.9761220710304,1875.2370291309787,1874.6675341661155,1886.5371524470459,1898.598018086633,1874.126836900192,,1877.5700383289827,1853.1363549089242,1876.2899536294724,1873.3159714101148,1850.992758066059,1876.4268081126952,1875.8439186306862,1875.4006277795615,1889.5944134214851,1873.1655874955434,,1883.5533122907586,1873.8546240536818,1851.4629242341407,1851.2178543614993,1870.659484492637,1851.215148427346,1876.1778054021195,1875.794271300457,1872.945373481815,1889.5733039721179,1875.0633625015248,1872.9202673336977,1876.5534957710408,1860.3523351736628,1876.3283919485384,1850.495897337719,1874.1728778349336,1870.7713781071598,1871.9198493844306,1889.4329400480997,1874.6994718751434,1869.8599863161028,1908.2400408798517,1859.301647262601,1865.5648782350895,1875.4519365121484,1850.5581830076985,1877.1462280707456,1862.4156127911917,1869.9861483915956,1884.830686950475,1868.2356257886267,1893.94088228554,1875.4390757008052,1856.9840961694215,1874.9424890433424,1875.75897985201,1850.1213395205136,1877.6471686375241,1875.726194631805,1894.5997065004449,1874.9004794967086,1922.0259176223944,1874.5773981140242,1854.3392671593247,1874.4723554515601,1876.249311673514,1890.0718469142275,1886.8714979959423,1887.702598280532,1853.1718572118943,1872.0036413721784,1870.708654765982,1878.1060267741566,
RAYGAD,1852.4631541322017,1874.2443333272367,1873.5387373864776,1872.8658164800327,1889.6465912302433,1867.5890772175605,1896.835902001854,1895.1784041879494,1871.3624993221704,1860.2379211481025,1864.6346584074229,1873.109744285575,1848.1490574415993,1872.9700075990459,1874.95535541561,1873.0925846328632,1905.986021542154,1870.4513279746275,1891.9126415289384,1887.8209232034408,1873.0180562521573,1849.76072790935,1874.6367245296235,1874.3222595569448,1852.1875096725983,1871.5447929001016,1873.894103705769,1872.0009426840602,1897.9401063689488,1875.5959919979882,1879.07058738618,1867.5292087901455,1848.9976141808029,1874.9513844924545,1874.8330089843548,1851.041731817414,1875.7308032660821,1873.7576637821626,1869.653445493529,1895.591013024015,1872.3266666950537,1877.099508941241,1899.676195866253,1871.0537288758821,1853.7181088267146,1875.009860567723,1875.0197539623437,1851.583286648736,1857.9671994586238,1875.0448663594514,1863.937534755322,1905.107878267484,1870.0042336825531,,1872.5241540464124,1852.4340777867483,1874.8995739249465,1875.0833655321812,1852.3583262794946,1862.9215138225452,1873.8752425522812,1872.5796460696517,1894.0144532619502,1871.7643903752182,,1866.100594791102,1872.918288992402,1852.343852832414,1868.1607845955862,1876.2174905383454,1851.0711787983291,1867.8572606176483,1873.326191714198,1873.0533433733049,1889.527349191696,1871.0483954868573,1879.9179988516346,1869.7391337484419,1857.4138120060957,1875.0164979068581,1849.8456610642197,1869.3191628314219,1872.4353614935146,1881.4068394707235,1911.1889232706965,1870.9079703358636,1877.941671403224,1899.7024982581754,1848.5373007950627,1876.949455881803,1874.30698816977,1851.0663489540966,1872.5702783870859,1874.0895355819791,1875.0006013180953,1903.048389864736,1872.3534883271175,1899.79115100769,1871.6258000456999,1849.6968102842186,1874.8965989801743,1874.372703208065,1850.9773907586057,1876.1090240635876,1874.1452506620944,1895.504126815171,1870.1281958196066,1919.1881499245662,1872.7236562864914,1853.6803796009094,1872.0005875632485,1875.0570147098133,1888.9347481502364,1910.7039071342922,1889.9535241676485,1871.8614317433812,1871.4551500223517,1866.03450178545,1882.0959946792304,
SANGLI,1851.4015888329911,1875.8942363376395,1875.0193718821884,1867.8767885416657,1895.9395812070843,1873.0267449707146,1883.8362491971188,1887.0570398944412,1873.7709728047848,1853.2533368864492,1867.105555372042,1871.1896737681598,1851.720724307083,1872.520790152454,1874.6572844265033,1873.706961381802,1890.5348808473593,1868.367462459158,1882.767892497723,1883.7622091244332,1875.2002850830054,1853.870130727081,1874.184079134693,1868.2747402361454,1852.2462416523083,1873.8902715661916,1875.8683074950716,1871.073336181946,1890.7793936819794,1876.693656434596,1888.098653028067,1871.2642360093641,1852.6122475929944,1857.118648208993,1865.9347317054685,1852.8125498696613,1873.2207964608294,1874.8787481595093,1875.3056368671262,1889.397395011026,1885.0159692717107,1884.6370266084446,1895.0185836983483,1869.630732723092,1869.5181810896906,1860.486548185482,1876.4789878547208,1850.9971360308193,1874.719574317738,1874.5593683111554,1886.0662691381544,1891.4240699736604,1885.6869980690226,,1873.0486774144258,1862.5993441558876,1871.3527696257736,1874.5812513232033,1851.9387787027,1877.1308417245962,1874.8634346912709,1873.7323257368118,1894.9042663983425,1873.0816545094785,1874.5726451735272,1900.3464917274514,,1867.2928829959317,1867.5839863273163,1877.1023506106192,1850.6552263908386,1868.9485261617535,1874.4305508526056,1868.908369592195,1892.028879354603,1876.4681447248863,,1868.297456705973,1852.77785096903,1872.706404202454,1851.1684693349468,1875.1496158873556,1874.7406743983672,1882.3698334047651,1893.7890271779709,1877.415679293515,1883.1310989409305,1878.4091216062805,1852.7583832723835,1875.5742833348088,1869.0838021269913,1851.453153146952,1874.4000108065586,1872.4986305584669,1872.679367883554,1891.9083374569082,1874.6517927014918,1884.377939610205,1874.0657075294826,1851.0422446035152,1858.8421316084464,1865.3527822832032,1850.9283818231233,1869.9992905187253,1875.2985405291115,1889.8229122775822,1871.5024090053412,1889.8007460584704,1873.1211687510765,1868.6637694689798,1859.7462500623226,1878.413872554782,1872.0931591511335,,,,1866.847675902573,,,
SATARA,1851.4096252488503,1876.6647284401872,1875.1841789544421,1868.6165420589741,1891.243675081068,1873.2269591912027,1885.1608514589652,1895.4881102577638,1874.5894190025217,1864.0465648469408,1868.0283631357765,1873.0985708282785,1850.816476866962,1868.0001975345538,1875.2575266004137,1871.086693165642,1891.2674999278154,1874.6718204574563,1884.0812376059755,1902.6169458521124,1874.379219912308,1855.3518306053131,1875.705329323968,1875.007528302876,1851.5090992015914,1873.3576115801256,1874.3329063813521,1878.5325641905222,1891.2852354267834,1877.8046011698946,1897.8096281063738,1873.3117632115445,1853.1819634841067,1872.4794859625372,1873.3462394214075,1851.4421705722802,1872.5281199680924,1875.3035945052486,1885.299520187176,1892.6165494154488,1877.8344777501118,1877.7705441987102,1883.3425186740983,1868.1279293228004,1855.6520034818084,1872.8523624283664,1875.866648571597,1850.9578667663568,1876.2937965876476,1873.043102487646,1890.2657033117414,1896.971631060831,1881.8076026728331,,1874.6460798634823,1851.3128047132052,1875.5962160506551,1876.1833744357111,1851.135395614012,1876.4666040768702,1875.8377711035173,1872.9217814937442,1890.6812026373682,1874.906298130559,1860.6752657173065,1899.155160511214,1867.5455684790754,1851.0194225014357,1869.3824094746112,1877.7476259920168,1849.9415419083628,1858.414849596481,1875.1339803259866,1869.5965521836838,1893.005207135667,1878.1404874590219,1889.5880410213429,1874.2893807174687,1852.2242280953835,1876.5993407001336,1850.6344504768065,1870.7082867272245,1874.0085105203632,1874.2992804788785,1890.6743913026567,1872.9363314071422,1896.8355838226462,1902.9792082814843,1854.526270408595,1874.4024970054709,1875.4354177086566,1850.1099945220528,1873.5371484695568,1864.7624111983016,1869.4702692494925,1894.5909710696294,1872.8908215477193,1879.396776932875,1875.95901278375,1854.4152686984878,1873.0789423946464,1873.5719571709271,1850.8358040386877,1874.0208377782394,1873.1609453275232,1896.1821017102686,1872.7429891457036,1873.9583357236925,1871.9502775041205,1853.473436514272,1872.114012755562,1876.3283402915463,1877.1134122729502,,,1878.120597164166,1869.693550655056,1887.0292154316262,,
SINDHUDURG,1850.1266478669045,1875.8509678580806,1875.5092382235462,1861.9538643083047,1893.121928791152,1877.079963969644,1876.464199775101,1884.7612054698868,1873.662807495987,1872.6315457825474,1849.1115818362082,1878.0835029381424,1849.297365744752,1872.0750387375292,1873.92312744139,1866.8577074406996,1888.400741926957,1874.827001242938,1872.7765381133481,1891.3208677176267,1874.1095150246604,1867.993031529935,1850.8457169388862,1875.9805057919561,1851.1703371588048,1877.7473401562318,1872.9447548813657,1867.569465765229,1885.6663289320243,1872.1200353144109,1867.6513555179629,1866.6141418624643,1853.849074331274,1864.9014025746346,1875.9086312077613,1851.1516968877108,1876.821232826914,1874.6311564534305,1881.9218461612288,1879.326703131556,1864.248985047143,1880.2851995287497,1882.429680229105,1876.1601282198403,1853.8041680018468,1872.3002162998462,1875.1171622275426,1851.098604395198,1877.5783430145534,1874.052955463498,1889.7468611178222,1889.6677200452596,1878.814118818802,,1877.0812891596129,1853.6733310250884,1875.254219290784,1866.4664738393667,1850.435602660129,1875.903646523844,1875.5009136718509,1869.277967566792,1885.476231914222,1881.58238640872,1867.5501968079734,1917.5526895387773,,1851.5724205949164,1850.3766542340245,1863.3979989370343,1849.893319365749,1873.600991547575,1875.5464600090254,1865.4403206250977,1887.6602590136972,1877.479132589055,,1875.6265162466398,1844.704367472054,1875.5328547275485,1852.0035359713295,1872.6769789294656,1875.7777505102483,1866.9406929362674,1888.8765769442796,1879.2638741432697,1865.7429459259406,1889.3423388384604,1860.2735259830401,1855.2412230710015,1874.7757171904386,1850.9863898446777,1877.8998980801562,1875.5805100637258,1870.5949762663636,1884.2700844446404,1869.146020435503,1874.1590763857698,1866.8995961537298,1853.9022678421366,1869.3491673100702,1874.5979391585352,1849.9824155234307,1877.4318106843307,1875.718509912323,1890.9176852237551,1878.3868441805178,1911.6824349868562,1876.3474983240667,1872.9659571433333,1874.8135484106708,1875.145234530529,1875.4389619751398,1919.621695161838,1923.036935736039,1850.6013022226582,1865.7959153349339,1901.8110394069176,,
SOLAPUR,1850.9403683870976,1875.1905388647451,1875.7616183868547,1869.2541712594043,1894.0973840336085,1877.8538053912594,1876.9888916758516,1902.6223990712533,1875.8837327272915,1852.4836978297014,1873.9962287144513,1876.3364191459357,1850.208128820237,1875.8093535266087,1875.8956505450967,1875.5277305443738,1891.8827788558156,1869.4605152864829,1875.5318590262389,1892.2477030173752,1876.2676254634812,1851.2881707650647,1873.9103365745857,1876.1327102111093,1851.3442632402703,1876.996512748171,1876.0966059640443,1868.0105465259185,1891.0769191589202,1875.315094529156,1896.0539855253953,1868.20487234229,1850.6819287404319,1866.1580270099616,1879.8257286199203,1851.6920148024008,1865.747345905768,1875.7059179684031,1880.5689632507833,1891.578795907017,1876.6810434408985,1891.8122684850441,1901.829686191865,1869.22839768212,1863.1828450757191,1872.2069223390802,1877.6186811034,1850.6148907477252,1875.0697410144608,1875.7199340577993,1887.729273082504,1889.2119807352324,1878.8953687200046,,1875.7685938564407,1855.8041855973754,1874.530411609433,1874.274911341457,1850.650638535578,1872.2436839451225,1878.9812898856756,1878.0242296596582,1891.1288805992517,1876.9653757859166,1887.73666375172,1905.5649358049247,1874.3224637797102,1867.8616248878889,1874.2394629199027,1880.2185114214753,1850.430270624199,1876.0162063850219,1875.9686563687362,1869.8689598389708,1891.6892361302398,1877.2536215414823,1877.8791078902073,1866.8088171493525,1853.4935811471903,1875.8401757844201,1849.9316741938098,1874.5742903873975,1876.665865361818,1877.486656393661,1898.0948033317093,1874.5531604943371,1875.1222096458293,1891.3085506620278,1849.5617526378726,1874.7274951430368,1877.5035357522002,1849.891524124622,1876.8025317072309,1875.5480986752434,1872.178025365426,1891.1365526247407,1873.6702384758219,1891.9016028450048,1874.579452107467,1849.530920303676,1869.024156035372,1875.646066297043,1850.7021007671692,1865.7421153809414,1875.6614053802773,1889.896869366778,1867.695817646789,1901.4651675537734,1870.110985291787,1861.056527387475,1872.8070049251314,1879.3721246861091,1878.7889224121711,1865.6873139275467,1866.6272395874591,1874.9531831068962,1874.3685940576088,1870.631497814601,,
SUB URBAN MUMBAI,1850.6807959869425,1875.3058780175345,1875.308025204027,1867.918294431334,1889.3089877786365,1882.103273319085,1880.1008768298846,1929.5928240950734,1870.6018939942628,1849.4176418548664,1870.3328558062562,1876.7725202978563,1852.7028336108365,1871.8493314084994,1874.8970203495142,1874.0659718480806,1913.883282381991,1891.9978436626934,1881.1745030369746,1913.32204322586,1874.7220772518617,1851.0909902666954,1880.21369017746,1877.413824959308,1852.8993379627689,1877.1058490507194,1875.3058780175345,1875.3131282469008,1919.8094135669915,1893.7969309153598,,1865.5768810493507,1850.1810528032847,1876.7687653802936,1876.8010471333423,1849.6775427294028,1878.052220044975,1875.306282352479,1875.6233917288166,1907.1112173854824,1879.9899385285642,1880.12563640639,1925.361048046799,1873.848595993837,1857.1532827509654,1875.6969614413003,1881.1879517247614,1849.6594051201587,1856.8298762820561,1875.3058780175345,1869.3438509100897,1896.1119745949527,,,1878.6964053126446,1856.4126327439542,1876.7783652299468,1876.9236591884699,1849.6905897445067,1858.6837700896942,1875.3395776429277,1865.9190561908767,1889.0142788307292,1877.9785891108802,,,,1874.4138202495824,1881.0512409328574,1881.8955582757937,1849.9330905744805,1871.7892064357975,1875.0186905508906,1862.8464291273087,1886.3712522719902,1884.9364254351592,,1868.2984409629232,1851.689633939827,1876.8004245025518,1852.4497729459395,1866.0176174732615,1875.3058780175345,1897.4578435687808,1918.2072756921823,1877.566923327026,1880.3034083082819,,1849.9987475755927,1876.755346749272,1876.9530683018957,1849.736589643577,1876.5232305952775,1875.3105767254638,1875.107027644668,1919.0093152063082,1888.6034157878678,,1873.453057977108,1851.8430899144614,1876.7656583309063,1881.7122294111662,1850.1337967079062,1878.9835034831924,1875.0967617748602,1907.3960594183397,1879.4857507976014,1889.290404007193,1873.9065281282458,1856.7366212088068,1876.7685943925196,1878.6953500984282,,1871.127644161046,1888.4438407911175,1876.7414346336095,1865.6395906326823,1877.3654136942216,1884.570666371917,
THANE,1851.924163859104,1860.719059700357,1873.0496566444745,1873.2877404112992,1895.9193503671775,1872.0242682437765,1887.295051589067,1898.7107375440446,1871.7870762425814,1850.8762247412262,1874.686057315878,1873.6694323533548,1850.4220158503415,1868.914002079987,1872.9574298236898,1875.8727020158433,1905.1080436520383,1873.9664738667277,1879.2999052285893,1888.627164977552,1871.9147919844663,1848.2468551270808,1875.8044472985098,1874.6598631036504,1852.0665532051164,1868.8707785825195,1873.1904857091329,1873.4599963018031,1908.6545427846936,1877.6684662702207,1875.6131888138937,1865.901649329834,1849.2106825416113,1875.0380945987176,1875.0240245796779,1850.5981317563103,1872.3533550580921,1874.4935985204665,1885.7738162995108,1902.283364669283,1873.401282112084,1881.057453024127,1910.836469583784,1870.345529901098,1853.7268063974225,1874.6624196084035,1875.961244276591,1854.0869819262289,1855.3425294924302,1873.820947129451,1868.8553053184378,1908.3386457071106,1872.2322500852717,,1872.9352485944473,1851.2713709486197,1874.7834169531548,1875.069378858447,1851.4412694858177,1855.82886714093,1873.8551508779124,1876.043578686852,1901.1662696494448,1876.1688821327023,1879.099551364388,1865.0159503143761,1873.8668388951694,1850.3577137282543,1878.171912321636,1876.0512954201267,1849.6458589092897,1856.452460760249,1873.312659514794,1872.3272474840512,1895.4549625481352,1873.9984832808357,1889.4970267956455,1870.8318707026517,1847.504385452008,1875.1000189806934,1850.5725310171104,1867.090492539418,1873.4007247365178,1881.031916120974,1910.8038437463879,1871.5810290694337,1876.5867220426437,,1847.9208621205776,1875.0740117428595,1875.0804852886963,1850.8268195070414,1872.7250636180731,1873.7032648739187,1874.81374895289,1912.2460832157135,1881.1602956779618,1912.2054589876868,1870.0661363802913,1849.1490216128072,1875.0316093043216,1875.7533484798464,1850.8974725557898,1872.6289240512722,1875.274970066231,1902.0172414246645,1881.0342931368161,1918.048062025284,1871.6579127776977,1853.1294435413724,1873.80557164949,1875.474226120213,,1890.358811340821,1896.64725359799,1875.0564158752627,1865.147799553956,1866.4032924043595,1881.4062498324008,
USMANABAD,1851.2653783169935,1873.6326875701975,1874.268328812515,1870.6534687052708,1891.7383274742278,1875.993485004496,1893.549856961768,1899.289432223729,1875.4702297093065,1856.8378591073085,1870.3016462272103,1875.4814963503202,1849.3583694593187,1870.7159362627483,1875.0981691179506,1877.3865405303443,1892.488025973781,1875.665231568599,1887.2996318938513,1892.7486421779217,1873.3219076277758,1851.5259474827872,1874.6467860402965,1875.5549572058355,1852.161937335724,1877.1452128134918,1875.5818992281665,1866.9253782720464,1891.2483400564738,1873.7667677782633,1891.5836218806887,1872.163922705507,1849.5876971747257,1875.6427446797577,1877.5234764545164,1850.9213266076026,1858.9003912836647,1874.9487181159548,1894.317316442266,1900.4552181112313,1874.4168669448209,1885.0903025990197,1873.7389548561484,1869.2443361669648,1854.2464047999351,1875.6146373518186,1875.7795140241615,1851.6116821687485,1869.4219236857937,1874.994482712129,1890.8854405512907,1889.8007561531101,1872.3902845308864,,1875.2109878860324,1853.5424260127963,1874.659440043811,1874.1854504815562,1851.5252306796046,1868.907317066506,1882.6608821095854,1888.5042632692432,1886.963032551983,1876.9571945482753,1893.6119699026342,1881.9185525939129,1871.8623300230272,1859.728599598172,1869.3392447028953,1877.4580142749107,1849.371346593065,1874.81044554058,1875.0132617672457,1870.0014297910068,1892.153941169684,1869.1192539390208,1888.166750024401,1870.5416870973363,1848.3722683480867,1875.4881357188735,1848.5286317560376,1874.9553522895233,1877.9795523742484,1872.7997254130528,1898.1421085154752,1875.2844460020453,1872.8466496503308,1900.8323033427293,1851.0102926692896,1868.226902871188,1875.6265808749836,1847.9705176577945,1877.024042102413,1874.887206524636,1867.2702715707658,1891.8039017056497,1873.3934982914461,1888.5060562482165,1870.6375452508441,1850.8482122696098,1875.286323935334,1875.5698068932247,1851.3917931302149,1859.2629387112527,1874.2426847992408,1898.9862370244039,1867.6592310099707,1889.7327469001186,1870.4477509441247,1853.581744326028,1875.4762078723304,1876.6948578271338,1888.1740502110558,1866.3110235151767,1867.0291907162864,1872.8941873860551,1874.1705170161677,1867.4739079455367,,
WARDHA,1858.0030980381312,1865.8960735894764,1875.0596089262585,1863.7256432434936,1906.554483141944,1873.8041202199684,1884.454705627685,1870.7094597379864,1874.8691082732023,1864.5263898997819,1875.6895916208423,1874.7912800952581,1860.2343813185603,1865.2940630398734,1874.5091320983845,1873.8167643107176,1884.2772648628822,1891.2238129376813,1891.8799673115927,1866.576864769381,1874.4176444027808,1849.443001518868,1875.5918000784004,1877.4994072621475,1849.5028633142822,1853.1598115646061,1873.6554723225283,1873.7691702559537,1895.5479393369926,1873.3804079417905,1870.0065535119002,1873.8364146435003,1849.9404550873767,1875.4383150443282,1874.9426605139051,1849.6856318891835,1853.4558765386103,1874.2869801423783,1898.9536355505727,1904.3386882006146,1888.8293782898381,1885.3634968848742,1867.151422171049,1870.5071873703291,1850.2075342276028,1875.379253559615,1877.1464939190528,1851.2437924314236,1855.973744771175,1880.4623280210499,1890.3886005957431,1896.0634813617057,1889.934675756817,,1873.926199738256,1850.484051443447,1874.6780510528633,1874.7778748437204,1850.5850547307725,1872.793278017125,1874.5433491917242,1875.9401251710142,1890.2249661825886,1890.1274134371226,1874.9058450050302,1877.3247235948832,1866.2452487029025,1848.981327519761,1874.9534331174984,1876.10372328977,1858.5177857862527,1866.8659256716676,1874.8521192571143,1862.4449070385997,1889.4664645804335,1886.6332372122536,1889.3982073773168,1874.5814142271704,1849.108112651831,1874.841485261103,1859.2164296784179,1865.984160080323,1872.1108431024538,1879.2024181066733,1906.4579030206376,1887.7868516966914,,1868.7178281060592,1848.9158746004182,1880.1784227313678,1877.9036943454773,1851.0653660749517,1851.9588135742536,1878.1009461943013,1874.700063869427,1902.2598410967441,1883.276886676345,1868.854671384035,1874.7150192090394,1850.6165369924574,1875.6048001881477,1875.349721413374,1849.7502970588578,1853.124535433187,1875.2811450658278,1902.8839671714804,1894.4569374902378,1889.3557447764958,,1851.1052680410808,1875.0051396124165,1878.4684857610607,1891.1967767327044,1907.4301901715685,,1875.3557062657617,1873.133040920982,1874.1840442093508,1884.9129439638943,
WASHIM,1859.0449786946938,1856.3645915966622,1875.8930594107903,1870.9703425742007,1894.477903595365,1877.4984305997118,1885.1867213115133,1920.8947098246517,1874.9109218153806,1852.959658876974,1880.2261430304773,1876.415475755177,1850.5617951497513,1858.3655244890904,1876.0160839778787,1867.1906971274923,1900.3888314645953,1886.5685458978905,1895.3587977715624,1910.1663439668228,1865.1471935058476,1852.343970078798,1876.3653850937887,1876.3780357344172,1851.6691947775264,1869.8158306756593,1872.6974098199335,1866.8697599437066,1891.422546365904,1884.675069716088,1896.2930847645034,1866.6664057371263,1849.3299353051477,1876.3810783905087,1876.3828675978223,1849.8330730792081,1871.3127300563528,1875.7192691361604,1899.4596668719141,1896.639399443713,1880.4458806828268,1881.3055955861373,1914.9402019315935,1870.3445445604546,1849.818798935133,1876.3086673187768,1876.3251020581897,1850.8549412231093,1875.7241780230618,1875.7286816691576,1892.9911788111904,1882.9851272718893,1882.3897646615715,1890.151871666307,1876.8728435777625,1851.020201150071,1876.3759131762301,1876.8593627779753,1849.9496591202371,1876.082736632909,1876.0956314960054,1876.30648089728,1886.0478032434303,1882.3032729162799,1889.111867023621,1914.263838066991,1876.954923346788,1855.299406446625,1880.1969956218668,1878.1478165533783,1850.2598430353116,1856.7997172976154,1875.7986514223621,1868.983032940887,1885.0878031465643,1886.045933449419,1889.490777881901,1866.5240735514808,1845.5001310036969,1876.3898193173522,1850.1101563379418,1859.690363845773,1875.796867696183,1869.5943015925782,1889.2080313886793,1885.4747342426706,1895.364888845018,1912.8991510321503,1851.7131103709594,1881.5184448291861,1876.2440640440118,1850.3277609707277,1871.419133179753,1891.6966607355012,1865.7665556408724,1893.6411377463924,1884.763109655955,1910.560473335762,1864.803541501758,1851.1291785022192,1876.1355551060178,1875.7172339800368,1850.8080781908955,1873.6233563795606,1864.6436899194468,1914.22314879502,1893.827274160362,,,1850.2935206980383,1874.53315420831,1875.8322251646,1884.17324109824,1868.512724779269,,1876.1393307891126,1866.7560375995463,1863.3246001988991,,
YAVATMAL,1863.9675995753737,1860.423648986268,1875.3011336767029,1866.7778908685766,1900.5188645009434,1873.0657060553476,1881.606653621083,1886.618294534467,1875.2833032105912,1861.2623689854413,1875.205637242129,1874.5830864477762,1850.8932905966917,1860.9241781762164,,1873.3771493420568,1895.380962074151,1889.9808490383552,1891.6015353879657,1886.6694127060314,1872.1257849865272,1850.167540542988,1875.7233746375364,1875.7591301318528,1849.8738169514504,1855.4199547673088,1874.5728531842678,1873.5548995881322,1892.4778091608068,1882.106660243409,1882.9289896562696,1871.435848541401,1850.4260682602105,1875.8203137664864,1874.8699893055611,1850.1098206354131,1858.6037758209281,1874.5275933819735,1893.8874418955181,1904.3712625769056,1884.8859483576364,1880.5943624189617,1866.7430887331548,1865.507829597342,1849.238345620641,1875.6215482730283,1875.441094694164,1850.9010339770082,1867.589940844478,1874.9639756733045,1880.9955406983552,1890.7030840103248,1877.890215304448,,1871.5379981196904,1850.1350113146448,1874.9630730965018,1875.5323243822963,1850.4837254018407,1874.9157974909758,1874.9967130221255,1872.7361788070612,1888.8626838837904,1885.5735175197156,1881.630074838243,1891.2568828046205,1868.6374774450967,1850.854113573267,1876.7198503497305,1878.3110226418253,1850.368300029675,1860.0691857121435,1876.015369212389,1866.6328904549687,1892.7337177267873,1882.7539810410096,1889.2925391848178,1873.7990473069276,1848.6130312343603,1875.5860645626547,1850.8228026965737,1861.4540094189035,1873.2284961609585,1875.4625829155025,1904.3347544081419,1886.7702035979457,1889.8465683699403,1888.683240373318,1849.176896060221,1879.0983693947978,1875.2426082657453,1850.3157721769155,1856.2953669881222,1880.0090755646909,1870.8167555883924,1898.885139646923,1879.2885105259104,1885.1724298212937,1869.5038974209808,1851.8641251708043,1875.9007220707254,1875.488530328644,1849.6053125338199,1861.896562827094,1874.6650830314793,1905.764911409357,1889.4648523293931,1889.4743160095952,1874.0982231670591,1850.9647703325618,1874.5800474756657,1876.4246263107525,1882.1891617145309,1895.9574890734534,1867.0548126253132,1875.0023618729615,1871.4481923930698,1873.7477630787293,1881.7883620700966,
