district,2014_01,2014_02,2014_03,2014_04,2014_05,2014_06,2014_07,2014_08,2014_09,2014_10,2014_11,2014_12,2015_01,2015_02,2015_03,2015_04,2015_05,2015_06,2015_07,2015_08,2015_09,2015_10,2015_11,2015_12,2016_01,2016_02,2016_03,2016_04,2016_05,2016_06,2016_07,2016_08,2016_09,2016_10,2016_11,2016_12,2017_01,2017_02,2017_03,2017_04,2017_05,2017_06,2017_07,2017_08,2017_09,2017_10,2017_11,2017_12,2018_01,2018_02,2018_03,2018_04,2018_05,2018_06,2018_07,2018_08,2018_09,2018_10,2018_11,2018_12,2019_01,2019_03,2019_04,2019_05,2019_06,2019_07,2019_08,2019_09,2019_10,2019_11,2019_12,2020_01,2020_02,2020_03,2020_04,2020_05,2020_06,2020_07,2020_08,2020_09,2020_10,2020_11,2020_12,2021_01,2021_02,2021_03,2021_04,2021_05,2021_06,2021_07,2021_08,2021_09,2021_10,2021_11,2021_12,2022_01,2022_02,2022_03,2022_04,2022_05,2022_07,2022_08,2022_09,2022_10,2022_11,2022_12,2023_01,2023_02,2023_03,2023_04,2023_05,2023_06,2023_07,2023_08,2023_09,2023_10,2023_11,2023_12,2019_02,2022_06
AMBALA,1874.4438816880267,1850.2160720153997,1855.8485353483227,1877.3283781232947,1951.894581669206,1908.07832664881,1919.1210224875358,1877.7255235352932,1849.9470449908772,1871.9229384380058,1877.8622686530734,1880.7373198386197,1871.2850599278004,1850.6203776561315,1856.408378386669,1875.8821583162917,1916.8028819694114,1895.3794123890693,1920.2465465878104,1866.0100446659449,1878.6557450155315,1876.676358103466,1876.4713436827599,1879.1767838700714,1878.0867280385562,1849.710055988916,1856.9136377639204,1877.1570691079826,1932.282983099214,1899.4322575154765,1916.3976251676058,1879.3138164637187,1857.108173416169,1876.4137667785624,1875.75053885852,1878.6266058277,1872.3769895166186,1850.34756782677,1862.3410516464535,1876.4249643722233,1925.9162129458257,1905.8497968313518,1915.7789858402177,1850.764228946134,1855.329859018865,1876.718010211898,1881.8102714275485,1878.5546406091657,1874.5460719242512,1850.8849269992759,1877.4391985499997,1873.9000260697549,2014.1831979454482,1910.1945673590085,1917.5731413646977,1849.9596268118182,1877.9222716696875,1876.092727281231,1879.0705756392251,1875.5772994622605,1876.7830283941803,1876.6616948406547,1877.60767153372,1926.9109903478975,1934.0018570333418,1931.9512454229323,1851.0102265905496,1848.1253247258207,1875.8439255698636,1872.5931232904973,1875.5728564473652,1873.1256169333037,1850.9015991611825,1856.7478926226138,1873.686435965966,1965.1902022544232,1934.5242274484292,1920.121656392311,1869.7763152950113,1849.9995335994295,1876.341040515035,1878.2607480045667,1878.6216113429111,1875.5944127748676,1850.3695454518083,1856.6676314348274,1875.9265789589945,1907.8595817738876,1912.9425507874487,1921.183821881217,1865.4710708724967,1871.9382863840844,1850.3615274171234,1881.1549108633922,1880.75766117843,1875.409100273425,1850.7127905384907,1856.365067635555,1873.0424558591612,1932.1394864034912,1870.2211332461384,1880.0949433175813,1857.9328554506053,1876.142602214663,1879.2937732327646,1879.101745330493,1874.018662345833,1851.587597512843,1862.6855369331424,1876.6322991265606,1916.0277747335585,1930.0567499185422,1915.4887294009018,1852.580895738431,1853.6522151717331,1876.5034712912222,1877.95548318045,1878.544444831891,,
BHIWANI,1873.554114165789,1848.0964484943966,1865.9914410630229,1881.8518056700611,1906.269762307283,1909.2437107955398,1919.7802905910166,1872.101554261532,1853.3838966060518,1875.6588909440989,1876.115739051968,1874.2379612451386,1876.9592544462284,1847.7199838513734,1872.4799188148972,1896.0936464625822,1893.08162198036,1917.9951682645797,1922.8746535907203,1866.648448397637,1865.2579451537806,1875.66042160271,1875.8766505118908,1874.7007751665049,1876.2607658947982,1848.378088369818,1867.0882071871931,1864.4400424144371,1893.565682917373,1912.9398426494924,1931.3959799459653,1871.5893887829343,1866.3330539680476,1875.360354920874,1875.1756957828675,1875.5887203876957,1875.7766900250629,1849.1286883824441,1864.8352626251808,1887.3760845732224,1902.8387326889592,1919.510640821892,1928.2178093364357,1874.7254659689322,1865.136115111708,1875.681933664993,1876.7307643022766,1877.085022730969,1877.306679336826,1846.2349941463356,1862.4402904473566,1874.1582548246,1901.4696606806965,1911.4692014398395,1924.8756982900197,1872.7149800522338,1872.5159546315554,1875.5215528426484,1875.8054259162013,1875.999874847965,1874.684766759055,1864.3322247103335,1873.0916969691548,1891.563247057993,1906.3978586873998,1922.280402488681,1871.673450280833,1851.450520711843,1875.550256222835,1873.5494451076286,1872.4462285203685,1870.6948532613176,1848.9900845524674,1864.6959748646334,1870.1054863016307,1902.0795024341141,1916.2999911087165,1921.4295223108404,1871.2190725656646,1853.138675724987,1875.6258141575272,1878.6307059805995,1874.720889306957,1870.7839820968106,1848.2379398154558,1865.9407336168856,1876.5250092279027,1906.3514014216164,1920.0915665147863,1924.4466982701606,1863.5858407725616,1867.8542912404264,1877.44540881272,1876.4363972921885,1880.3867520097856,1870.2699543640506,1849.2199998232593,1864.180967387185,1891.8693355676946,1894.332053990384,1925.2079682935232,1873.7786565245194,1867.6972779490475,1875.7611070818855,1875.9591412994484,1879.4435506122813,1873.3362058010273,1848.4597080186868,1864.1822112597968,1885.4862963095404,1904.182412853774,1918.2151274220316,1921.9729378107422,1868.8555012077427,1860.942941366722,1875.6038960736482,1876.0943901163764,1878.6399310718316,1848.6471920585163,1902.9732255665053
CHARKHI DADRI,1876.4220496960925,1851.1660006695256,1866.7402275478732,1876.172081107742,1908.5579834972266,1907.8378294368538,1913.9089147205232,1877.6837207957262,1853.4697395501614,1877.598286920856,1876.579789854342,1874.0674972107563,1880.4247755343747,1850.7305199367947,1875.7929712575694,1897.2460756099267,1892.6251478539716,1914.3502980089856,1921.5096134321223,1867.1014922170614,1876.5200984218957,1876.4104222145384,1876.2978071510047,1873.980285196555,1880.2209806240796,1849.9702718121057,1866.0906325008123,1869.0032618592388,1905.1374876933126,1913.0223596844353,1935.411285267866,1863.7586093555726,1877.5022208509974,1876.2531044591792,1875.308942373719,1875.9419390476853,1878.7685368968832,1850.6048103479823,1877.1535697616782,1894.5574031340109,1906.5991582071692,1914.818556601319,1929.6967987320088,1878.194119389334,1871.0058097348501,1876.4059323150468,1876.199208173026,1875.7670626037648,1881.3345892924672,1848.6936439481572,1866.1312435284758,1875.8366768048609,1899.6884637469839,1907.1833965851822,1928.9331019711678,1878.030707507446,1875.4627123753273,1876.3437349787357,1876.417795378957,1878.2631022426567,1877.4872356234478,1877.69434368092,1875.9764427287757,1890.4831623323487,1904.9353258762817,1922.8064398049275,1879.1824138408863,1854.0554090233366,1876.3246306241683,1880.1760325966936,1876.8080083262148,,1850.0373866222938,1861.9099756508076,1854.7795768659685,1906.768792714923,1918.3113409769658,1916.798059291524,1867.5408163481038,1851.7395952191148,1876.3849879031711,1880.1282317497555,1874.3110883674894,1874.9189070434436,1850.3669677678486,1854.6899959938282,1876.405439391702,1895.0127619709167,1914.3462896498315,1917.9824485844877,1863.9601197308955,1879.3817623658829,1879.2485250900759,1876.5699053378667,1881.5381477357153,,1850.1567311477972,1875.2673270868129,1893.4058937316377,1895.1935511567647,1932.4956317764495,1867.032573717277,1876.4291803536903,1876.380706343747,1876.2725024279332,1883.5312057102833,1876.336679515519,1849.776039867764,1871.9797336619972,1892.4957246813674,1913.2747045736096,1918.9828957089835,1920.1292080777064,1878.3247265906582,1869.0362147942212,1876.3910999611833,1875.974352311708,1881.9974845973138,1852.1152957389256,
FARIDABAD,1874.2750884590293,1849.8693554117604,1877.2981404533737,1871.7651344805308,1938.4938030351564,1910.9478735577527,1927.1550582003003,1874.377929957684,1866.341143858963,1876.3071319756314,1875.7346348737078,1880.883541513477,1872.8325395199927,1851.9095216499202,1868.537023373209,1874.6572287343265,1916.3449832751471,1914.8040446956454,1930.1178070508622,1873.3846660461984,1855.0557019728856,1876.1418055230904,1871.9649428123669,1878.9501483166175,1871.5776021217223,1853.783412099736,1863.6401252441763,1874.3036527584622,1916.0619815905416,1919.5955592508014,1923.3937951170067,1871.7944170235533,1855.3007443517597,1876.1728757587407,1875.6421179108634,1880.230538427674,1875.058281108298,1847.909477710848,1869.1942550915712,1872.841222410801,1917.9047815773638,1918.3549281791268,1920.2325208539257,1865.9397245772727,1867.1051852586108,1876.2831539100825,1879.3449989016008,1879.7704210484062,1878.920502323538,1849.7314027816694,1869.907680625119,1873.6372359495888,1900.9112345492254,1922.2126081862687,1918.8478975286491,1865.1634966647568,1873.7181328220063,1876.2271229926837,1877.1789468988904,1880.2444389613463,1873.034683129084,1876.849415262519,1875.3016535672084,1920.6649620665114,1911.7020297137512,1928.101820362034,1911.8624695296544,1866.636848445397,1876.0726649583803,1879.1561040305467,1880.3344920441373,1878.2694911050546,1848.284584087554,1871.1565841901865,1871.9237849947353,1933.7701512118083,1916.783820442466,1932.0618866235484,1887.7493707542642,1870.5056715151907,1876.2340980648028,1879.4111248902234,1882.1404492468262,1876.7692114290805,1851.361735261831,1867.4211764072882,1871.6022368224822,1916.2247285373753,1923.009728859219,1930.4248598022557,1872.0764223578153,1855.526539261417,1875.9240611427792,1879.3434018459347,1874.6261302725395,1875.2012042249758,1852.6221139499105,1866.3153590611498,1873.4627026509663,1915.0683925458356,1925.0150015626264,1873.8758491064566,1852.6839853859155,1854.8300845335814,1877.395708255065,1877.6146942704395,1878.4719767774386,1850.5350151545385,1871.0686539525575,1870.9279520864895,1908.011930555054,1916.3725888687682,1921.503262161615,1864.4123871726429,1867.1703139385143,1872.5064292086067,1876.278240565086,1879.5926189399545,1850.3005775843692,1907.4495686786506
FATEHABAD,1870.0238893543253,1846.131943320346,1850.4528593922728,1876.4232811295087,1909.9112095564585,1908.1427016354246,1922.6460444867816,1868.7230427282982,1856.3686995599514,1874.7692658665542,1875.515860408186,1875.7566243543695,1868.754069666183,1846.8258235157912,1869.7831283912897,1873.4347080328685,1922.5018513292762,1918.4077433953653,1923.7865099735284,1876.8830841580457,1855.4096375486674,1875.04223068463,1875.8934656034037,1875.4346476714998,1873.788439451577,1846.773185736934,1871.8390002177634,1869.921862392541,1946.01755393635,1911.129127575404,1919.8750972749021,1872.5902153628792,1851.9968088342596,1874.8641923907826,1875.3735449070814,1874.9115860778056,1868.6144154495773,1847.003860025878,1852.7006665500494,1869.7530398941694,1898.03106637323,1914.4269698798057,1923.734424682682,1870.4282579501107,1846.3055309705844,1874.8709555954301,1876.3594019180289,1875.2765701323026,1871.2791767411843,1846.8701724217815,1851.7235162649151,1872.1695683661158,1910.0277989683286,1921.3129466734324,1917.2233778540367,1867.9301202852882,1872.6775102637366,1875.132193061199,1875.32418275809,1875.3264959995597,1868.5414548036892,1852.0683632593966,1873.561532458166,1898.326688955583,1903.0679652261667,1923.2158291162432,1868.622294383835,1858.8780260406827,1875.3894141084352,1873.2621699885456,1872.870923745876,1872.0612815844415,1847.5747604576532,1855.3537370188747,1871.5815235171283,1910.1886449098733,1905.3284735930788,1922.947852411263,1871.672565742961,1855.9155048226498,1874.7631876328421,1875.8145417599287,1877.9296878633563,1870.6667499606742,1845.9233933510993,1871.0319772797138,1872.4427596215803,1915.6362643476157,1922.9582673055595,1925.9064943686326,1889.3410859423216,1862.2279459411734,1873.026117610505,1875.4952350638218,1877.1733146915124,1871.4036967121626,1846.8994421420907,1853.1558146031762,1878.3985576244047,1910.489538938703,1918.4587903560553,1872.0733927998326,1851.4820075600383,1874.68057718444,1874.129920842013,1874.9348605106088,1870.0217244782564,1846.2446310630971,1849.6788381044325,1873.1622959302358,1909.3736280279488,1925.7746579731174,1921.8271399031341,1873.3395021973213,1847.0850638143427,1874.993891193535,1875.494396089886,1874.317297284709,1847.1295844750355,1913.5550355918635
GURUGRAM,1867.3790584245044,1848.8233656859204,1877.6451748026439,1872.2920396869781,1913.8666739651542,1912.6044846267262,1922.1854263371201,1872.6737623048518,1852.4497328502052,1874.6809931756595,1874.8727802415747,1874.4355455341088,1871.596015610553,1848.5623273894532,1850.9493653790266,1884.5554624369638,1901.886857553083,1920.7709606831108,1927.6989689138256,1867.0371688828004,1856.5943141110938,1874.6713137063732,1873.5710816236674,1874.6072304543789,1872.4811777512632,1845.546961097611,1868.4408052212568,1872.207782003293,1903.4664545003131,1921.110372072167,1926.3672463946923,1869.6456877335831,1852.4037208458346,1874.5739381439303,1874.6717244744543,1876.0050266932149,1871.8526382422776,1845.4146659878115,1870.5139310852,1891.8804642761643,1908.5446076607025,1931.3991508670795,1925.8731755926933,1866.1155157563253,1849.8011760153602,1874.5878065066818,1874.800702811988,1874.5624452102777,1870.7884437690734,1847.2876395136313,1869.224541865804,1892.72282481184,1888.1240211758097,1927.1625890648593,1923.439564418237,1876.3757659217097,1873.988206811164,1874.6847723625401,1875.14423301687,1872.3963167735258,1870.6656202706738,1876.3010458761544,1874.4083729546046,1902.3602707904988,1907.8395242708348,1922.048344342003,1875.681372040429,1854.2280829166637,1874.6794288787482,1876.795098036013,1871.100438278084,1869.6660759053934,1848.6711532072325,1848.8750046986083,1870.077846688135,1911.7689674200622,1921.4871060013656,1924.0578141364235,1872.0251329641446,1849.4645000557773,1874.6802305330873,1876.5545988027902,1875.1038387481485,1870.867421032555,1848.0143358052105,1851.4132040461418,1873.3196682693797,1900.9621449666859,1919.4953417832073,1932.7014802054796,1872.7315712175437,1853.3662760330876,1874.299264320511,1875.110689850074,1871.7593871633412,1867.4533674694205,1850.3552249588827,1867.6615643544637,1888.810580103297,1907.618628531856,1924.8550801048084,1870.3516139619637,1850.3388876887154,1874.7093831231673,1874.746915561706,1871.493118369588,1869.7310315797934,1849.0262490682053,1869.6801138750902,1869.8690144860793,1914.3967663040562,1925.5211132113097,1921.499394294345,1865.8922129137895,1849.220701311336,1873.8090507404422,1874.9531255129928,1871.1920349030338,1843.2826984533524,1917.3557213985616
HISAR,1870.3750990625024,1844.7512420450043,1856.8308844840626,1881.730766976297,1907.2510392356771,1911.1704217982385,1921.5909336259353,1870.6652365699895,1854.2045986694284,1874.91752986853,1875.2325439255453,1874.5483497217733,1871.9937121562718,1846.6778323475378,1870.8112545008348,1878.334625962102,1901.555969594324,1915.8140412947698,1921.3993480401602,1872.4023495012357,1860.4333618894511,1875.068989121662,1875.2179433178508,1875.4520703609926,1873.6471828087049,1846.6283977240691,1868.7766259715675,1867.5434881816666,1910.9746365499018,1913.049946510609,1924.3237935467848,1874.7127029932713,1859.3734264261907,1874.4708673234686,1874.6244749574728,1876.2133821366958,1870.8097630115842,1848.6528041360314,1855.5290508949713,1874.3002794323866,1903.1201504486633,1916.093066857195,1924.902704816685,1870.8704325870783,1852.3827954745025,1874.0787536501941,1878.013185151577,1876.03630704642,1872.2576050800399,1845.3851692955927,1856.8988443250173,1871.914431752849,1936.0314223676396,1915.7031388097416,1920.4205168916426,1870.92600865415,1871.26880745681,1874.601377669921,1874.7721765143565,1874.208487163456,1870.6753175128886,1856.6246147705672,1872.7070819351418,1899.4954060393227,1905.7746851709576,1921.1780452239436,1869.4385107934158,1851.8819862725134,1874.6791948573944,1872.4131964630358,1869.6790960348198,1871.0560747109926,1848.1652048948665,1856.7511763284076,1871.9286564797314,1906.944148349985,1911.9207869510778,1922.6706174633155,1869.7705979431335,1854.007494186132,1874.9650839971378,1875.897772854857,1876.4156566441623,1868.9181724291786,1845.5639838914362,1869.4836692262977,1872.9929331006358,1903.660856098032,1922.0641455001173,1927.5635254108477,1872.9716038753538,1861.023811883455,1875.6624998528857,1875.4729104200208,1875.982355516716,1870.1564290876015,1848.0575968674514,1860.451975289817,1887.7015697371503,1895.630598051792,1918.6624227617622,1874.7539288601483,1860.3847600291201,1875.1587087121152,1874.7920344573315,1875.307006704034,1869.6922265773292,1848.5960892169771,1854.0825886619664,1874.0765960765011,1906.0323873709522,1925.3654953049954,1922.6912084591518,1870.0178969570034,1850.5479238271537,1874.9354184751212,1876.0699509991318,1874.7282762451564,1846.9573530257032,1905.785458524206
JHAJJAR,1874.506143846192,1848.100329400782,1878.181678913916,1875.7703830364133,1916.0494164581783,1903.5203715605924,1916.4740191453288,1875.4930132757693,1850.9042834649406,1874.7111577848557,1876.4132130264895,1875.0029902479123,1877.6306848392676,1850.129135242562,1863.7392506935905,1884.0083022698914,1894.994727491671,1921.2991522935852,1920.9838575554516,1865.6427000690326,1874.6683781576753,1876.4487449561823,1876.361279802174,1876.3892168697562,1877.5370515002046,1849.1719219635368,1868.472511022169,1872.8700688770966,1911.8775836779425,1916.526377358839,1931.4522569568217,1865.323177590312,1872.0059741172138,1875.9544870889827,1875.514724543145,1878.3193744025436,1876.866310356106,1850.5577775433717,1873.422019796528,1886.350491345778,1902.323338978309,1923.4298004959996,1925.376829319,1867.4575377612668,1858.5369234515936,1876.3434374036287,1876.1784579378477,1878.2815473412866,1878.1013073635697,1849.772307019515,1862.9790443279246,1871.8922364743516,1919.4005512707836,1912.8466690149075,1925.0846572200278,1879.0487800781668,1875.486761678221,1876.3202657288784,1876.2752459373721,1875.9212211625422,1876.4095642129716,1878.6631695143917,1875.0646242457872,1899.6273750474388,1906.696434689351,1920.8915167472287,1874.9033723198563,1852.766066138221,1876.2212759719362,1880.140517822539,1875.1071781756004,1871.6715373692539,1849.7114117113877,1856.2714345248658,1867.3030939006785,1915.783768968772,1922.1450084443125,1918.7987485818787,1874.8800304465235,1849.891068373893,1876.643057749655,1881.2448355844833,1877.5965651933304,1872.166465874274,1849.9478702133533,1857.910776384394,1874.6184400374343,1901.6930292531333,1919.0019521068575,1931.2462795884423,1866.9067862111517,1873.233667787824,1879.4817377929353,1878.2412557385128,1880.5685955735007,1871.2900636621612,1850.5393078014345,1872.4062843253216,1894.7393445872033,1904.9493587099626,1925.2243267819854,1867.6727288756435,1871.624445182934,1876.354850787703,1876.3748705633568,1879.7951098950782,1873.9017693579897,1849.9510465393014,1871.4751316754384,,1918.8042022934249,1920.6788109874024,1918.7955950845896,1869.4484763178684,1856.4201219519862,1876.3372991013307,1877.261468400888,1877.6316271213657,1847.4521457042893,1915.0661084375572
JIND,1875.6887179976911,1849.7819777838442,1866.633833157788,1878.246801454145,1909.4110157111938,1904.4264043732444,1925.2659466737027,1873.9728128921638,1852.0482554830287,1875.503304356455,1875.6263986117353,1875.6886921596476,1876.031747402256,1849.8973058880542,1860.4895493656247,1874.433159726499,1899.7788879978098,1913.1673551119964,1917.86732234749,1867.7156147164849,1876.1391707395208,1876.1284274504749,1876.4666048650924,1876.4348300566633,1879.0095977426488,1849.5302558205515,1870.7639750787087,1863.03670109814,1910.8089360859658,1916.8334658801793,1925.4958836490487,1872.4636443167824,1874.0568420367151,1874.4903386237463,1874.3005696218552,1878.8646940724782,1873.9046112004141,1849.5984489767397,1872.9634040312865,1874.415460335287,1923.8505567671612,1913.6156536105136,1922.0941501716839,1865.3009213392986,1856.084997243541,1875.8781425078137,1879.953354565566,1879.483485225056,1877.1556478775797,1848.776747511658,1871.684216018072,1872.1094772563617,1983.7273381486975,1905.981219764784,1921.9505964489042,1873.9589247545073,1875.0576566894056,1875.134383118136,1875.0539537758432,1873.999452875637,1876.0604707423263,1875.1725434823775,1876.9812631164398,1912.4779716442185,1910.9497536547801,1921.9264462565552,1865.6081207997154,1853.9128254777836,1875.5365965010703,1873.337655479282,1875.6351161818425,1872.9468585386655,1849.6125609620422,1856.6880926082426,1875.7263274726029,1915.7431748276447,1919.878890109293,1927.8554772273783,1852.6258706519845,1850.9303979376161,1875.827555231786,1881.2230118127054,1881.1349777741254,1872.549567548416,1849.8831150499047,1858.2993021165182,1874.1394971430236,1904.3532730066781,1916.2566249698414,1935.7751156903303,1866.9773291825538,1876.4370782603473,1876.7596515580387,1876.111281945015,1881.3713508616022,1873.9988080421206,1849.9260659055783,1873.0894230093486,1884.3653974787453,1920.2551422001177,1919.1065576977367,1873.0792076417906,1873.3847667655043,1875.4059443337296,1874.650889180537,1882.4495761714052,1874.3236563446383,1850.4021831289638,1870.6639643928743,1874.6465436481494,1916.5736708080476,1933.480785283535,1918.9863139339404,1857.2976784274988,1856.069929003792,1875.450608962998,1876.1533897639085,1878.2210550625757,1847.1882711539288,1912.965372107657
KAITHAL,1876.6370704167005,1848.0593538556973,1857.3545094670912,1877.7396373658487,1917.6433435538095,1900.1325573817003,1928.525064506003,1875.610484387511,1851.2200740365033,1874.6055300178118,1875.8817248188695,1878.3337725008946,1872.7161662629649,1850.3199206038896,1857.0535427205728,1874.6388267360746,1910.486574060765,1904.0342915104156,1913.4818050271479,1867.9047434674778,1876.4526719117764,1876.1990657548615,1879.777055566463,1880.8989641112323,1879.402748680884,1850.1328037741373,1864.762322766932,1864.0305357880436,1921.4078870271144,1895.6478107212897,1923.3028392893277,1878.0775638327102,1874.4845535835639,1875.4879355308437,1875.0129580973442,1881.4884127559353,1873.4326028902774,1850.2030355958846,1873.1785618600838,1875.1781486914804,1923.3589660553068,1916.711656589409,1922.015149702368,1855.5658105928742,1857.2471421858775,1876.3723972350244,1875.3209108014041,1881.8591776816909,1877.4211994571115,1850.3236549916387,1874.8264467366225,1874.5280549697009,1996.5473190185621,1901.0449343892235,1918.9234381256651,1873.6390143693675,1876.3433742536167,1875.4039918531817,1875.359745419857,1875.1106160792249,1877.414011341229,1878.3347930430407,1876.6610043515375,1927.2112709993853,1918.0609479947364,1926.9437729753768,1855.0176231727587,1853.935728600069,1875.7821598147216,1874.292321339134,1877.0047812190776,1875.6211572939678,1850.6280634406514,1856.9425530255694,1874.518235163896,1918.2239146252923,1918.6114236962273,1924.206373552211,1857.6281157359429,1849.0573442571153,1876.063682587032,1882.196417529311,1882.9148605113053,1875.946242196985,1850.702305659521,1857.0341400388343,1874.8480297743959,1906.7875926543472,1910.2546954976365,1927.070073276864,1868.0607991344077,1875.6349370804828,1861.9207759469398,1875.8832517954193,1882.0456842994504,1875.685792919806,1850.333643955043,1873.8380672186815,1878.7779575659033,1938.3122819373457,1908.4106715782602,1878.137167935793,1863.5439043095673,1875.66183961651,1876.9647807633728,1882.2170779231365,1875.9965587377144,1850.7131242766332,1864.9335125007342,1874.9667515203698,1924.1728132935891,1935.4392587843943,1913.1130603285428,1855.4391893468373,1857.2267409828653,1875.7214906448453,1875.83361026391,1878.617620009903,1845.991638009609,
KARNAL,1874.364791298826,1848.979606820226,1855.7633101688314,1879.6058550347793,1923.8555252161034,1905.6575038521773,1928.1835071534852,1876.2464818456103,1848.2907421516684,1877.3718648181214,1876.3799468803863,1877.5056421753766,1870.9218600405668,1849.7493830802046,1855.8106959018335,1875.4420487548311,1910.175434768908,1900.5176521414603,1914.9310688912622,1866.0256914387328,1873.3946432713203,1876.457466100403,1876.8082746090436,1879.595479277731,1877.6501037814066,1849.922580961288,1857.3610163138305,1864.7131117861845,1922.113716696888,1898.8387312125235,1921.2539278860702,1866.8863737175857,1861.902869366566,1874.6494763840024,1875.347676782339,1877.9461760618774,1874.5656349135954,1850.5471707770566,1871.4878860487713,1875.8048198534918,1925.8612964550896,1914.349896279839,1923.0718004060416,1870.5362873155545,1857.209538043934,1876.4411656854447,1877.005002375617,1879.5923533383484,1874.4617968009347,1850.6053568648406,1871.3273941633483,1874.4459030736634,1967.623481189935,1900.92105005114,1919.0798374518304,1871.7092683673263,1875.2153311246543,1875.9460575368173,1875.7703299215686,1875.2061878802663,1876.5002558913388,1872.7484677689176,1877.385605096222,1923.2148251426759,1918.8399412782942,1931.137896623053,1857.087272592495,1850.9864353053417,1876.2426925157124,1875.0522990725624,1875.3363785884274,1873.1145787141297,1850.321987868057,1856.395744273713,1875.8676062841253,1922.9464746588199,1919.7197434098014,1924.3033652147376,1858.5061642178068,1848.7722286681867,1876.5283694223533,,1878.4170144408217,1874.9126543908415,1850.2265429044483,1856.2612018800519,1873.77881421093,1906.1759907074959,1907.7842738998504,1930.3509825263661,1865.231836920036,1874.4209641321345,1865.9790379002022,1876.55606897121,1881.4359312994814,1874.0051482239896,1850.0750176962458,1859.2647592606959,1877.7538396070725,1929.4028295723922,1913.6334184159157,1868.1297095891812,1857.908733754541,1876.3451711188923,1879.5457488734648,1879.6117706695545,1874.051281936163,1850.124231128947,1868.4524752058414,,1914.8836955859936,1924.8560634096955,1914.9662704897041,1863.908865526217,1856.6568317274055,1876.1988291020996,1876.2522399499767,1875.3005071001105,1849.2488899219882,1906.8596311564022
KURUKSHETRA,1874.9578386907197,1849.412410425589,1857.444140989845,1877.9242719834926,1962.6306169672953,1905.7706391927331,1923.0440948848923,1878.7787584187668,1848.4120907103802,1874.5770159280403,1877.109147566857,1881.6620649726867,1871.393291362752,1850.5051718264035,1856.7330199157568,1876.526390731492,1918.4992457974859,1901.5264707586932,1918.1979343464739,1866.0568835706179,1877.2932294850584,1876.5973049554013,1877.8078643468705,1880.3125543614829,1877.7224951899843,1849.8426255450552,1856.8436436013344,1867.2016357304285,1929.6384984288613,1895.9137948417517,1924.1768527764973,1876.4984855349908,1859.7040074609647,1876.4450382600216,1875.545935544623,1877.9550402112084,1872.9677450337267,1850.2242812101474,1871.2477415415103,1876.7967117224907,1925.8472600241323,1904.1273500635957,1918.0299494769854,1845.7985782917542,1857.5204082603398,1876.6297999255587,1880.1655487427213,1879.4609779339264,1875.1760872080795,1850.4799468096853,1876.0136357859715,1877.8726509607786,1998.3273286653011,1903.718993116144,1917.8694894693626,1853.6518388613272,1876.383920651759,1875.778035778952,1878.5449802730311,1875.9659005144129,1877.053879811975,1878.0826886816478,1878.482640126013,1934.6837349382176,1929.3993308732381,1935.6883513238386,1844.3708490081967,1851.0002550078677,1876.378657318671,1873.110031049829,1875.9520715481287,1873.9123314506994,1850.894996838621,1856.9657309402846,1878.8985551070277,1940.377991948791,1927.485883390481,1918.5925129098066,1855.6605618924345,1849.2851510879048,1876.3987783681043,1879.9160516094116,1879.261087162053,1875.898147693957,1850.3894630293692,1856.7745619602606,1876.3959936166464,1908.0996828140126,1906.2171596193734,1922.9551624396167,1864.8290270943576,1879.7843501185093,1850.326512741271,1879.1228108256876,1880.368177806506,1875.2069050075004,1850.8338633613484,1858.204128554272,1874.0471910227072,1934.414863510176,1875.493468159567,1877.639297351006,1858.158188698943,1876.251361322166,1881.0597196812853,1880.2640645551678,1874.5549453418844,1851.181806891499,1870.8938843554201,1876.8889701708167,1919.7260630088115,1933.3211525713696,1916.4375821402075,1845.779049993767,1856.7243275971202,1876.511631298955,1877.658963740595,1877.457763329845,,
MAHENDRAGARH,1875.765340727064,1851.0926839972512,1876.8280507119296,1877.0078390893468,1898.4802662533862,1906.681524745955,1911.593872759295,1879.421122834902,1852.8512859565783,1874.9637088647496,1876.9956448147468,1875.6264790504692,1879.653085057416,1850.5104578111966,1877.206001372216,1904.3581165763183,1899.0728346586984,1916.007188987708,1923.8773265547773,1867.3765121980543,1877.2485307242416,1876.446828888947,1876.6735475216276,1875.2470085010225,1880.3461586262385,1850.005019001947,1872.732752947737,1876.3227917529782,1904.787119941914,1915.9384936676497,1938.2695069853578,1863.4132065250192,1878.2374700571838,1876.1359619157179,1876.3435542332577,1876.0569318890634,1880.2161929500564,1850.5796673659136,1877.203199450113,1897.5383515171739,1905.1452758684568,1905.652341968099,1935.2160843974725,1869.9604233276384,1877.00230303706,1876.5277561282662,1876.3995369788265,1876.4507986685537,1879.9695933121518,1849.8735487273102,1863.6375257218363,1876.317073385068,1899.498847489708,1906.2758905159953,1929.8590733217143,1879.1509920649048,1879.202576116495,1876.4705248811335,1876.4800647276718,1878.954463397546,1878.4364382583572,1862.029753753359,1877.281950334319,1892.5526033708065,1903.6935968537553,1924.1459930331434,1880.0384304637612,1861.3104051389435,1876.3246491048942,1878.933754021538,1876.4807142107927,,1850.0190103734267,1859.1226892562022,1851.860280438579,1900.952821725377,1924.3809101238555,1914.8169003139833,1866.2887105651566,1851.513123922818,1876.532500143715,1879.801399575344,1875.589101791442,1876.3668212071918,1850.0618277482106,1868.6377165224283,1878.2002746146586,1894.0662728988605,1916.2018038768977,1915.794732374093,1862.9778653347576,1879.391589685104,1878.7953687705435,1876.429851359592,1880.8403333821204,1872.85984386838,1850.1531050073086,1876.790777428527,1897.4271545951135,1899.5418106638322,1926.8484976164889,1866.89299661843,1868.3949956663043,1876.5034477487889,1876.4130425424323,1881.4066629221848,1876.9745979104969,1849.4270152096597,1867.6571893445278,1885.0063036731126,1911.8167255901278,1916.5150738117932,1921.7323100325718,1874.3230025035368,1876.0799486879575,1876.5039871305999,1876.3413630010957,1880.2950319702827,1851.7493913902028,
MEWAT,1867.031908176784,1845.8950592810306,1877.8111042984217,1872.1770912413522,1910.7607971192228,1916.8338904630743,1926.4200329055095,1872.6559661534704,1855.4998961286913,1875.0134324123717,1875.022717417579,1875.3574334905602,1870.2774801253997,1848.3165948596113,1854.9621392785496,1874.4444348857403,1900.3599189851273,1918.1091369180563,1930.2187655720504,1870.3856308732738,1861.3036332058111,1874.6224880570398,1873.0502522184013,1875.099504417418,1870.5391017605668,1847.27467064551,1873.2110399889032,1868.8792152998378,1904.8702770266475,1916.6195306231384,1931.1250093822778,1870.2145026435544,1848.1256328090856,1874.6325576656639,1874.886479453666,1876.2404130011905,1871.6655612866402,1844.6366470696692,1868.8064245830753,1890.13402415996,1907.2630087823575,1929.0033642803996,1924.0574754174038,1866.5904062768839,1851.5491251275118,1871.182731974438,1876.124063918654,1874.886082005993,1871.7744834685907,1846.107670286199,1871.022584197396,1910.2197359476693,1897.2056754301107,1923.905352617386,1926.0420295800304,1865.9309352779812,1873.8881883545066,1874.469862768899,1875.0163438506938,1874.1373685031185,1868.5878331876656,1858.0375300242438,1875.878919466973,1901.2037386746888,1913.6802348155056,1922.8420255019678,1886.0428080477568,1862.2610299773328,1874.2352600578722,1877.4733332375306,1872.0842412905092,1872.3716812015057,1848.8416650290037,1851.4516659973392,1869.2186147306165,1906.2567914262836,1918.3637774046063,1926.5140492520566,1875.7061023187964,1856.6591398435648,1874.687188455751,1875.3319641367839,1875.6453804111716,1870.7008373612196,1846.6853172168594,1857.1971179736063,1872.2182740826527,1904.726684616427,1920.1876348377866,1930.9913670393578,1870.830805190762,1850.1131682093117,1873.7301354387246,1874.5497320396123,1872.009623300029,1867.7523688842318,1849.9076386833756,1866.7822795568163,1890.5181589179463,1904.885957953571,1928.4898996022032,1871.5659145235172,1848.3784759094845,1869.748456820827,1875.003385611883,1872.0868165112784,1870.4573485237574,1849.5055114829606,1869.2123439762051,1871.2141487072229,1905.6846543795032,1928.0793532874675,1923.2589547074408,1865.4773723006467,1851.4508346850616,1874.2678171776759,1875.3626605558002,1872.0059039342104,1841.8834793210845,1914.5247717843602
PALWAL,1874.4302994660047,1845.6944430480755,1877.5348422594554,1868.5486645900162,1933.7991387230359,1912.8909314705259,1932.8507554853893,1877.2620436642917,1871.0694765859903,1876.3360922864736,1876.202314555339,1882.0700770541196,1873.1942544544715,1852.3231746997142,1871.934068305265,1874.4212022646768,1918.4352478359338,1917.1464540316613,1933.717464845886,1874.410877389948,1856.3976777016776,1876.229058786977,1873.3484108468042,1880.5229772456871,1874.2032527820172,1855.3929244064993,1872.7955278746485,1870.7882145503427,1922.304883999484,1916.3274868034746,1926.9116458377898,1868.9871082241689,1856.6898686892252,1876.1928748407465,1875.545979082448,1882.0147837305028,1876.8977959155418,1848.5191941396795,1873.8710246711998,1872.223446055989,1912.7972188610502,1917.2197910573475,1919.9460024361847,1864.733089642225,1870.8733509613428,1875.9090123837243,1882.410785911366,1880.348219044885,1880.55023167102,1849.609431811345,1871.2786650143773,1874.4352236537623,1908.9049200608185,1920.3883970513114,1926.5054260684,1864.8637678680136,1873.1743030381872,1876.2562784448812,1875.8469805494767,1881.3604010663903,1874.1946697181422,1876.1132585672678,1875.3739909058218,1921.0378148377858,1918.4950916079579,1923.8256793837782,1917.2813816193693,1871.3563461546412,1875.6438494511533,1880.6468189512505,1881.0271807297618,1877.817497619012,1850.0740740262775,1875.8484384485005,1867.6854308478173,1923.229201468331,1911.0729334055322,1935.057836178352,1908.7894016929952,1871.5737387441498,1876.2864978010648,1877.6305421351406,1881.516431333674,1876.9553332638993,1851.1437974202706,1871.164551164857,1871.8817334061473,1919.921780319515,1923.2647466156893,1931.6708344117903,1871.299210092788,1856.8963486752293,1876.1687223803228,1875.9808073121264,1874.4590927933586,1876.1570362455454,1852.4316772888344,1876.558324564832,1873.2621427180866,1910.5601920006818,1928.9656943287407,1873.907850973463,1855.5298098436829,1851.6484106723844,1876.1208431825544,1880.141731699234,1878.3499676273411,1850.1788578798503,1873.8384698894456,1868.9944015648716,1904.5136408684982,1916.163255162354,1924.369549657738,1865.0243907798683,1871.5525116338677,1875.7865010713083,1876.7345305744666,1881.2798542661362,1847.773874613638,1908.5414414245788
PANCHKULA,1875.062720675078,1850.6995755484845,1855.0504517049937,1878.176800610329,1967.6837986777336,1888.620004302376,1912.782782560276,1878.848119630044,1850.514090072962,1873.238129657633,1879.0527240729891,1877.7292815739183,1872.6899557746847,1850.6263850586902,1856.614860270156,1876.7414509875598,1942.7783021873122,1886.5304155272952,1917.549327908657,1869.6485253397584,1876.0161444035878,1876.3774120695005,1879.585212140631,1880.1852435659225,1878.6193288084976,1849.7041017768386,1856.5958915715835,1876.2071226184842,1904.8835333135557,1901.715875003417,1913.0631418636244,1880.301504690789,1857.64222217034,1876.6065448291552,1877.4141368834757,1879.7457762934591,1874.7334581740467,1850.7709936098377,1856.6255658844962,1877.009589841774,1903.7124871517408,1898.4209539977278,1918.0785211294742,1842.273865936079,1851.5531645909182,1876.3968173476626,1881.6639898938568,1879.4113032465227,1876.8681227630343,1851.9450872428974,1876.1847766120743,1865.3723606358944,1970.9387332633994,1895.8635019203577,1916.8356777447568,1839.8067070443722,1879.2164819311156,1879.0162633303016,1879.1280263503177,1875.9344758049135,1876.947583511283,1878.346911066227,1877.9888925595228,1934.9257593296202,1931.302468320447,1922.752045296739,1840.9922284370684,1844.0485512180753,1878.6436764430841,1872.6420835747774,1875.5453477955843,1873.9746653234108,1850.2639833038363,1856.0165706521236,1863.0455259442485,1972.0109786689072,1934.174795711519,1917.8778423909262,1878.1383586687045,1850.10862530769,1876.7956198623183,1872.3456671794172,1878.8938888290745,1877.2328946772586,1849.994175838004,1856.3989283569545,1877.1201047631494,1923.7387026419085,1919.9652142927382,1914.341913079486,1869.7624481673379,1860.8801263888777,1850.3106089007988,1880.5550074331622,1880.190676532335,1875.541287710938,1850.9321619803145,1856.4726281407454,1876.5739514848892,1901.950859564353,1879.2659818101436,1880.0853738352355,1857.9080029260858,1879.351295831646,1879.3699922261237,1878.8280618001033,1875.8596320261572,1852.7455663341063,1857.3185585655294,1877.2195560252726,1907.1365555929801,1933.9713857074657,1913.3571977660738,1841.775267182577,1852.754846763835,1876.3980239711987,1879.7705428923832,1878.0569706345743,1849.5959359721487,1910.8994114353086
PANIPAT,1873.1458188913296,1848.4914413872687,1864.293070817997,1879.5047777352531,1919.2204111369142,1909.1887874154029,1928.7466583797782,1873.3600791944289,1847.4982098902474,1875.7123993702733,1876.1065815949519,1876.0032939014393,1872.0073986300474,1848.4835366790385,1853.807939511929,1874.7997085266616,1912.879742372688,1908.8828856083962,1917.748356688486,1866.1670159791004,1864.9330518982774,1875.8136686933094,1875.8168504242906,1877.474933550175,1876.967576846175,1849.311271833484,1855.7872206425054,1873.6907454305333,1918.2292676557147,1917.9607319397196,1921.780179241013,1866.9156197987656,1863.016738676361,1873.1312553844148,1875.134558640457,1878.2592430360253,1874.780646912432,1849.914445493959,1873.6677646146622,1875.3292287309625,1920.929723679485,1919.8946260860198,1922.493428003241,1875.1264808232777,1854.9067026377795,1875.8347741062867,1875.624486137679,1878.6803144082855,1873.9823888441588,1848.9247166153812,1872.3715010593644,1870.6754544271294,1952.1676260243244,1912.2852264019048,1923.603387529712,1872.3286837614999,1875.3218331916496,1875.6056835225156,1874.981319062477,1874.7635614596297,1875.667138242357,1874.4985716996769,1875.1113620479482,1920.8064769442358,1911.0137713658542,1926.4659774922284,1869.4573431055555,1852.2769458741436,1875.628843912728,1877.1772198222054,1874.7832981207514,1870.8653536605557,1848.2539246174445,1854.1652477780212,1874.9498862076573,1918.5487772240158,1917.7791494375947,1930.1226834241338,1868.3141656949006,1847.0589778949745,1875.8331954329747,1881.5329319882953,1878.3531769200315,1871.391434701745,1848.4023517750768,1853.411330776763,1872.7660680378447,1904.22033777349,1916.700943620361,1933.3550367759638,1866.6409253062131,1866.6821910672286,1876.7278184376905,1876.3961902273707,1878.1342713015993,1871.9233031559922,1849.7786381500093,1858.182787464735,1876.012740037933,1924.385792668276,1918.2577552187731,1869.5169730703578,1856.7306917255578,1875.6991133530134,1876.141601366999,1877.7514610199785,1872.6172473418853,1849.0670833114407,1873.250443336809,1872.0758676421149,1916.37089241598,1916.2595721100588,1928.9544582804795,1879.755299432091,1854.3304844139986,1874.546931056008,1876.1799146969881,1874.4985739962606,1848.1138299455367,1915.4538389992877
REWARI,1874.1560486545543,1850.4388402761047,1875.5731176640465,1874.5119357539854,1896.5717587858087,1908.026329955094,1911.1024035727833,1875.6498929480872,1852.0083337618744,1875.8609721208124,1876.657895423962,1875.2401764743965,1877.615794578056,1850.2136218832384,1874.636713262311,1897.6177998736746,1895.8669989016705,1920.4150218350428,1922.6973600638369,1868.5861010590183,1877.7547387263317,1876.5498902549934,1876.50519752242,1874.4064621843786,1878.3518213927061,1849.4791923037826,1868.176756125424,1874.8742829052771,1904.2211590363088,1914.279396381187,1936.6530613737461,1863.618050541629,1871.7194609695232,1876.222937947442,1876.2539305564396,1880.1023341226717,1877.908476757727,1850.3188749814735,1871.3711569628838,1898.80948105877,1899.8045890447513,1917.921385451863,1928.4132216121254,1866.2995554937534,1866.6943408801621,1876.5062063054079,1876.5241955528668,1879.6424121611642,1878.081803703125,1847.3581100474796,1871.2433507631297,1873.0100091019892,1900.4575640350506,1917.0487685088349,1931.444011083877,1880.2808902547872,1875.7446807451709,1876.5423016146387,1876.3986277012768,1875.6148185197674,1876.006043689449,1868.0058974345939,1875.1162099826784,1891.9087188454807,1904.075127811219,1921.3197344314747,1874.8412420086347,1852.592792871057,1876.425140308228,1880.6556684544457,1875.354222136665,1868.5341764955465,1849.8876650818272,1856.9234720921488,1865.1343148492606,1901.3421232132466,1923.9590196689485,1913.0384850428238,1874.544865046925,1850.3581742926078,1876.5605761411164,1879.7228944079955,1876.8744051641995,1874.3157847578066,1849.8614819913844,1874.019817991465,1876.6012871642813,1894.0330892537675,1920.041414292607,1927.7230027131973,1867.3256958233658,1877.3393644877333,1876.705787533179,1876.560194191419,1880.4985358753468,1873.7252607264838,1850.073045201378,1870.881822177599,1895.7527047308351,1897.3054839215201,1927.6162341779607,1867.668349249494,1872.6911303683135,1876.5753898096802,1876.4856164304501,1878.8929340838363,1874.36378269784,1849.7207799425491,1871.652482150354,1883.1542996015137,1911.4098647614046,1916.1932376620512,1920.9732418937886,1866.9735757990748,,1876.4449606938167,1876.3716448489363,1878.31698536813,1852.823314338235,1910.9656935296289
ROHTAK,1875.1346335007077,1849.2424105962814,1879.353639098058,1878.3596773195047,1927.409526066692,1906.0814349410994,1917.377966066151,1876.2898671485345,1850.855103637335,1876.0378062587702,1875.9969140442852,1875.4837449131542,1877.0496259469742,1850.7085425478454,1863.6737378987928,1876.8420034834562,1898.7506752953186,1919.3745801479577,1918.6087979237004,1847.5085045170115,1878.2031507855088,1876.6652867558473,1876.5024353350257,1877.9058494846317,1877.5649946252654,1849.7404434717528,1871.2010629432002,1865.4158272359552,1914.460848644721,1918.7237359525482,1928.7705420570758,1864.7092399103421,1877.0579121047188,1874.220191356105,1874.6454981038282,1879.772647006514,1877.789263517694,1851.1912493037823,1876.2515547536054,1879.0991936937332,1922.2459931797273,1922.9650278883105,1924.916960042856,1875.6659099738133,1857.9426558467928,1876.6891326661769,1879.7785473914673,1881.3000295654033,1879.1867405584574,1850.3869210694681,1856.199654976299,1876.429154377512,1954.460918434777,1901.3613324223872,1923.79297197991,1878.0186398224607,1876.2415341387775,1876.2068526510502,1876.4963681397587,1876.023155148869,1876.6220106117676,1879.421729285678,1877.2017754842377,1915.6243294846536,1907.6949333468747,1920.7780646481963,1879.4163504411845,1853.2958938613515,1876.2517954992304,1877.527667812023,1875.8117757627863,,1849.7736189144337,1857.506161045422,1872.662700704377,1917.5664607146246,1924.2001889426556,1921.2424778096713,1864.569184318585,1849.9379881460914,1876.1623800142881,1881.1015630987351,1879.0819400774053,1871.2963180895695,1850.8661182510007,1851.3537845891356,1875.9526899917614,1902.1130221360386,1915.6629251016784,1930.0769851132065,1865.4555632527736,1877.0147806490106,1878.7150474509315,1879.4621097885524,1882.0428764038954,,1850.1124115434654,1877.865388984543,1894.4073342892245,1915.220216555855,1926.3636612107043,1867.0381362033509,1878.195776574434,1876.1719492634775,1877.1926213976703,1881.144397895571,1874.4654952263002,1849.9431544859042,1873.7846152316886,1876.615212533413,1917.7484739421466,1921.8061473020707,1919.6475804684426,1873.6695337494523,1856.7907862917546,1876.307743647298,1878.7188245531331,1877.8771077676465,1847.7082015706453,
SIRSA,1875.0490979796705,1850.589583936598,1865.5737916108214,1880.3787352824038,1908.7491520094643,1908.1915683786774,1923.8955257069324,1876.2045336661397,1860.3189668487842,1876.0011593836869,1876.026738657252,1876.5606395278785,1872.4087430406569,1850.2183977589107,1866.1562726141556,1877.130610832825,1938.0447992865577,1923.4793946786933,1920.6472570559463,1876.5098495179602,1857.6031431477436,1876.1966643478188,1877.6691172767228,1879.265020779707,1879.2465337100639,1849.1586083002346,1850.1315709480623,1874.377790782195,1906.3425427428133,1903.572269718155,1917.541655970782,1876.3662228397009,1852.6196250113524,1875.9588709669904,1876.4112569633362,1875.9246302066906,1872.2233969335325,1849.395297507829,1857.3672777170598,1866.5298132636665,1906.3823083821596,1911.5643559402201,1922.2658952485215,1872.9980104989377,1852.1519285966915,1876.325853290502,1875.5800855722307,1879.0947899031573,1878.236285410311,1850.2107103598194,1857.3319992988895,1875.7774763845266,1891.8968933783108,1920.946527916056,1918.0887255869595,1864.5812250294928,1877.9406955494255,1876.2114975931663,1875.8719956000066,1877.7399412747625,1871.9373235955738,1868.6813566313676,1875.3073942889396,1887.336481371117,1896.895320610893,1924.3905366300346,1870.968918515027,1873.4630201493574,1874.644200386296,1875.3334991489746,1880.680035404922,1877.8271073211101,1850.2409512416539,1861.8842205882042,1868.3454679529511,1917.0361547290856,1897.4035239725715,1922.7065707226623,1874.135229542125,1857.9909978255537,1875.5321661794203,1878.9956696883482,1882.0312927218642,1875.9946693403995,1849.965827434805,1875.2917761030178,1875.4922511378088,1947.701952563728,1918.4049030481494,1921.6049900793826,1864.8642090734027,1862.2049802280005,1875.5051564401156,1876.1923296712184,1880.8410083010244,1869.2951951039197,1848.653466503666,1856.8453589203598,1875.467866102264,1908.4623815668622,1917.0295543004197,1876.7722837537247,1853.9769366354806,1875.8648040277074,1876.1919665171285,1880.5889674730752,1876.4868342650627,1849.334477213303,1856.0270194327522,1875.18834169333,1897.1030196284576,1916.0191522438222,1917.49368790823,1874.5867917386258,1851.1470769450755,1876.0334658603726,1876.6403447765183,1880.8325652803721,1850.1383656086343,1909.4034097447375
SONIPAT,1871.5746692426756,1846.8204014532248,1876.1450316872013,1876.788383127108,1919.6730244956311,1914.0045625954751,1925.0490182214705,1873.0723160743835,1849.358477973764,1874.83779102351,1875.634208099407,1875.825970255025,1872.5374899551525,1847.8523447985922,1852.8033732035867,1874.9144130011193,1900.8074098747297,1922.4205178938205,1921.1649230204264,1866.9133142371209,1863.7660191342584,1875.7402657982832,1875.7777046123376,1875.7505797249958,1874.8892249426885,1848.7949283049059,1859.1161192861325,1867.1667392694148,1911.0668207258261,1921.4923127404327,1921.741566446934,1867.1302186580863,1867.319891589961,1874.4143653672925,1874.6138581113496,1877.1259769408725,1874.0493800357863,1848.391470624385,1872.4781938113342,1874.594017071435,1920.2443482113806,1924.0255988765787,1924.237072849206,1870.91772172523,1853.8016728380453,1875.639148433059,1876.5524618793097,1878.3489817010802,1873.33497601676,1850.0639607532382,1871.8794363276695,1872.0103368915095,1941.49002567844,1914.976892185861,1925.8806485023852,1874.7108001593574,1876.845796553979,1875.4434047887967,1875.1107968554302,1873.9511792842893,1873.5248691068205,1875.7668683450613,1875.0847497220946,1914.9509868399339,1909.5011454117234,1925.3038768128774,1874.215361997647,1853.8639886625188,1875.4380843320457,1877.9439954812512,1873.7112275451866,1866.5776547916194,1848.2554821990675,1852.926657231586,1874.5192036346564,1918.4228349079226,1920.3973938631557,1928.623939975458,1865.1801825882635,1847.035032695216,1875.5397758248037,1878.9034531531659,1876.5315377853815,1870.526167385556,1847.7037874977934,1852.1005204812236,1873.2154805737107,1903.5877339906906,1917.5796207336625,1930.384795044716,1868.0849800344206,1863.8723171536026,1874.2804372173694,1877.2574582712134,1878.918639552382,1866.9870560173656,1850.0391287516736,1865.1221511464262,1880.1793343375034,1920.6833533542895,1924.2787356982321,1869.1750200983454,1859.959361037773,1875.630926958326,1875.8317224392792,1876.9943003243973,1870.986826620792,1848.755910429187,1872.5373000549334,1873.0216278389398,1919.358498174539,1920.2174104961225,1920.5202647729664,1873.2768165476814,1852.941082534776,1875.051548526927,1876.3471249889421,1874.8305552527352,1846.4965496045206,1917.8042979908273
YAMUNANAGAR,1868.9611178075659,1847.6498436231452,1854.5612685649673,1879.0323161088081,1954.4887770387213,1924.396378689828,1920.3297673262584,1872.8811595280351,1846.5892641844084,1875.7232716403698,1875.3581608157267,1875.9431600591327,1868.7445335382365,1845.8321389584846,1849.9446043816506,1875.403532794706,1887.2644794099642,1906.1183201017755,1924.6897264101503,1869.698160733057,1858.7739775943373,1875.4819515556308,1875.6341723666822,1873.8161547508948,1873.7209386952395,1848.9654102495342,1848.736978917953,1878.424456647326,1949.029162810923,1915.6924810843632,1919.0092980909071,1869.459668696309,1855.1218791424576,1874.360993654013,1874.9980185671197,1873.5107925332486,1872.6716430349763,1845.774280330591,1850.383801184046,1877.5826581795047,1910.2128757960413,1916.4583431331575,1928.823102515122,1877.9206619829147,1853.1908583358147,1875.0539130002246,1877.0926151348658,1873.134243701773,1870.9201055705926,1848.793374638114,1866.015404702658,1870.7698552075194,1953.181292410166,1915.0146903502098,1922.0317117115742,1869.6988107445152,1872.8032144455603,1874.962015058491,1876.645477581816,1872.4638996491237,1873.614928416778,1869.3715031758068,1872.6306066000948,1929.7556537319242,1922.2333376069603,1922.7498456423943,1875.4152885379624,1845.0197713986076,1874.5969347038952,1873.465332224929,1871.9331420823082,1869.5162752268159,1852.0432436258143,1853.5627216726766,1868.9464804204,1941.6161258992872,1927.9868919845308,1913.8276511194508,1871.0958930312381,1846.9047555741763,1875.2074957234554,1877.1959859275903,1873.5371026463006,1870.199306172418,1846.875959270356,1849.1968791681093,1873.5249802593537,1914.7724419406463,1920.8106858578653,1921.86400279104,1868.3618551098295,1857.3898090750392,1866.1606864392527,1876.2958857088354,1874.8530731409335,1870.5086014424774,1848.4803599880595,1849.3614705464079,1875.658437735538,1937.8535626071205,1886.9845432933466,1871.8930415331306,1855.8510102450543,1876.0063272031512,1877.6162361424078,1873.038937184933,1869.2541722242663,1848.7296603736918,1848.711360865135,1873.776177389124,1908.7326388457343,1923.4655508361282,1919.8990605547845,1873.2132783062875,1853.2241607338972,1873.6035716181577,1875.2100661611473,1873.140435937167,1852.009961251887,1918.2516083422129
