district,2014_01,2014_02,2014_03,2014_04,2014_05,2014_06,2014_07,2014_08,2014_09,2014_10,2014_11,2014_12,2015_01,2015_02,2015_03,2015_04,2015_05,2015_06,2015_07,2015_08,2015_09,2015_10,2015_11,2015_12,2016_01,2016_02,2016_03,2016_04,2016_05,2016_06,2016_07,2016_08,2016_09,2016_10,2016_11,2016_12,2017_01,2017_02,2017_03,2017_04,2017_05,2017_06,2017_07,2017_08,2017_09,2017_10,2017_11,2017_12,2018_01,2018_02,2018_03,2018_04,2018_05,2018_06,2018_07,2018_08,2018_09,2018_10,2018_11,2018_12,2019_01,2019_02,2019_03,2019_04,2019_05,2019_06,2019_07,2019_08,2019_09,2019_10,2019_11,2019_12,2020_01,2020_02,2020_03,2020_04,2020_05,2020_06,2020_07,2020_08,2020_09,2020_10,2020_11,2020_12,2021_01,2021_02,2021_03,2021_04,2021_05,2021_06,2021_07,2021_08,2021_09,2021_10,2021_11,2021_12,2022_01,2022_02,2022_03,2022_04,2022_05,2022_06,2022_07,2022_08,2022_09,2022_10,2022_11,2022_12,2023_01,2023_02,2023_03,2023_04,2023_05,2023_06,2023_09,2023_10,2023_11,2023_12,2023_07,2023_08
BALOD,1877.0250718814646,1851.7824707509992,1873.7581440144238,1867.529436601765,1917.8157048813305,1875.4707483292518,1885.103524515638,1891.300864984363,1871.2102202438211,1849.5953588115908,1875.137913282166,1875.7338635971257,1851.5440850384907,1849.7979674004016,1873.8315286803245,1867.4230069019245,1902.0201864190497,1886.479456181954,1878.235764706626,1899.4639137667573,1876.8954553395672,1851.7139465241817,1874.2680536689575,1874.7940453786334,1849.314951065712,1850.530992924161,1873.2612079398675,1888.8108829978316,1898.8513384324633,1880.7724360662914,1892.4591820194423,1901.0403678103053,1871.4432529245457,1847.9786861868379,1875.2605259156862,1875.9126097942565,1849.977649844008,1863.1031319432016,1873.707443134857,1874.0320397570772,1915.3980594884306,1884.628744151674,1884.188471213354,1888.060577225516,1873.1056264237725,1846.8980272852357,1875.314020243392,1875.4952317044801,1851.12809091218,1872.0131497587731,1873.385769226168,1872.7610561840133,1918.2383367661491,1875.8417929987213,1887.7703060548072,1900.1707944765847,1873.2841211728721,1851.8080947687017,1875.2729547408842,1874.0773307795143,1875.3084524739381,1853.557406701158,1873.790402213468,1870.2428899965857,1903.9051164695677,1888.2916949813623,1878.6426974622575,1873.6467387708753,1873.2960415614493,1851.055492753204,1874.119981992954,1877.8359190561403,1868.0450104329552,1850.661046222325,1872.937867879005,1870.2720389649303,1909.8248113495874,1879.528012038586,1892.1013593820398,1866.9122174502054,1871.9249575780473,1846.230098735501,1875.3908853254254,1874.1816084831898,1851.8138578524079,1850.7152728633348,1873.2549785691563,1872.4406823751087,1909.7152167787237,1887.8056136035414,1888.3823449834865,1865.5096052536933,1870.8071558118347,1847.5623189433932,1873.5616131996007,1875.9606703679863,1850.5959938755777,1851.9585288893818,1873.9762982953387,1872.3447314117082,1921.4009742010976,1886.141486333369,1890.1366583972435,1925.3093105973091,1869.9951690767473,1847.5199413295384,1875.0923146180849,1876.6726097329931,1849.6426977189353,1863.2370862903767,1873.8337086652477,1870.8048580194431,1916.7710139991468,1895.999500773465,1872.4607510207404,1848.8360693856496,1871.341308498658,1876.995271672169,,
BALODA BAZAR,1850.6579914097056,1871.3996991880833,1875.2996785735197,1875.448546195423,1919.7548873643902,1894.3634593646152,1882.3454669501457,1869.0252062017703,1876.6567108734403,1855.1337218475358,1881.754369333656,1873.5003195224765,1850.8230233461336,1874.2422068483988,1875.0901660629092,1874.2984105449855,1915.6780113813618,1893.7008397580619,1886.0751310930273,1868.585890425386,1876.1338081649906,1851.3831435886068,1877.1400541662697,1876.4702302848395,1877.4617840326296,1853.693698758491,1874.9734381688208,1868.8869373705204,1915.1296724831875,1891.3906555537912,1906.568340626704,1905.339024535106,1874.4048413925125,1850.3449643651127,1875.8901717183483,1877.1902616577363,1860.0137945417923,1856.0428045647348,1875.089446254431,1879.0297052243566,1912.481083963026,1892.16552013566,1897.721164139084,1891.81550380676,1862.458318747622,1856.5873359200493,1877.4955279670423,1878.8845682560175,1850.2131351417931,1856.2471087844858,1875.246999864497,1866.7912697886602,1906.1097190540788,1895.297478104588,1892.350520229025,1881.700877047232,1860.0530491076033,1849.792409221529,1876.640466188248,1881.6617567775702,1850.7961467100952,1866.262241015914,1873.7986952201582,1865.3547319511326,1908.2904960444787,1892.9593252342163,1890.8062577297324,1874.3231175353849,1876.4610737302853,1856.9461786729528,1876.3240115391784,1880.6817607969992,1851.499292134924,1875.9754992792725,1876.3630695993158,1875.0387860200356,1916.8449120729035,1889.1990261512622,1877.600554811572,1868.898173185468,1857.7397116386737,1851.189327262456,1876.7250574905768,1879.636552469253,1851.1717948813125,1874.96073114242,1873.7653489561776,1872.008745730814,1915.0809889878394,1894.1304301317798,1884.6347202972895,1869.757748274288,1869.986863698558,1853.6046072671177,1879.5488677634162,1879.0986177710315,1875.0877633165437,1855.7190047442919,1875.281883646125,1874.9061117528972,1919.1654544752846,1880.2073687438158,1903.204457485046,1882.2283772441533,1873.9961474174972,1849.7217940722253,1878.5078537956235,1876.886745775908,1857.9747036669694,1855.9054045716591,1875.5111885586973,1871.9825654448823,1916.2688284469082,1893.539049013736,1873.7118185425693,1850.8713730912198,1877.1263326568223,1873.8421453882715,1891.1913030496742,1868.736265880971
BALRAMPUR,1867.5055767422193,1852.5114208569416,1867.9059949374332,1872.7013956454064,1913.8670593776935,1895.9677256404736,1913.0708783507737,1866.5155544778777,1875.4981211102543,1862.027675784249,1876.759778123013,1874.742605240217,1851.1595796258666,1851.1599736163496,1873.2986508427168,1874.521303487025,1914.781614063944,1898.4439410176562,1919.4213363159163,1866.4743646647187,1871.0275256000966,1849.756685742799,1877.0761639706736,1876.3393766275285,1871.3498916544868,1852.3497471159615,1868.6267741464603,1872.4000122179941,1904.6407565065601,1890.1958738578826,1921.5268446725524,1865.4719042030706,1873.011866957816,1848.2760614027575,1876.7202659664847,1877.4872520216684,1868.9897636004423,1853.6488981541054,1873.286524375123,1872.9768514799025,1901.2270244885638,1891.8746041999188,1900.923317249364,1883.2478717940937,1869.9635057379803,1860.308997730976,1876.753242582728,1876.9394976878018,1870.1280131045276,1852.0587645495805,1871.6312057497066,1869.7150450964214,1910.3283921487282,1882.8764767759947,1889.2593160829124,1874.4160013320559,1870.4100127950192,1857.5696597325214,1876.3885118307528,1877.6597725729196,1874.7782750799129,1853.4866906703803,1871.26985053474,1868.6329246886075,1913.8692270802726,1893.6315159803144,1909.5488433480016,1869.462765050831,1868.1240027492504,1848.1075515741677,1876.9553562754263,1874.792297629417,1866.774002297004,1850.743561877911,1875.8829218249011,1867.546523706582,1916.906949874028,1891.7028885745397,1919.612589387857,1879.6552425892598,1871.237396010288,1867.5764775341847,1878.7825517763,1875.8651178322903,1848.511213297716,1852.3378399004516,1871.8104091366388,1869.6069844232625,1915.194864847293,1892.4078066259387,1918.6417473290433,1880.5600309324739,1870.774537634613,1849.4828248863728,1877.5787938722522,1877.3876784675892,1867.6444864076268,1852.6030034007902,1873.2533132613132,1874.628942750576,1911.8809164733138,1893.524982698953,1910.0982642892552,1866.1838719826662,1872.2598844216159,1848.3449285691659,1876.824027018185,1877.0856425467002,1869.4630074494871,1854.32238303162,1865.9862114736322,1865.6631078174169,1907.5929449704745,1889.229231622041,1872.9254432275316,1850.4427990176957,1876.76576556974,1875.0104228630878,1921.6020903774756,1871.2004643772327
BASTAR,1851.6479626129092,1877.8232566519216,1876.5048283031642,1850.041131093141,1914.2763816927052,1868.8430543843572,1876.9063526998964,1892.7798829820565,1878.1746926603723,,1881.673300231059,1872.4686412600668,1852.4985307309382,1877.5280027636286,1875.4034949922873,1876.133572480332,1900.4677673291126,1880.662149796548,,1923.3505269600219,1873.570380724702,1856.4716838715026,1876.6953733248201,1878.038827048477,1850.3858632561046,1857.2513700091492,1876.1753075675583,1872.5393331828864,1895.8596999908043,1875.5332348665338,1883.6802785695343,1927.597906034364,1877.716420416254,1854.2643607380376,1877.6460471204562,1877.404238161334,1850.0178393499018,1871.7935879463882,1876.035275689931,1873.260696843031,1894.948691078273,1881.6782815958786,,1923.7118016163893,1865.8646593040335,1854.5839543508562,1877.5041265562468,1877.2858436389886,1850.2207090883676,1855.3343871150432,1875.8872117170479,1865.7124402364018,1889.665383922744,1871.104779787645,1875.099723365226,1897.0536130489008,1864.5031024000787,1850.3842846941377,1874.2018606611816,1877.8413883055348,1850.540403399612,1875.3597665725656,1876.4602794134864,1884.5056893077435,1920.969559735476,1869.782387114387,1883.9444220592939,,1877.2272974087161,1876.8013644058158,1876.7673852994358,1880.440435729054,1850.9669435777582,1878.287114088315,1876.539934007484,1875.9258037588397,1918.949436484019,1888.059916549554,1886.0953781193075,1889.0340899221085,1868.8374678633613,1849.773570850126,1879.9703656487065,1881.8200113439427,1850.9108266751878,1877.9926790686932,1875.5212035411794,1876.1852466077578,1902.3231360906677,1875.4778223873,1885.3295819216073,1876.717391217609,1876.5104531651536,1856.9658190743594,1878.5232219192005,1879.8555162186149,1850.722780693152,1858.0267600480106,1875.9994411252808,1865.2150708157312,1895.1349699819075,1877.8169579968494,1884.4568827507626,1865.0960719319862,1879.149702609635,1855.3939817722764,1877.9632184639993,1877.408299225822,1850.1156952929857,1872.9848583135424,1851.3948370812805,1866.1355466299551,1889.3933090727307,1875.0878192167258,1870.7847843638933,1854.729884360088,1876.56515740494,1875.0602167460315,,
BEMETARA,1874.5029000037841,1852.6356686627607,1872.8769273972368,1873.5803950989236,1923.9994313218447,1898.1107323102988,1884.815824182771,1880.038056421061,1873.2017394486775,1850.5967028934367,1874.9352897562037,1873.824137157649,1876.059887532582,1848.0834381259035,1874.9020453633154,1869.1282759828277,1913.8725053198614,1897.1284657276935,1882.9277202026926,1883.7702903325812,1874.8436162522082,1851.870034689885,1874.682287167684,1874.6701398742566,1847.3097970727117,1849.4478691796417,1873.472885117999,1907.490497093998,1908.7726283347588,1895.439897675798,1899.6503051360376,1893.8492632926514,1874.1381349156943,1845.5444949949529,1874.7655941268165,1874.7252368017566,1850.6551614931304,1846.6821362322187,1872.9754225231834,1880.2363532880072,1903.2640821741682,1894.0885710150324,1893.317985748025,1894.965915183207,1873.3262924230216,1851.4728144203652,1874.077093329756,1874.9943823990607,1851.4831853959963,1862.1200953970647,1873.3271171225265,1872.0799413065045,1924.29696357627,1888.4963478985035,1886.4213519950233,1867.8751805532136,1873.041085606456,1850.4405923369952,1874.7694660732004,1877.0132145874034,1875.5552450450284,1852.655467751727,1874.4078470672519,1886.5773205022674,1897.0787125392228,1900.3773473796239,1886.8245932084583,1872.1614323033552,1871.8533415818538,1846.6606044850475,1874.55026086066,1875.7135531998397,1875.8354462321076,1855.1759994425151,1874.5164935296395,1871.556697735816,1916.0593697458899,1875.846884403359,1881.9011364301189,1865.8783677809795,1872.4695662612469,1846.6781625244655,1874.438745911847,1874.9281089999004,1872.1442864747537,1848.3241347027056,1873.7374169233758,1892.087788373085,1914.4167568308433,1894.161363711438,1885.4028520888194,1867.0600703545108,1873.6579981416041,1850.1465143039509,1874.7035008644743,1874.6274837512888,1850.19766888032,1848.1461821867742,1874.3004633308,1873.1358046206508,1912.0599048213248,1901.8849306039983,1894.2960092155008,1921.4498654777237,1869.6480511729617,1845.634029722294,1874.7643190857054,1874.3509949586546,1847.1932226654392,1848.0033501864575,1874.448246723825,1871.0532932359522,1920.6986674388447,1894.8246307553957,1873.1519215917685,1856.8677844427862,1874.1435003408728,1876.5958555506904,,
BIJAPUR,1850.2785888515052,1856.480028375265,1867.4540986581055,1886.5773677366528,1905.507529391849,1868.0868074151224,1895.1146847594841,1890.3253464518723,1872.8944340240448,1850.621496687661,1874.0696652083316,1875.1209168659093,1851.549539359261,1865.7094730287172,,1882.8118349722315,1889.8328775230866,1873.1841803724153,1877.205157131069,1902.8358409109758,1871.8868992756084,1854.7413650176798,1873.505325843042,1877.3178160991008,1851.856895131515,1870.1928254759428,1873.8048698653104,1873.7903761593889,1888.9089481177127,1870.923950380396,1889.5903955333551,1894.4232677438044,1872.3621126534397,1847.0202856118347,1876.4005544951385,1877.9261129880595,1848.9474029209023,1872.9085961913781,1871.1298410892728,1874.2832656627124,1906.3466760267597,1880.1249132087262,1876.969154615072,1897.7174580923986,1871.8856954206724,1848.4176909610562,1878.4486407753259,1878.4942858390548,1851.0553470843258,1876.4051991618983,1874.016423139884,1872.7859487814615,1898.1962804321834,1870.8096217890927,1878.6690348811055,1874.7802417718412,1872.7953696467523,1852.8110278888646,1874.5639369836604,1875.8192400464752,1850.7239334911033,1854.93976379434,1874.0975985603643,1868.1916293076715,1907.4550408067807,1868.6610267963867,1887.8943395701474,1868.765606521752,1873.5859824751267,1857.1241118152786,1877.210516411981,1879.3284134372577,1848.7642974490077,1858.0740828491632,1873.2468602341091,1867.979678831267,1901.1067068109746,1871.9496530870586,1878.6960288471168,1864.1260887639207,1874.5132847392895,1850.74823837727,1878.6562357041914,1877.3050796122213,1849.2921968261355,1873.010389783134,1873.912254907792,1871.357120278955,1894.5715445810995,1870.440798912245,1889.5303581208714,1875.4575079394738,1872.7842828632963,1852.9831828042475,1874.657715086021,1878.8861862023014,1851.1790943624922,1872.2496317065024,1873.7662916193797,1885.5734888079226,1914.339311075509,1874.1605248374428,1882.9340288027627,1929.3280917846773,1871.9689159885233,1847.8650724104773,1876.4211788862347,1878.1211002696384,1849.8648685726341,1873.6169942288332,1867.4130133189028,1871.110846183158,1914.178357495929,1873.7172402558858,1873.021431391879,1850.5279284789476,1876.9488025850103,1876.8291088416142,1876.3595240284942,1919.5957178196547
BILASPUR,1851.998595286612,1869.9861158598394,1866.5562405594092,1876.0526992350403,1919.239718010232,1890.9171913127404,1891.7338650550123,1865.360588570548,1874.1801650446482,1851.576728513554,1881.1530116023782,1874.238903846552,1852.7810428052367,1872.7118899258837,1874.159821696686,1872.6561203205306,1903.2434922857585,1897.4092335295784,1902.3983200109112,1865.5922871408898,1874.0534647412767,1852.1614937984184,1876.5249404992728,1875.505302714849,1881.5179128536424,1853.2902467577203,1869.4614239017822,1875.317199675547,1910.1336685874628,1893.809815658056,1912.8044555765193,1917.2010383599916,1871.1981316062586,1851.3309933508685,1875.560664306756,1875.7641255681467,1854.8822012155101,1855.512294803748,1873.6308829087254,1873.5010870535607,1918.307231892818,1895.4546671825665,1890.3827307912452,1876.746652629927,1873.327765418395,1865.088355890444,1876.123968883392,1879.6992594254118,1850.5921286681673,1855.8544704735393,1873.6866756908125,1870.295459502845,1916.448255147981,1896.1905218042486,1881.4848864091118,1865.7062303394016,1863.0631708544154,1849.8886447656748,1876.1162093802945,1881.3556657649078,1852.9869141385798,1860.0626134137144,1871.7735443360664,1866.7918681485678,1909.6601274036143,1890.83929410619,1892.5645646064786,1868.0567104725621,1873.8243431109568,1856.026351896427,1875.9337893426132,1881.4329670593395,1853.478355858085,1873.0459210281085,1875.232764317374,1873.787570937285,1920.1623844933117,1880.5771052393004,1887.508779161176,1864.9070963300155,1864.514577341087,1849.5525505958212,1878.2964803736784,1876.102722089204,1853.410816391042,1869.5565760064176,1873.8809989442366,1876.7532354104558,1921.0627620180082,1887.807466462573,1883.4745559947387,1866.948428459178,1871.0209723941985,1853.5070598562982,1879.4315017925517,1880.1884035775704,1881.2866497411405,1854.4062214042983,1874.131404147888,1874.5291964448131,1921.5164279412554,1887.5059349464361,1888.2695267332242,1920.6977763614595,1874.8882815470822,1849.2982381224292,1876.4833596354742,1875.9973947678222,1852.539050195796,1856.0114472811151,1872.6835222975749,1873.4849564225528,1915.4762084284819,1894.4377720008652,1874.7477678859839,1852.658243902705,1875.610192605925,1878.2742734830165,1901.938079026628,
DAKSHIN BASTAR DANTEWADA,1851.2904984256504,1877.9819452865518,1874.0879285628214,1859.8578937347327,1905.661887313699,1870.3250752585927,1872.2336373887367,1867.6016892561292,1872.6979683771192,,1870.6698424515853,1873.954545678247,1852.5071536668838,1874.7116810826597,1871.312704819715,1873.34693006316,1892.3962571306442,1876.6690824617936,,1916.6154357359403,1867.2475518612464,1870.5674391306582,1876.1160193253063,1880.7885210199133,1850.820522532532,1869.6395229495097,1874.0747532860366,1873.869317794431,1890.9685649503294,1871.9226691280458,1882.5979565780212,1922.063703460185,1873.7785261251222,1856.4732262528767,1877.671154806538,1878.1248746717088,1850.614643044788,1874.5783335296899,1873.1343698609,1876.3179762242776,1893.8007088665843,,,1915.0211934739675,1865.403275010286,1855.483084655273,1879.599509032401,1878.9691071539226,1850.7139242598003,1868.2207297506975,1873.474571098441,1863.5636927960352,1890.4931940497277,1863.1593845127213,1872.9652155669844,,1866.5944205912826,1851.80508474157,1874.6696408337582,1879.9922694432794,1850.5981940115273,1877.305660061618,1873.6893503857268,1866.1740802337365,1922.777443918764,1866.7460914507712,1883.179672780343,1931.6713097584063,1874.3456071132196,1877.2617623798642,1876.355168137958,1882.559630324649,1851.2576347989857,1875.4772549790616,1874.0365825599254,1873.469092106427,1909.5198927242716,1875.317317778483,1876.8885677005326,1867.1679741412477,1871.9368494743364,1849.8389041732726,1879.9094183542293,1882.8111328052173,1852.165473245704,1874.7875796926633,1873.4829680186306,1873.8073324298039,1892.8768663431663,1862.752346883368,1885.6917752302556,1867.7733698402649,,1859.8219186108247,1879.0415296189728,1880.3356633354476,1851.0769838734345,1874.3372317016533,1873.8782007592563,1871.1656817032524,1890.8163541384533,1871.7337186759187,1881.2590320145662,1867.2169961279453,1874.591928640945,1856.5907795765204,1876.0313523494056,1876.4067186542104,1850.1940899417732,1874.8767909280962,1860.655412800458,1864.6720325504868,1893.4301221673854,1869.922867339691,1869.9448428254332,1855.017567427536,1878.0297134112197,1877.482603838854,,
DHAMTARI,1850.656414256345,1874.4153316834802,1875.2330468191456,1862.7295222753514,1913.3145154806755,1894.5639102383643,1882.511921736583,1866.824959023166,1877.4673187923274,1857.5876437139684,1881.7860593294595,1874.2493904607636,1851.5220150786574,1877.3803013839351,1875.5426342796497,1873.8802124485753,1903.7303100286451,1892.4906995678605,1881.0077015339616,1915.0681831723273,1867.1285810944978,1855.1784956883455,1875.2529413101483,1879.7979113404144,1850.0301456267762,1856.1678818786174,1873.4430740218947,1871.3906108148674,1905.5829605133438,1887.7100369052037,1890.2195506012076,1902.626546462445,1867.6101549828672,1851.1945424048888,1877.3437085149117,1878.8786732985518,1850.834337281728,1856.206172581086,1874.6305717369048,1874.6610692193515,1902.7150300326634,1883.6148325523502,1884.261440571298,1907.8463159144367,1870.2301720707337,1851.9965185180022,1877.4872390494304,1878.521925246636,1850.4411758926915,1876.4662032814128,1873.7477181672825,1862.4866046405261,1891.6647954630182,1884.8175171652097,1889.6696584694478,1903.3209532921403,1857.2982981575144,1849.1870421888052,1877.0650335251107,1881.849441806167,1851.5323806965173,1875.0495718582831,1875.5446823935465,1864.9708288911086,1915.8902045080736,1870.62693678646,1890.3467277994066,1888.0332119197042,1875.8604482986243,1875.5561953200984,1877.622392870102,1879.2033280584078,1852.5770519866617,1873.7587290452425,1875.8267292681555,1874.5943388831147,1916.3603609447994,1878.1616921501225,1893.7026266265043,1866.7354688773785,1861.085201795872,1850.5828599149354,1880.212325214331,1877.671671238229,1851.4139324451478,1876.8842873071649,1866.490849830956,1875.7658378003955,1909.6876490998195,1892.2329605348161,1887.4222045672668,1865.6470625590505,1874.4738266892048,1855.3876253007945,1875.600371056807,1878.9659678298888,1850.6065325551915,1856.5742318966466,1874.8644914334548,1875.0903642021347,1910.1486936940266,1880.7785643456282,1890.4825062915281,1914.756333080472,1876.8263007925839,1854.265523742531,1879.7816466318725,1877.7566541615142,1850.204000159797,1856.429250714548,1875.5043461765638,1871.7253071950727,1897.4208390718325,1887.9345284266612,1875.8622881478234,1851.910088930538,1881.4777378409456,1872.1898380821951,,
DURG,1874.2512247314376,1854.0481979248086,1874.1572453694737,1868.030518563534,1923.976255725591,1896.5190685956527,1888.4265430636715,1879.4410760199394,1872.8505790675479,1850.5781044218443,1875.0416199584743,1874.5233526699324,1864.9797854798933,1848.9008730098762,1874.4003171436075,1868.5325107805786,1906.8221690048204,1890.4996684732905,1882.5052266224018,1884.3223958580154,1874.2918078978819,1852.0615037389882,1874.066094386327,1874.5445524408951,1845.521814578393,1848.7301957457628,1873.399612238187,1898.3108064166706,1913.421374679661,1888.588222722152,1899.0043080267496,1897.698854725406,1874.2787689020709,1845.4666180123893,1874.6887470150803,1874.5423198639517,1850.2475772613539,1850.677602415147,1873.443951206977,1873.5718855464388,1909.000680520768,1887.1944703569097,1884.7582182701176,1891.5510656832105,1873.942905333022,1846.4814851761585,1874.3396033923045,1874.763459369593,1851.553943893676,1875.2853074971033,1873.224997224979,1873.0667203968185,1923.0484231562325,1879.191859108845,1887.8131293232098,1871.3086643102695,1872.841452513388,1849.968423028402,1874.687122939681,1875.6121531984993,1874.1593343677696,1853.587223331691,1873.8125961735066,1873.9161266054145,1894.0066963280888,1896.8422269967707,1885.9906267251247,1873.4709745024682,1872.9108589852756,1850.0350640292127,1873.8612939583747,1875.6305239132853,1875.502796215709,1850.8335152594275,1874.4292189549114,1871.1118723533466,1914.078578166142,1880.2607135598232,1895.1219601057207,1867.9493559157384,1872.4055954185976,1846.8218773065075,1874.200878480793,1873.4217410438982,1861.4138292126615,1848.878645919688,1869.9112552758559,1879.2455364998646,1916.6833251575779,1894.7377175128447,1886.686215313325,1866.22432526864,1871.4234309688081,1849.6211061857466,1874.4771586110514,1874.6374383787793,1850.395691573775,1848.033319420257,1874.1445860072208,1874.200679597898,1918.586988177543,1885.7752082089648,1889.6572559681474,1922.9590245253867,1871.7045335404805,1846.7023671068198,1874.2904615360621,1874.1082443747093,1848.7480881726647,1849.684087408945,1874.131387105171,1871.7233514718512,1921.2313740324992,1897.5023613027386,1872.4943844291936,1850.071696142668,1874.7525357191123,1877.1188208682531,,
GARIYABAND,1850.1683520170673,1876.4892155250564,1875.0482917154825,1869.5348729800996,1913.2300266268696,1893.4182418785463,1882.0915496593266,1879.6344619636757,1876.7035350969554,1852.004750384851,1879.913897758638,1871.9350326257384,1850.8570630897539,1877.4409033955426,1876.0026582604269,1874.6096329061086,1905.898489326409,1889.9147940912187,1868.8325391480657,1900.00145862061,1868.3363586494356,1853.1853449004718,1875.157661490832,1880.8454087474502,1853.952838297132,1855.9725698279713,1875.8146471593936,1870.8257388817265,1910.6702144492267,1886.3013734498563,1890.7992136435632,1864.935122941267,1874.3918888198482,1849.7384393009056,1877.0746426535566,1879.3474948517965,1850.8075660716777,1855.768671871028,1875.8217785976876,1874.9388082489886,1900.5357320444516,1889.3574783917861,1885.7482969005002,1927.9082596266824,1869.0478880553624,1850.0981935252366,1878.088010106131,1879.3982919379484,1850.3028217031099,1861.532262097993,1874.9591661333986,1866.386015303979,1891.0390208284452,1886.8118291227095,1890.2122233860607,1898.7266343287808,1856.602026872475,1849.5790633181398,1875.254506274496,1881.1035761114208,1850.1159585869932,1875.187761147808,1876.4981165253917,1868.8807283740698,1913.8310401914348,1880.9141112144848,1893.838058388417,1875.0845880136083,1877.2479871076098,1863.2302693840033,1877.715530533639,,1850.9896220071428,1876.5512552775936,1877.006270391234,1875.8438736866433,1918.4519467380414,1875.0730598661974,1883.8891495854512,1879.8387449846316,1855.5770148945157,1849.3711317984103,,1879.2041738924283,1850.9827266420511,1877.966415487975,1870.8728062396567,1876.928116568882,1914.8531857855448,1890.0363807438112,1886.1162254836493,1872.5068592857783,1876.2207948856753,1854.1864786546573,1875.3086788780606,1880.0699096520927,1852.0766963283527,1856.384605358959,1875.8770206503546,1870.8142391741246,1916.56653373897,1882.5420892752645,1892.4175601233587,1864.0673534894547,1875.8247376556328,1851.7622044867283,1879.619678902346,1878.4390832235179,1849.7025626049779,1855.5005035348333,1876.7905249696794,1868.5167846901502,1905.7678782605778,1891.2814688755368,1877.248847020245,1848.540235290638,1880.4917219580423,1871.8998385331001,1884.266276586484,1868.465945919945
GAURELA PENDRA MARWAHI,1861.9768863867287,1855.7452807528216,1870.357960528353,1875.0893951928265,1926.0366751435586,1890.2299571592987,1892.5427228178316,1866.891180094633,1869.88609508039,1849.8404404360865,1875.641848339581,1875.2165073507115,1862.529109821863,1863.5943851090608,1871.4334571510053,1868.0742069655569,1904.5071771094813,1898.8535213171597,1911.1151368219155,1866.7351282021025,1872.0227927813887,1851.6971277051578,1875.6536734901877,1874.63952319739,1876.826015153896,1852.9001289573798,1866.504903083109,1870.2702540690736,1915.5844994124548,1890.022357243027,1927.6966580026337,1899.198561428523,1869.9294262583915,1859.440583912869,1875.3780416295026,1877.5174759681267,1870.8763733272715,1849.2350062456537,1871.483427706042,1872.561634708342,1913.7094482230575,1894.7405714871525,1888.461514426014,1867.595985017068,1871.6285104632911,1861.2114033546873,1876.000030056292,1877.9347616444297,1851.5633142959628,1850.9506286203082,1871.7358427416927,1874.8187765441135,1918.413619514949,1892.4294917279506,1882.7399588335195,1867.1636620417544,1868.2287878269942,1848.5643406118256,1875.4339772676813,1878.3614756756076,1863.8557766673496,1853.3938111529892,1871.3540245846143,1869.0029246257095,1903.3512516266317,1894.7912404663605,1900.995194526659,1868.2436619966156,1871.684814536657,1849.9610231496556,1875.8626596214865,1877.7841469983055,1862.018567268537,1863.1568206154138,1872.4978516992476,1870.6940607451331,1925.1277987306805,1883.3191334523824,1914.5486947519787,1865.9968373904019,1872.7290852026006,1846.62718170064,1879.0107011012767,1872.914258084482,1863.4778788864096,1862.3953505802126,1870.5495939585064,1874.1401305078598,1925.3372170553605,1869.1457600178283,1891.4698796319244,1864.1813227449945,1869.8813357359968,1850.45307849021,1878.2392169010825,1878.892183981191,1873.861183924138,1852.2014156471828,1871.3444557959272,1871.9864888871289,1922.396869150257,1889.4404361867762,1888.3716792703492,1926.202136409866,1872.4659542417173,1861.351114446751,1875.4657409946083,1877.9026297746125,1864.52133970884,1850.9167774493287,1870.081470457861,1868.0340941904878,1914.961748343016,1891.1894174656784,1872.950404991159,1862.4364156455088,1875.2829844744383,1875.316185648048,1909.6007461323827,
JANJGIR CHAMPA,1851.8914211974648,1857.499017459657,1871.4015432997703,1875.3960284048223,1921.463511134985,1895.917361547361,1884.7172010700667,1870.0021488286181,1876.3649958033052,1849.024838558146,1880.830201896943,1872.9107860091306,1852.2677857178105,1870.0768377188342,1874.7487044966324,1873.5903745497321,1910.6784842764155,1890.1947862977997,1890.1078043001357,1868.3287333447017,1875.7801591391851,1849.929878188302,1876.6615567673575,1875.1121566557895,1878.1032846846108,1850.8339394356647,1872.6070871450565,1873.0255333541245,1914.8928346360833,1889.9087402869657,1909.2590069169148,1916.3185617052134,1873.1871846586055,1848.4400173015247,1875.4726155859523,1875.4400867426791,1871.7526592280856,1853.5998142875558,1874.5993169130843,1876.4676859969356,1913.1186664574986,1890.5883549527355,1896.2658179890605,1883.8291501009658,1873.3383730815153,1868.3638953427678,1875.7036712573527,1878.461815009602,1856.5853247393322,1853.7543233220763,1874.7700448766668,1866.525839263991,1919.4133034148642,1892.311185359928,1882.4148570763507,1890.927169476064,1860.003822441684,1849.3536458995384,1876.2242703542518,1881.8878316893758,1852.5502996631562,1855.6586009410964,1871.877678981523,1869.3610780425845,1916.0178530478024,1891.8647896813247,1890.4850063519636,1874.0589737992714,1875.1099338584975,1854.8539296861607,1875.001558880756,1880.7731909104868,1852.833722863172,1864.678177370103,1875.1289317886394,1874.7986632081745,1920.4676776615972,1889.4400994333082,1876.810390451115,1876.0946230485374,1859.795001570405,1857.977124341489,1874.9450935969273,1877.180189701315,1852.0561246299274,1869.8992147090512,1873.9217819534508,1877.9714065977075,1918.1823094026033,1894.2336785449725,1884.3378659227865,1869.561294726016,1873.2397728580263,1849.652514683657,1879.75867913106,1879.4778910011662,1875.1136112497556,1852.2953189136538,1875.2492193711971,1875.5527139704648,1923.5215813408224,1885.1484762058649,1876.9229970655063,1885.5140030065274,1872.3062822268216,1848.2954785338873,1878.5570641868126,1875.4120422624112,1869.9758489830076,1853.7276594540156,1875.2253171058776,1867.7168053395196,1922.536305275176,1889.0708830516546,1874.2073052084556,1851.7275199775368,1875.8949783157275,1874.1339569318714,1897.9458438476106,1864.2784772930588
JASHPUR,1880.4472039376092,1854.2520808177276,1858.7949691514361,1873.1698966850881,1904.6363292221617,1896.3179663053245,1887.3844719136414,1872.1424638453482,1875.4791891659193,1850.0639069957806,1876.6752611564143,1878.188159892472,1852.4065524879522,1855.661323046274,1874.2532163468675,1867.222863458944,1927.9686890797857,1890.8918897637782,1895.435552127471,1912.210540610405,1864.9975515130373,1849.9599951480325,1879.2108941060856,1880.3119435726203,1854.124552425942,1856.7777189630344,1875.5102023553418,1873.1630336331875,1907.5621577164247,1888.7162933699904,1900.8595223934617,1867.3405957017994,1874.6946194086358,1849.8743371784026,1877.2434387141284,1880.2877409629843,1852.5142919389236,1869.7624881245924,1874.0391160070762,1873.8187305372842,1899.479588871946,1888.5003363834974,1889.2034718123523,1866.9085420344027,1870.9807070566114,1863.7826160549462,1878.750692172928,1878.0775388010084,1852.8651859911565,1852.0676373027834,1868.4687828152628,1873.9561334195746,1906.9618916625027,1877.7931885063442,1883.5698398684362,1907.8880652187295,1873.4405331193952,1851.5704505332124,1876.6227462165089,1880.1323914019363,1879.9109960634762,1852.4911655086999,1873.6691710826178,1873.3676306249301,1913.1705274751778,1887.873837116203,1892.595594973276,1897.7762934123186,1870.6443968051162,1849.5916867180324,1877.789465191785,1880.78371133438,1867.4382693733924,1854.1872921019187,1873.0918246674626,1872.6603210915082,1903.8299758483238,1892.2474530204493,1893.6604146841407,1908.0939175011413,1856.790616426818,1851.7936970390772,1880.3634031854128,1877.47847957909,1850.4665835048934,1856.0593200582903,1859.1995037093595,1867.9499089327135,1906.7999677014107,1889.6026726296825,1894.5758434475983,1928.2530295311622,1875.3425365456678,1850.1912646948738,1877.644403626351,1881.899918243134,1853.9364418615103,1857.686996370286,1874.406212659137,1873.8836511769487,1911.9597180226733,1891.0924521113382,1909.9278917966938,1866.2455526934707,1861.188966990659,1851.2294750686028,1878.617190350496,1879.8423589920035,1852.2944613741145,1871.8068156788686,1854.9792512904548,1870.9546705020662,1909.274947546288,1884.0107683340423,1873.436239964134,1851.3246433961897,1880.6180814019153,1881.9473664527002,1906.453405034214,1866.387378760195
KABIRDHAM,1877.394973747328,1849.4811081859496,1875.7657471088016,1864.4257057934417,1905.9542696142348,1892.7073071933155,1887.0783612818998,1918.2791330731854,1875.8195466506672,1849.9826409196107,1876.7814760231895,1879.4123124349594,1874.464085273665,1855.099362157264,1875.4320351768504,1868.430514822174,1923.5478635663064,1891.9583606918036,1886.9760804450511,1910.0408547063657,1877.2487282720801,1851.276194131824,1876.8070281499186,1876.6274954103003,1853.27033300302,1856.8683157782589,1875.4888168887092,1891.6635848008748,1902.2464771710142,1893.4634136578068,1887.057089465142,1886.5531215871151,1875.1793478875345,1850.0210107234584,1876.3377351559225,1877.082159125856,1850.3754823851202,1854.1276362078427,1875.1987798498033,1876.701133250527,1901.7018720582184,1894.6813432519375,1884.288359562107,1866.5903975023646,1877.2634241973385,1854.2198742864732,1876.5266973479215,1877.3455354180082,1850.2703227450843,1874.827179230727,1875.342309688871,1875.9045768532555,1916.38417182842,1888.6511844733104,1882.9560107900647,1919.4472066869641,1876.312648514397,1850.4711623026028,1876.38970974605,1879.4773258921161,1877.063010104081,1850.5760803294029,1875.893083804512,1879.7614437712712,1898.5194049842394,1897.471195529729,1886.0202038177706,1865.0089885485352,1875.8592714995702,1849.1515302004177,1876.4518803942744,1880.6020717483136,1876.2484375163187,1853.69641776152,1876.317805545702,1872.4492111396466,1902.7403561614015,1888.3365433414372,1880.8382968554254,1869.2384986638522,1874.3191465024217,1850.9038323544885,1875.8058256569393,1877.379752705867,1868.1354260483706,1855.5690303015144,1875.8170868296538,1888.4848663754622,1900.2902215247088,1895.395093577359,1890.2999789710245,1875.780073584413,1875.8271866045775,1850.916876769656,1876.0053135827836,1880.4511302099854,1850.3706618923902,1855.8191970942485,1875.4111341542448,1870.2780001021738,1918.1626744292555,1896.4918100054417,1889.5166448048546,1921.8640940151513,1875.3399205907938,1850.073795757799,1877.061264893247,1879.8975714006108,1850.4057670770596,1856.8691409467767,1875.7447340830286,1875.151107748331,1910.9025688857125,1892.520739628915,1875.7569646129934,1857.8298840062544,1876.45434527675,1880.3362051260126,1899.4309137742875,
KONDAGAON,1850.365741423682,1877.0999200592103,1874.951483165146,1856.2663196767921,1923.4678505108827,1880.886559045833,1874.790238329752,1868.2453741787585,1875.7032545556197,1865.6936749945228,1881.9258733788283,1873.189371665345,1851.5690042886579,1876.6131723820363,1874.889782232322,1873.914610117707,1903.4470764884293,1888.318254432793,1874.537998231125,1925.5736754549866,1869.2070253988907,1856.22482584064,1876.8073175634775,1881.7324669504112,1850.6222444563202,1857.0309821833207,1874.5176847801986,1872.1747890930787,1897.6123357977133,1875.3263404107856,1888.8056677776567,1930.3050575441307,1876.798983950114,1853.425929519444,1876.5277872755712,1877.9369142991445,1850.7963402481248,1868.7690530661987,1874.4376389512588,1877.1724116073233,1897.6221852656793,1874.6076859385926,1876.661113314682,1915.6391355579128,1856.2085983017475,1854.671595334586,1876.060658680397,1878.434776568768,1850.4981066848538,1872.8460608953942,1874.3191499428412,1863.4752838015004,1888.8409009243119,1864.2683389251547,1881.6724903752706,1899.4381398794842,1857.6358640924973,1851.1459919867477,1873.98988785262,1880.7241489508394,1850.299178005559,1874.8368154992286,1875.1742771535512,1866.1837236146257,1909.2726187828564,1866.9473302212257,1881.595905801717,1904.524025452115,1875.8809743380064,1875.8769181258892,1875.555314039751,1881.4332511435127,1851.3585948596547,1877.90029205912,1875.6320089326694,1874.3531769244314,1922.0126548042101,1868.7958101158947,1884.6377132285174,1866.8496211609418,1874.6740397201854,1850.541279828594,1881.9499132643464,1882.480790321546,1851.2466809868847,1876.5386892267113,1873.1199205720584,1874.7845670622016,1905.235554291182,1879.7295895788643,1881.3935024438665,1866.7932164846816,1875.8121410111203,1856.5216507951818,1877.9120571617023,1881.6438854085125,1850.991175944391,1857.4365165753097,1874.6644649564462,1874.7573962350896,1896.409994393747,1881.181642870638,1888.3505833861536,1926.568967266369,1876.1595566862566,1854.9679562191818,1877.6173746278307,1876.1601375486023,1850.299024945097,1870.1367893841377,1859.630732083678,1864.5841250912526,1891.2674825431752,1876.3082768199877,1875.4643462793283,1853.9497552173325,1882.075438435269,1873.5164652602489,,
KORBA,1851.176207475717,1857.2173250976177,1869.3005465201911,1874.5565425649258,1913.9294845893214,1891.4673964496878,1895.704079810784,1869.0111059075828,1876.39965855134,1849.9259752782216,1878.7452500866466,1873.3894705406062,1850.425581432681,1876.1195067960593,1875.7398822955245,1875.043613805691,1902.4305591681227,1891.5435355758216,1904.9873584718434,1866.2488868079877,1876.9933468707932,1850.8161553978716,1877.1730665410066,1877.4838349317872,1879.909336332271,1850.725006720524,1858.0725983069494,1874.8863365461882,1907.183169704706,1894.3430911414523,1923.7296128406856,1864.5623258258677,1876.2916534832104,1850.1768549026162,1877.6608574185443,1880.064335951705,1880.3418177723133,1853.258905929818,1875.5411426067094,1868.7142332898384,1911.4582426696843,1894.5029644334663,1886.21988953098,1901.103201631134,1872.434182783038,1851.2452257129262,1878.2566709306739,1881.5552262837641,1861.993322408122,1856.887306887818,1875.6967778499495,1866.03074502117,1920.2420099267963,1895.3389738086091,1879.4604642411289,1876.0709151019278,1855.0698711979944,1850.035306242899,1877.4619609714248,1881.3686511528163,1850.3678743365535,1857.0495282798859,1874.5634445478513,1867.183491896872,1914.4448356123016,1891.6114800720486,1896.413586532632,1871.4389114212818,1860.3912154341713,1855.3699444759886,1878.836060261021,1881.6030241578787,1851.0188190994934,1862.288685595328,1877.0340605156264,1874.5909983245842,1920.0920002813177,1891.966999297448,1911.0147054469214,1868.8196490118244,1862.0657268712594,1863.5641604998727,1881.727470827142,1873.5032324381605,1850.9460242025134,1868.0704397839431,1875.5663674227394,1875.3799960916401,1917.3618095983547,1887.5338765057684,1882.747629229794,1866.8856171543582,1877.949300883896,1851.0593305042546,1881.7819753247293,1881.342269658595,1879.5471108202362,1851.6497043021946,1875.6683573125536,1875.667309789923,1918.9829472218532,1887.9977442316126,1885.6574490416376,1873.7548282377188,1870.5548110882226,1850.1237363640043,1879.1079215861062,1880.4677640021957,1879.8853163796061,1853.394477853603,1868.7814162635127,1865.3574582896001,1919.820589170479,1893.4674806845333,1877.0314823910526,1850.6477028873617,1877.5544477574465,1877.085600073092,1902.595351889302,1874.293708877306
KOREA,1859.7050723760017,1855.1087866816258,1865.70820163279,1872.1719745161413,1922.7777539221297,1895.139038649232,1895.5235929308267,1873.6524303243361,1872.0775791567607,1852.1719358029827,1876.9143480004518,1875.3165514507045,1859.2461839639202,1865.9138196012461,1873.616475626304,1870.152460620984,1906.0143309551595,1891.681322456333,1918.9660766746304,1872.3448738740246,1875.6683741081354,1852.2591901536957,1876.2845871793222,1876.2964896557548,1877.834189259238,1853.1162102352384,1869.7568760843278,1872.262305910551,1905.0926873311669,1892.8732396130463,1922.4840773355625,1888.9467431241912,1872.9010618285815,1859.2105201455265,1876.8828577165489,1879.4937982434096,1878.8893372581463,1851.852166937744,1873.3145242889161,1873.8634965068175,1907.3512131787934,1893.8510831210863,1893.3237458616672,1867.3806820288507,1874.3070176658473,1859.052976696815,1876.5486256984982,1879.6008505972727,1861.9296239927592,1854.3574852163133,1874.3543846493922,1875.1948871941086,1917.853348834217,1893.6854293303911,1880.045753011415,1873.7195306546307,1869.5619812980246,1849.6146706803415,1876.4662597405077,1878.698327054818,1859.6887359661014,1854.7451975937197,1868.6617558500106,1869.5237262441472,1898.8387733844968,1893.7361940372866,1915.5464074475356,1866.3420322826232,1866.317366538244,1851.7646327394773,1877.2248922162246,1878.827202925108,1859.655258552583,1855.9075916486383,1874.265940315162,1868.7122406380604,1914.7413379920713,1887.174138922359,1916.1471342807356,1872.6273248381056,1869.2852786478659,1863.1665478865964,1881.1398166165638,1874.543059051134,1860.0224609669394,1864.8944428374436,1873.1829331504182,1868.0985360946102,1914.2493632818043,1888.588568073354,1895.9655288243682,1870.8323636512491,1875.779460244937,1854.8116910558715,1879.124747923685,1879.3788257625583,1873.0463709637359,1853.6668558876815,1873.2530852648158,1873.5144282471963,1915.048626215815,1891.4175589144322,1895.1048185337384,1918.4868622201168,1872.8657567481723,1859.423175277767,1876.7223531582506,1878.7393836396875,1878.877335790943,1851.8507461076551,1866.6160408979836,1871.0404470711694,1903.787692889063,1892.9544637534896,1874.1475070625916,1859.5742331998545,1874.798194263644,1874.8021213714867,1923.6412321563591,1926.1426501408548
MAHASAMUND,1850.4250377630042,1867.092604813981,1875.0814078187732,1873.475555257533,1916.7900301201098,1894.2903652674347,1886.089659093797,1873.8646586866657,1876.6499332867993,1852.1703151170163,1879.2658327550882,1873.307746872563,1850.8598309442668,1875.457872507543,1874.6874105392742,1871.49264057585,1917.479748069998,1886.2298050235179,1882.5379143562695,1878.9035977678977,1875.1364143469525,1849.7465552637882,1875.4982865190796,1877.5799963423792,1874.5225504731225,1855.0351803224362,1874.7660010784225,1870.2138224760865,1915.6397366767558,1891.0524462364472,1897.5137814914901,1866.6427535400771,1870.1766305844121,1848.2615113844495,1875.4743446353452,1876.3187163451692,1862.1728651319918,1854.3031204178933,1874.6471970948753,1876.1133071530728,1907.632002395144,1888.8344426389708,1897.0055050057413,1894.7024215434692,1864.4870244247809,1851.7010685390069,1876.7593493587856,1877.1116432711826,1851.592036368432,1853.576461721345,1874.9752681008827,1866.7727599722562,1904.1847329408572,1892.6537441653568,1894.6806181659942,1904.0697432780348,1863.2597007971742,1849.4049769351366,1875.3389373106763,1881.079750432853,1850.5906990245385,1862.581987798499,1875.1344620320292,1866.9149839199818,1906.7148661803888,1885.7399158966332,1890.542321059128,1871.9184628360965,1875.6767764070705,1856.2909430038467,1875.0576625475917,,1851.1238016288812,1871.750866830129,1875.148125451666,1873.6491913685145,1915.0092370120499,1885.5949532995971,1878.588540294291,1887.2393695962865,1859.179905266406,1852.479156920134,,1879.6843095454462,1849.221169025302,1875.346319644768,1869.1846260074237,1872.9235901752156,1917.3145822328606,1895.0311034161232,1882.4949432835117,1880.366320432865,1873.7977915369588,1851.3403910519917,1874.918848932697,1878.3891748583387,1873.1200862744456,1856.8181359101388,1875.1365647715659,1873.2228995109997,1922.2511431851096,1881.6497144904824,1895.6713867868646,1866.963854859693,1871.5401386813107,1848.5095000638676,1876.3368126412415,1876.1693567275665,1860.3942274485173,1854.6029899954076,1874.6771127101201,1867.4049734124872,1914.9849649145335,1887.573858912699,1875.314731149318,1849.2790407005104,1879.9320025698503,1871.981500074029,1889.0703421048674,1867.4158297336373
MUNGELI,1867.5572904908236,1858.495467277355,1872.1497907308808,1875.9673459261774,1924.8328922885541,1890.7356934134316,1889.7437824198087,1869.4652972039223,1872.9435767379443,1850.8712729690715,1877.3775172858243,1873.9789733413336,1868.306853723489,1855.2286128340309,1873.3177086886415,1868.2835769232352,1915.6629842502568,1899.2009702893668,1895.7391159177132,1870.1520129382152,1873.5783130543482,1851.2685623380123,1874.9779126704325,1875.1019963508231,1874.21118105906,1848.330325527338,1870.6277466528472,1886.2774598337273,1911.1173547719802,1892.647317015351,1914.3225764827807,1919.7849271447594,1871.2209168363252,1846.236371018557,1874.8114789201488,1873.8892674335468,1851.6820159444326,1845.9521864520846,1872.2383173956796,1876.0360814036908,1911.3930724686934,1893.2925670997206,1890.6032103398768,1886.5523163480902,1872.2177212959639,1873.537380125102,1875.866429961138,1874.873445754769,1851.6012587110013,1848.3953877232252,1872.3773533252363,1870.8579307428763,1921.157371610566,1894.1711346105644,1880.9988934711585,1870.5574368331004,1873.5562770184363,1849.3611638502655,1875.277322980146,1876.3519906743663,1869.3243741155804,1856.3226440854214,1871.8685098732817,1872.0309557122362,1907.37732649364,1895.0444633074874,1889.711413669017,1869.0183154340143,1871.1685638704764,1847.14469999294,1875.5155479651437,1876.465705066336,1867.4696096533944,1856.942259268862,1873.9378609906867,1872.516968483942,1925.250032840737,1872.031180023671,1890.036001147689,1865.3032958448473,1873.6173136707596,1845.9048118993633,1873.8471524705596,1873.90904045228,1869.4150878719095,1855.2051290989518,1873.38024928139,1882.921652503038,1925.4461829198233,1886.5208159406131,1888.065049078621,1867.4676370735172,1872.4831874876934,1850.525686891713,1875.5813259799386,1875.4176191799775,1863.2338243826048,1847.3390701645756,1873.3948580160147,1873.5087169887968,1921.9826167852914,1879.3866982218651,1884.1853499982383,1921.447297761655,1871.6020384777637,1852.258868710918,1875.8139329091432,1873.6423052259804,1846.1027547014703,1848.1764842559896,1871.0002009864297,1871.6542732233725,1918.0351949195526,1882.3228482787936,1874.9830993938929,1869.0480170211385,1874.7826908724774,1874.91208173558,1900.717382192928,
NARAINPUR,1853.868223105895,1857.8049256157383,1873.53144149268,1869.2161899169053,1916.504966457888,1869.1536845020244,1891.6130606539757,1881.9598504819887,1869.6364998097224,1850.5031754968552,1878.7009356238796,1873.1466235050493,1852.3076382901013,1854.6328529703003,1872.9595408062262,1867.8270189202185,1895.8191846859247,1877.0424346584612,1875.5947098645736,1906.31769161188,1872.4020123135645,1851.969798119571,1876.669657629253,1876.8710984915494,1852.6015636672105,1860.8145744718827,1873.3835512259468,1873.6126688407965,1891.204718378772,1871.6098550815534,1898.3700377268149,1897.9341666919827,1871.7615113424558,1850.160331505961,1877.366472417027,1877.9208962158143,1849.4339842364452,1873.8213758868987,1872.246533136113,1873.938631386887,1910.59998688936,1878.9184148419172,1875.956209399698,1891.0735513514285,1870.6500305984766,1848.2200707621025,1877.615178226632,1876.790852506685,1851.8248310631027,1872.5830988466446,1874.9409778374545,1871.9400645967926,1909.8546818568739,1867.7612566135283,1871.6024979475894,1904.230101760485,1871.660378389835,1852.1788436190031,1874.8687985753354,1875.32373340837,1854.3802898161011,1855.713922205832,1873.6059151620957,1866.9812675205915,1902.6398260038868,1868.1760859241035,1876.9917005817426,1893.4708244874626,1873.364663013911,1858.7217090443803,1878.4148574269398,1876.431550315804,1848.4714528197007,1856.1107762144968,1873.8352436402945,1869.6893305750953,1910.9199837865165,1869.3688263209824,1880.1370975172294,1864.2543706212136,1871.965103771999,1848.053395478363,1878.173471433794,1877.0016228613895,1850.204618756996,1857.6701518354446,1873.8175051974256,1870.626112527492,1898.198163432589,1872.7290007824897,1891.4406524178085,1867.6584100324962,1870.1131586371775,1847.9238588674757,1875.9739288091441,1876.57358679097,1851.515963167708,1865.660318217512,1873.4984014676324,1880.264570597484,1904.3852400235314,1872.8194575474238,1876.24842083037,1924.5587064088068,1869.5746051372291,1848.1656045467607,1876.9111519212743,1877.4784762399568,1850.1731874553348,1873.2995430622263,1868.3950439815944,1870.9800170141805,1911.1532011500224,1877.8834535502087,1870.5981028794092,1850.9007631955103,1879.463501634333,1872.13572384597,1875.382025462776,1921.8495427184482
RAIGARH,1852.0020084483397,1850.5791516012594,1871.1830797740704,1874.3428540115135,1907.2409998029652,1891.1960098161721,1888.666358915356,1867.168950634474,1872.2983876599974,1848.90394350734,1875.3698169617226,1875.281177781868,1850.457447701378,1854.2668255400977,1872.3324100655739,1868.9676748473114,1920.39517355793,1882.1176327593253,1894.8184702420729,1896.747910014326,1873.5437826967166,1849.6786034505246,1875.5342786606539,1877.143381969136,1865.7656383735223,1860.568689616328,1873.1833051151802,1875.8375206443714,1912.8626780620414,1879.331580721446,1907.3411644075795,1870.2612185973337,1871.6661258336298,1847.186699338826,1875.096454594574,1876.8633254361923,1866.0227623262044,1859.687063148816,1872.268177759638,1873.079581380182,1905.497962986233,1889.2869139665916,1894.3193543389932,1869.7935028080126,1871.1126260765166,1846.6498768665926,1876.2826168933439,1876.1081186284878,1865.1113053353686,1850.4919553044217,1870.2884395924366,1871.4050258891014,1909.680576965014,1880.7667830686912,1883.9561910803513,1907.927456037773,1868.639907197628,1851.135702185366,1875.153352161794,1877.38508052134,1856.7210506372312,1849.789431664265,1871.447769813755,1871.145040116539,1914.991543582891,1886.398480035591,1893.0798312316276,1878.0305093038328,1871.7921383511798,1849.6656145449326,1873.853804624132,1876.8698117122626,1850.7917785519592,1855.1301258332057,1871.9470358091983,1873.569626510049,1917.8451682978937,1887.4532115941954,1895.373666943325,1910.3768314562908,1870.9716835092697,1864.779865243753,1877.7750297629366,1875.4637893161535,1846.3491038610282,1857.056634459611,1872.9952865223388,1871.7898580041813,1914.2502024867001,1892.3543111992906,1888.430609222784,1896.8548651957992,1873.183588662632,1847.9577074115884,1875.5244879361273,1877.3152270268195,1864.2957024026734,1860.6326884666391,1872.9991038036815,1872.3545600322245,1923.762071883992,1871.6391817897522,1893.4190263573266,1866.6643775581508,1871.8176689660256,1846.6190935572715,1875.5109558776292,1877.7345609634247,1865.7730779421183,1860.9682349461552,1871.837581210741,1871.1467819221186,1921.2314753398853,1875.5957451528695,1871.7697843226865,1848.0956492474847,1877.942782147456,1876.579186581307,1900.5792246061299,1866.016282604673
RAIPUR,1851.8764421917112,1872.1837625649882,1872.663245542289,1873.7158988030517,1920.6678518005438,1897.9829691260366,1889.8675219472077,1865.9076523679616,1873.8061004887593,1857.822500141375,1882.0796346121256,1874.7116573061303,1853.5221352389199,1872.077427766987,1873.0117510785967,1873.6217497664716,1908.6238266455384,1896.0396130672864,1876.1132573227835,1867.0347280875628,1873.1750323937865,1853.0525064786884,1876.7213964664365,1875.1891921854756,1851.0808850156898,1855.079032211318,1872.7954649973003,1880.461424526417,1914.4430712286533,1895.3431571051221,1894.8030962951495,1892.6803784474996,1874.0255218493176,1850.8251945742215,1875.7826629945596,1875.3378559398748,1852.4130981835149,1855.0259414036786,1872.978869216462,1875.9752716859082,1911.8195522956275,1887.9872515152365,1893.6252735594353,1894.0353913027984,1868.9300950359107,1862.204029281385,1876.0096851566268,1875.8059964064691,1850.6503344370158,1860.8609821572802,1873.1617598430307,1865.6981232968683,1897.858256496485,1891.4180898396673,1894.9747920561997,1865.835266475796,1871.734254468182,1849.9824430898698,1875.8015237228822,1881.454286200165,1853.6537484393436,1870.4912780170957,1873.4561484400454,1865.8306951599832,1912.9254472657158,1894.5869755675596,1889.8787382714843,1882.7786795836116,1873.0048896957476,1858.9200036535158,1875.440140128398,1876.264579434138,1854.903097029467,1869.5044289512416,1873.700003318373,1872.8493750716843,1914.081567804426,1882.173523049162,1892.6628748381745,1865.691971717069,1870.0671288174722,1850.2904936401324,1873.9649580521927,1876.1123587860036,1853.8031266216738,1871.3982530016283,1871.9236505451545,1873.0674401220426,1913.8019290153193,1897.1654043544731,1887.5820229641463,1866.9535013389877,1871.7948653322812,1854.5445867406297,1879.6700583813345,1877.9244643133552,1851.3773376144175,1855.814078106895,1873.1664550594558,1875.3825084538094,1918.7041631095747,1879.786528923276,1894.143515689927,1913.420037377117,1871.6933029711463,1852.2373801331123,1876.9243074121352,1875.4820942313181,1850.063185102132,1855.4939725541726,1873.1234222042694,1877.4477424118807,1907.148384900565,1895.9874090094231,1873.7495042957635,1851.054316161515,1876.5536710048514,1874.2242869743422,,
RAJ NANDGAON,1873.9733299687368,1855.2597084077563,1876.43717465739,1868.6867960543482,1907.407341636313,1887.3470962074066,,1917.9728452007369,1877.375324831303,1849.854123808314,1876.2808788648556,1877.7081077198043,1849.980865880122,1857.0643608218795,1876.2108513059434,1870.001303514732,1897.2312819153424,1892.2420951406552,1877.2630714240627,1912.3411920641886,1876.3614829749524,1852.0467263944513,1876.605952184876,1875.7837015449825,1851.4035491355398,1864.089600271871,1877.3286912920835,1888.586715799048,1890.3685367978144,1891.4667317170315,,1883.84731924915,1874.3420769885802,1850.586647846566,1876.4243114291235,1877.5556214770952,1849.7520375149743,1868.1566674281537,1876.0390674192986,1876.6553082717255,1903.0077697359102,1894.7162129511669,1883.6231359539406,1867.872121603628,1877.6461831940778,1850.4819126018228,1876.7353226103835,1876.965337442292,1849.8661130526257,1876.541336809007,1876.3987347876498,1876.1371876966775,1917.0249673242258,1880.8482623470964,,,1876.304309743264,1853.898789862317,1876.5253801232034,1875.6281819934252,1871.3986892173918,1854.318544762362,1877.0675731062279,1875.0392902770259,1898.7003695789751,1894.1014936353754,1882.8515385508088,1868.9193766402832,1878.0287444670796,1850.1259265383812,1874.8898467918773,1879.13933034013,1859.0737087840114,1858.076601374328,1876.3113430544583,1868.2341172331955,1902.0943344262369,1880.8893610642717,1906.6813176729595,,1872.5509191081921,1849.876040187356,1877.6465824482739,1876.8793965770003,1850.982545718653,1857.171771758755,1871.5801353708348,1875.6080010831654,1895.6715163311073,1890.3285044560828,1889.5409589432588,,1871.3072558018,1850.6811591510282,1875.6107609909066,1878.0453883955402,1849.8690600991088,1865.4467428693854,1876.2088083623896,1869.500999077399,1919.6551321298623,1892.5033454969948,,1924.3356324341153,1869.6218311652856,1850.518376542752,1876.5193468717728,1880.9564589958263,1850.6048138446372,1876.0158616215556,1875.6028705191775,1876.167672840655,1904.331137220932,1893.8000657506811,1876.5834438429772,1850.3958979504025,1873.6592910883037,1880.5485166287228,,
SUKMA,1851.2289852158297,1876.7524120261862,1875.0218693474885,1862.386265450697,1898.7750120991304,1871.9277649013459,1882.4531629247356,1876.5911537955499,1875.3296764447578,1857.1112184195697,1871.9644971123012,1874.6249663024616,1851.5367154040248,1876.3909113426494,1873.1881278153542,1874.5240040321664,1890.718024004858,1873.8512893536592,1888.7903508752643,1901.416410176008,1863.5345831897216,1872.4347349503705,1866.5790347776367,1880.3432336117114,1850.1332711397997,1871.598475473255,1875.041992472895,1873.0604231908999,1893.2321540931696,1868.409396941511,1887.6184290427072,1908.4498347818687,1875.823954798079,1856.5558051379883,1878.2068594559523,1878.3991549876205,1850.2893287471907,1874.9247021893448,1874.289032080286,1875.8850802515385,1880.732565939785,1870.4321442782282,1875.6256505690806,1915.9999936247127,1865.2311757861487,1855.730212254124,1882.5151651869187,1878.0847622002282,1850.3427017535416,1860.8709811858203,1874.598921840962,1865.8960578585886,1895.708929500948,1867.2520985139706,1886.202157978635,1896.795010524393,1866.115478147011,1851.651737156861,1875.9089240745993,1881.1934237792589,1850.633970715168,1876.805202802967,1874.9799115207518,1871.3605607400402,1920.82489848253,1873.145183154423,1888.693704085781,1893.379916636293,1876.1757112927482,1866.828710450625,1875.963120169545,1882.8255222988973,1851.4762201776446,1875.670964817089,1875.149079495562,1874.4914646000368,1900.8766048146522,1868.456057798627,1876.135427905901,1875.122022284956,1870.8787773566446,1849.6007136102646,1878.911438798159,1881.1911079843771,1851.5645764314604,1876.5367238678095,1874.921647592942,1874.8975986193275,1892.5366828312494,1868.9435339599052,1895.779376062096,1874.4210523628933,1874.7792216138369,1863.8434658778096,1874.9669690900055,1879.7602018783505,1850.6781593926785,1873.151241633622,1875.2031849357613,1865.168696775009,1893.1151738993833,1868.895739444474,1890.728613850725,1914.9098872166937,1877.3696821777264,1856.4718505133137,1876.7834928253073,1876.2717170996905,1849.944999525544,1874.5757020963097,1869.5021292831577,1864.2663475650295,1891.1183637881759,1866.0842450281013,1868.4658545547009,1855.7056763358426,1870.0564797554478,1881.9982869857824,1871.834584099456,1908.1660008267997
SURAJPUR,1851.0626461119755,1856.961242345901,1856.5554735960316,1875.5817345442545,1920.003621371849,1897.125681639871,1899.1359357993606,1866.692041182419,1878.181981183435,1872.7584732922032,1878.3716318940776,1873.547323831456,1850.3214808890054,1860.1825799947067,1876.1228601715452,1875.868621882723,1903.052097391273,1894.810594413794,1923.6035482822813,1866.2765477140815,1877.956897649669,1849.742523646832,1876.8025198104988,1874.8939590669215,1879.3186853963216,1850.5762570889692,1865.4338959015972,1864.5597853383206,1910.8640921333013,1890.2609479920636,1926.2737187467349,1865.3549675377071,1878.135363388082,1850.3937709196791,1878.1336321893718,1881.6264013249724,1881.0309588055056,1850.129827398232,1875.9950456406746,1872.6438992528147,1907.7471962866427,1887.353882802635,1893.4338971039338,1892.4246790495795,1870.3826840282588,1850.4694063893307,1877.4397525182037,1880.8777121443813,1878.788408337145,1854.0459038354943,1876.5356292958204,1867.4688976902464,1918.7690005658137,1891.9592508275061,1884.2443178837007,1871.034632072987,1864.780360455031,1849.8317067417406,1877.4041545971238,1881.3508750806336,1859.5596699290077,1856.9398518883859,1867.4611968262514,1866.7616924194685,1910.0250460210314,1893.1967839057397,1916.5473394086166,1869.651039287174,1849.2425489503034,1852.484968068487,1877.5006541760363,1878.5968911837706,1850.959358286842,1856.722231156275,1878.535129059314,1856.2434926561211,1920.4449981685968,1884.3411267673023,1918.6579325533962,1867.0289662390664,1863.2005498980154,1873.3584384120193,1882.2936859142187,1874.2442764662821,1850.7809733844238,1860.8316950163244,1876.1817696302073,1853.8202117261292,1921.6117947595205,1888.1005845210188,1893.4527043608057,1864.5412761986179,1877.1156021518211,1850.180127204385,1879.7783835701634,1881.7953134979587,1876.45238795901,1850.8716412637891,1875.9213675301132,1877.7110653903524,1915.9256397321594,1890.6889689939767,1889.2535196724427,1869.5763136582148,1867.9706002338924,1850.4227769203549,1877.9486471266955,1881.8327982591877,1880.702771055371,1849.9665477075782,1855.9283044682124,1852.720454340666,1905.7862203521981,1891.3901910334403,1877.9479933766693,1850.4716057921057,1876.3368118963426,1877.6348987863578,1906.7023249485949,1879.8422529756683
SURGUJA,1858.1209167579054,1850.9394810865942,1869.7938060175322,1875.2106661932737,1916.6557989265964,1891.2500290685043,1889.9851842596872,1867.8850842354082,1872.8933794997865,1847.6320442062322,1876.3679072558787,1873.1059650591646,1849.8586245641113,1852.1610911638736,1872.6896850880041,1873.1343199583387,1912.3876321902765,1892.0762166874572,1914.8053775843966,1867.5613844316497,1874.9005592083374,1849.1082421803694,1876.148836385641,1875.59944290182,1875.7946325492835,1851.1075391398294,1874.722243065454,1873.1433107121866,1907.6111605463993,1888.6458053147032,1925.3176270907838,1865.2955179413152,1872.7603402592126,1848.0478701533543,1875.8682217197304,1877.399001361712,1875.268056834772,1853.3176656033468,1873.1241397148258,1866.4536316330966,1899.886928109907,1888.1578706418452,1888.6926215706578,1893.9241031133636,1870.9651060960502,1847.3194652035475,1877.1835232126346,1877.3694782883842,1874.600901197739,1853.8765817472772,1872.0484969568274,1867.8523131034835,1914.9398020849526,1879.686093222506,1886.3203866057208,1879.9687877549595,1867.495980667023,1850.1173590285553,1875.9964902185366,1878.0495283063644,1865.533588561343,1851.7172714495202,1873.031415711544,1868.5134979658708,1918.795471738434,1893.4760433193837,1902.9138319438719,1871.323895667268,1868.7940658883197,1847.9100954220926,1876.0436916214549,,1850.568235151479,1850.3651564720524,1874.9103983821556,1871.7554500381955,1921.6818733931523,1887.4232118927714,1915.1974982277573,1877.5814177792847,1871.3823893625581,1871.0445239703029,,1873.9429556040434,1848.4125922648518,1854.118510063702,1872.1374353940862,1873.0502082263088,1922.0360112785825,1890.5043224690876,1892.165804117333,1872.8780545424386,1871.5945812511245,1849.9508073050777,1876.6033996236042,1878.7295404665122,1872.6244899257063,1851.4534940531119,1873.402292729099,1873.2725431106346,1916.7367151288076,1888.5498825828704,1901.6836334547345,1866.1534192713204,1872.3162350795844,1847.3896942035692,1876.5768082160569,1877.6596651032362,1876.6654791319997,1852.8098416233129,1870.5193794718257,1867.7749493306742,1912.3618990960751,1884.7102993519711,1872.7927401340535,1848.8975542359367,1875.9000901084905,1875.0305900805138,1907.2721225307923,1867.446351911906
UTTAR BASTAR KANKER,1862.2074522732437,1856.4993243206668,1873.0953561905487,1865.6953574300494,1911.3639406239831,1883.8146215860297,1873.3606240009788,1888.413534010798,1872.5352508160074,1850.474011446464,1876.9852719926537,1875.2908098670516,1851.623535641195,1856.3144786283385,,1867.2156069722093,1896.0690928113588,1880.2682442000012,1875.5961655705078,1909.0802743570266,1874.7525223756927,1851.8888137888332,1874.5658852298047,1877.225788902536,1851.5055363170168,1858.5013681689775,1873.0394395757,1872.179847008071,1893.4442054688025,1878.2601920280715,1895.9291321986711,1905.5609065028727,1872.9384244938383,1851.0664001106402,1875.742545455071,1877.4843086630303,1849.9468215966551,1870.348129917386,1872.2589406176148,1875.0935643578744,1911.633669508418,1879.040740291186,1877.1493792194788,1890.6296743469293,1871.9998504469502,1849.6349624542636,1876.1550401190627,1876.2482961400283,1851.2072599590063,1873.6619378284652,1873.4237667319742,1870.6796315709823,1912.1104421461762,1877.0388707972406,1881.747484526806,1900.8992204080034,1872.8403492124094,1852.881960076181,1875.648242719987,1876.3534637879357,1863.0702050232007,1856.1000979519097,1873.3928880631875,1866.68894599923,1906.8353166949637,1873.6198477998953,1876.006685827603,1880.9410901798399,1873.6200105864693,1856.689829939053,1875.845990547173,1877.768033433013,1852.348737743341,1856.2527061767423,1873.355964535787,1869.710560462399,1908.5736789205105,1870.0528408082375,1885.5628583399018,1864.5651827375268,1872.2762129111404,1848.8717006469806,1878.192825650776,1876.0239007150915,1851.8492897930453,1858.4077039273286,1871.9834450716546,1869.68789651506,1907.0101674256837,1884.3704046615437,1888.5804029762903,1865.8065596602876,1871.8317480644425,1848.8609259173334,1875.0809163443882,1877.6912217718932,1850.9519875609824,1860.9599107905553,1873.6134531505504,1874.7778070586805,1914.987992622314,1882.1610843626918,1891.4853707944103,1921.7170927177049,1869.5280006838527,1849.4388565607258,1876.4890865479513,1877.936128447418,1849.231653132555,1870.3882649336003,1870.7146908249479,1872.8166105413936,1910.3981094956405,1885.6267333374653,1872.4584774130117,1850.4306961911311,1876.8695936275037,1875.4934132155292,,
