district,2014_01,2014_02,2014_03,2014_04,2014_05,2014_06,2014_07,2014_08,2014_09,2014_10,2014_11,2014_12,2015_01,2015_02,2015_03,2015_04,2015_05,2015_06,2015_07,2015_08,2015_09,2015_10,2015_11,2015_12,2016_01,2016_02,2016_03,2016_04,2016_05,2016_06,2016_07,2016_08,2016_09,2016_10,2016_11,2016_12,2017_01,2017_02,2017_03,2017_04,2017_05,2017_06,2017_07,2017_08,2017_09,2017_10,2017_11,2017_12,2018_01,2018_02,2018_03,2018_04,2018_05,2018_06,2018_07,2018_08,2018_09,2018_10,2018_11,2018_12,2019_01,2019_02,2019_03,2019_04,2019_05,2019_06,2019_07,2019_08,2019_09,2019_10,2019_11,2019_12,2020_01,2020_02,2020_03,2020_04,2020_05,2020_06,2020_07,2020_08,2020_10,2020_11,2020_12,2021_01,2021_02,2021_03,2021_04,2021_05,2021_06,2021_07,2021_08,2021_09,2021_10,2021_11,2021_12,2022_01,2022_02,2022_03,2022_04,2022_05,2022_06,2022_07,2022_08,2022_09,2022_10,2022_11,2022_12,2023_01,2023_02,2023_03,2023_04,2023_05,2023_06,2023_07,2023_08,2023_09,2023_10,2023_11,2023_12,2020_09
BAKSA,1878.1204627220443,1850.9776973365429,1877.382286321072,1878.6399335884066,1912.1572021181912,1921.716706197363,1910.1493832610718,1866.610201049997,1854.734192829813,1880.0119208074143,1876.0054300575819,1879.2643549149634,1880.2262701886532,1852.5736118622272,1872.3825839658791,1854.5379923559112,1894.5676553137357,1936.987612286442,1924.3167451921483,1873.5400513080026,1867.237430033386,1882.6793568374871,1881.717819643358,1878.016947497855,1878.678924926752,1852.836652166176,1867.9353843776244,1876.5587008997034,1908.475209355124,1919.1750831551024,1923.9429388117906,1861.076474091324,1857.3681927889563,1850.5956567541677,1882.7554077202005,1882.9816510939932,1878.0371526221838,1851.1524785524155,1876.0905283544523,1876.9700976892004,1918.4557802360741,1922.1654195528558,1929.9656772065296,1875.2058862311853,1875.2776253507627,1867.4565564803916,1884.5870326892148,1883.1458189448615,1879.344198010516,1848.7456363257565,1878.6099988523588,1868.8988781965522,1904.4832681727191,1926.0120835975733,1927.0552651790304,1866.1011631973536,1855.5397644375882,1878.439567735343,1879.9618444697599,1880.0849728695669,1880.397098954678,1849.9732100867488,1878.4641439871698,1876.4880217144273,1922.9714298474028,1920.8395611145597,1927.3047473802187,1866.298461129569,1878.4189866988825,1882.3705366453523,1882.6373629485338,1881.3516913375265,1879.772168490778,1851.0771694820676,1869.060531274731,1858.3968465488977,1911.212135442331,1920.3029538004146,1920.5891856459543,1869.7463690527939,1872.5972362743125,1883.2334315277312,1879.901737945105,1879.5949793091893,1851.6915901455377,1877.0491619548009,1877.5268021535694,1909.9387425628906,1930.8101668688828,1906.636380722162,1874.07926776315,1861.0928827977261,1875.061997143386,1878.6060040549457,1881.7380415854504,1879.6627071139728,1851.1422502585328,1876.0911702000844,1870.847167116885,1909.417149237844,1930.3631567750788,1932.4457866357952,1867.6561664328297,1856.9376054147729,1850.2553665257346,1883.0916448163537,1881.2965841997109,1879.7313384811307,1849.9933775958443,1869.7870317727436,1876.2982617383568,1918.392701108457,1929.70737043667,1891.4853903359428,1869.4859439704749,1877.3183368069122,1870.688572948628,1876.093399423263,1878.7221715092842,
BARPETA,1876.886089720651,1852.5243003438975,1877.629166082493,1876.9422050970984,1907.0868911104176,1929.4727038990693,1900.2421587621168,1866.3588680983546,1850.4354874508904,1878.8034930562048,1875.4134715018229,1874.9500705970443,1880.331901939598,1853.1679365094296,1854.5851487845239,1858.9145064490208,1906.7812349336668,1930.1302063434307,1923.9029563164993,1877.5118773872186,1876.8739283220536,1884.2829172648542,1881.3004363893454,1878.0177188926398,1878.5673529079916,1856.1310635642717,1877.2367199611447,1861.1462980946208,1916.4083375887449,1922.6890358513515,1925.215663715441,1857.845706956512,1857.5873807529138,1850.4102905420107,1879.585999168385,1882.8590327344562,1878.6828257688162,1850.2935899801785,1878.7692637965072,1872.475029344973,1921.8001735460973,1919.8963622155404,1932.4696247200493,1877.1392945719997,1880.843436498448,1850.218154923996,1883.9053935051065,1883.0214432102014,1880.2608218869398,1850.1287616516163,1877.3646019221853,1867.2249733594442,1896.0325921895417,1934.5537956429032,1929.658253295452,1867.2166506588874,1858.333412262508,1872.6719434511442,1880.35394395536,1881.2894580157397,1881.2642827656348,1852.6931167803612,1877.059816854711,1877.475095838883,1914.8754045772475,1914.820853445006,1927.686307771386,1866.181435261144,1877.5387400204856,1881.673979249305,1883.0014698543857,1881.399500477595,1880.3919762391101,1853.0173735953013,1858.9875137342192,1856.0169415125476,1911.2651800513333,1923.1406410309946,1914.9699071863263,1894.6044095610882,1851.5551537301665,1883.7255399297142,1880.6907145357052,1877.546012426707,1853.1784379064627,1876.3759276916603,1877.4896581874793,1907.878704184459,1929.2234443071854,1912.3772091915582,1878.230696483804,1873.5300339712976,1876.3725113444868,1879.3922690931277,1881.4600749079752,1877.7859969895578,1855.4625251298958,1877.7105056963437,1875.9185777128405,1922.6924401558415,1925.3763425998104,1921.1182129416363,1863.4003714026176,1857.9513114503036,1850.2763634472378,1882.0629290106572,1880.8607456831994,1880.425912976173,1850.2663923748237,1878.9238182476383,1877.4672253314511,1917.6726730134944,1920.8130315627996,,1868.9388532933415,1877.3602629437603,1850.5469185937925,1875.41652828566,1882.896160897129,
BISWANATH,1877.1876093595624,1847.456214513885,1870.095449442445,1874.942259474113,1915.2494706995187,1932.5059964683119,1932.940334545083,1871.8109952521231,1873.0795209581195,1880.755275581753,1879.063361593198,1876.7332117910714,1877.1472128155665,1849.4934645515043,1875.658745737914,1870.7304237610797,1913.7743046326032,1926.1686778971443,1929.5008488069082,1870.5651980264813,1872.6165021776064,1876.597065234317,1879.264829301031,1875.3340716114685,1875.9307563217253,1845.1141379904125,1870.8166323671046,1875.058636856393,1928.7306017003825,1926.1101719866156,,1868.786012734159,1866.9313418893971,1879.1833967925804,1880.2572723881167,1878.7098595672894,1876.2982851636566,1854.013789773644,1875.914574298377,1875.2439973727405,1908.6289516229635,1924.6785407928307,1922.9112742104512,1865.7004817850107,1857.6786209233037,1874.9788802594676,1876.596797507438,1876.6880483643722,1874.6854294137822,1854.559726435778,1865.955266641221,1871.9962686565068,1906.4395802141612,1924.2431349458739,1932.8542571836583,1877.4748692717167,1852.7014917336437,1874.4500662836874,1878.3493449475284,1876.2065725685356,1875.8794395697382,1848.0847662968206,1874.1747285447375,1866.5727068733856,1909.399559206049,1927.3870041098753,1931.9772987634974,1873.7027170604752,1875.2260286558258,1869.3734089810603,1878.7537177204058,1874.1534302997609,1874.2312675700516,1850.1981751165329,1875.2124995020513,1875.006844542493,1892.5704103804198,1921.1442087873318,,1869.6485683230444,1879.4944431923686,1876.6306751043307,1875.4201421842627,1874.7765193610337,1849.1804854454128,1870.8712645860478,1874.4605851731426,1917.4611825978975,1922.0391476731675,1927.5630814313415,1868.5032413969147,1856.7439615173998,1845.1231994770944,1876.0519891955682,1875.7506417182583,1875.6419551492559,1847.0305906929887,1875.9212026927678,1869.6078516279642,1922.7363426580891,1915.7098368706495,1929.411871798647,1865.4045555012497,1869.3488974595832,1873.3674485448057,1879.2480774321511,1879.5356789453099,1875.588012303939,1852.149459675996,1871.8700122373225,1872.3710618162042,1915.3351792833707,1928.113475847251,1929.6239640361182,1866.9790773375798,1859.9710228118092,1881.417753830001,1879.6222263670215,1876.5203838407679,1870.5902411207944
BONGAIGAON,1872.3364673260614,1849.5221742941815,1872.286360628859,1873.0960080603777,1912.4057191168658,1931.8206279063143,1920.9643403770185,1871.8068888104701,1871.9198905522187,1877.350716977287,1874.8778981222092,1873.92878569409,1873.7961450833916,1847.9245509157518,1867.1817418316211,1867.9154715732075,1906.8348322368654,1934.587433620567,1926.1810489290838,1873.2933967214237,1871.753733702171,1880.3063093029762,1879.5416978773737,1873.8439342893716,1871.7645258485406,1853.3293639810975,1873.5944606782805,1870.3388876391202,1921.588315618399,1925.5938888350386,1922.534093751022,1872.297623798209,1858.0389138769287,1863.1218737923848,1875.9784795933983,1878.530472265676,1875.953932009582,1850.696704128736,1876.902018854848,1871.6415832293471,1924.7502124696202,1919.3883880645174,1931.3646048468909,1872.3527770182723,1871.8875133904376,1864.056446447918,1878.5479643493188,1877.9167724817353,1872.1156405467805,1852.1296159149263,1872.1462076043974,1869.662672877817,1903.8720015960125,1911.771124246095,1930.4737844712345,1865.8301549479902,1857.5754494448124,1862.7499528990897,1877.4099652883176,1875.341015033694,1874.327376985617,1854.9842793307482,1873.4759122349026,1869.2526493128378,1919.6054446832113,1920.281962500802,1928.3017159320502,1865.6255232646865,1857.6798232869912,1879.254943496777,1878.5564037589504,1875.5419482627033,1874.626636375331,1849.98314323403,1871.0707241569598,1871.402485368275,1915.2855837689713,1926.3175279355728,1919.7679293151662,1899.28906155568,1863.682834251101,1878.537776314069,1876.4672399109281,1873.4391975398248,1852.0040198172978,1869.7941587971127,1872.416474930819,1909.0791541979756,1934.7291370725866,1911.0735764674375,1872.891077282878,1866.93154572996,1875.0412260268984,1878.8946375609403,1877.058368513127,1869.2628845775484,1853.9187431019216,1874.2397939459177,1872.2308172769622,1923.3107876801412,1925.7428624109425,1925.7851003675198,1867.0657595145915,1851.9762784593267,1863.5223046456313,1879.4363265086997,1879.2222757914556,1875.3359838462186,1849.4797502899767,1877.7336874887803,1876.3105185656382,1915.183472372719,1915.9063812442073,1912.4901186873306,1864.4152595198768,1870.093221719017,1866.1716250418053,1875.0811633679527,1876.5477795384136,1874.7803736373992
CACHAR,1876.9364571221333,1849.643774670176,1877.050285424426,1873.6497969890754,1922.3503519056915,1906.2860635175052,1903.392685747747,1889.2022789820896,1873.146454300311,1856.4603844226954,1878.1749430606526,1877.9726964606136,1876.3188885679212,1851.4351574594716,1874.9906690288592,1872.0468960749863,1913.4792403349147,1900.0680950440888,1926.1729818633532,1874.08416717133,1873.7682856828112,1866.123439313335,1877.6672251852158,1875.2583287309967,1875.0475146131607,1855.2973541349622,1865.9504870898288,1873.4612630879767,1920.2944633316897,1892.910762730778,1895.6564857932715,1871.1348632711058,1874.1045942585847,1874.0918393165678,1878.428392706759,1876.7577448534025,1875.8201429979188,1852.5191987977353,1874.7474641773229,1868.4547244381235,1922.939650758643,1889.7733989042501,1918.5164266803633,1866.1411908623174,1875.8898006452566,1880.5025274727445,1877.4129845796404,1876.9360662357972,1873.7882170406076,1854.6675629034087,1872.6917294812883,1874.5342935760182,1921.8657431461804,1912.4067342014007,,1865.846808715147,1871.437369981749,1854.149603219464,1878.21248136225,1872.0174031597994,1855.4821849489895,1846.8181974765987,1871.9169466447688,1869.1823010640387,1913.8585919215875,1902.946485230177,1927.0882739265357,1866.781392712453,1873.2924315296993,1848.0472058320186,1877.6622926777486,1875.6008673662195,1849.5874478451206,1850.7817126977695,1875.2236515520858,1870.1064663071957,1919.7986168604427,1902.0180699955522,,1889.075525749388,1861.7404917357119,1877.8539501233015,1876.464162709338,1876.9960533561073,1850.4254042760008,1874.4361031230126,1875.1829008240354,1919.393014796585,1895.5301163333268,1927.832904346755,1873.6242478907654,1873.3157540247792,1870.5935961390758,1878.0769378279326,1873.99560631823,1875.8932306449442,1853.9176993975218,1875.4123170323087,1869.8019923866543,,,1925.8316677952794,1871.7593684507408,1868.4162823818817,1849.090871888153,1876.194764587853,1879.4813809013044,1875.1563062153643,1853.5488847227316,1874.7709898927262,1870.6795141567184,1921.6787967078246,1908.5496109572573,1914.6194213328442,,1872.8536525528655,1876.9875003853963,1877.6203338182245,1872.6109963385472,1872.924222078043
CHARAIDEO,1872.6925385421537,1849.7408935662231,1877.7349531959305,1869.54715099511,1922.913061994277,1917.9639585501093,,1912.1961012617687,1872.9601498675474,1878.3086675068223,1875.5524739434245,1873.491044065196,1873.3523010439142,1852.5555983237439,1860.627697267957,1869.1281892777358,1911.7633887107038,1918.7488911715886,1918.546263357473,1896.3544795857706,1853.466923510153,1866.3959125409433,1874.1467426656304,1872.087053083429,1874.1696991984293,1846.0177494821808,1872.8580582012357,1874.013120017429,1909.6003414754923,1915.9354270647843,,1874.7422997299175,1873.2027595099967,1879.7606851545788,1877.7316222627703,1872.7566673755925,1873.6220067954675,1850.4621508699884,1868.4441748729137,1873.9964332265572,1914.3854206478793,1921.6131728859923,1918.6998468946774,,1871.8385074434404,1876.3350940621856,1881.5207626677727,1873.3003205490313,1873.690011469476,1846.2734683869937,1872.6294511187184,1892.3426545426198,1934.5077887637945,1915.8945811484543,1923.1179447588397,1867.2780678982801,1859.1778483942587,1880.7669442123708,1873.4327039200934,1874.2550355696646,1873.2487761625482,1843.9436429845655,1875.8592644313073,1867.4046517004895,1919.826920529431,1915.5107905599377,1910.7917618372649,1864.945408934258,1866.2010364488794,1846.3147109036777,1876.4187881258038,1871.6132384283594,1873.7248369410047,1850.853219803337,1873.2502841381086,1872.6858429360998,1911.6110644822998,,,1866.7773890526107,1875.314439029561,1881.2180993877091,1873.0219083959178,1872.4115802471015,1852.206524429317,1865.2112100330944,1876.3816717532297,1922.246472082753,1915.3440560508857,1909.7574793925012,1902.696308041875,1853.7914920895412,1867.390909716102,1877.483847578251,1874.4515642704434,1874.043687291697,1846.4098769499358,1872.596294403658,1871.4715671055721,1898.8288478280047,,1909.116167037481,1873.2755393698312,1870.61914331134,1875.0458853488176,1879.7017831811133,1873.6056687572784,1873.4243606659802,1847.5321207793193,1869.6661546056607,1873.544993282848,1918.5107544554253,1917.561187413763,,,1872.1662873342898,1880.9584925091967,1877.577915955363,1872.5197952240237,1873.479023948816
CHIRANG,1872.0028137966353,1849.3700150275524,1873.9082577624567,1873.19684531518,1911.049299692114,1930.9782192475145,1929.0331491881298,1877.2930471164914,1871.31615045459,1875.5748246242886,1875.227352030477,1875.437872920995,1874.486396640676,1848.6796627276549,1865.8566294168343,1870.6238990830955,1905.7137327135815,1942.9741553466667,1928.6027118652546,1870.9485661344438,1871.233241990599,1879.1842208110718,1878.4157160346545,1872.3527789221473,1871.9693275647344,1850.3573448938641,1872.334997905444,1870.439741025431,1917.6755428640652,1930.7570187189751,1927.1521240609095,1872.4518132658875,1849.2477434311904,1867.4097305823477,1875.8873271359091,1877.1760203179497,1875.2129058259814,1850.647046982328,1876.0233322244912,1872.4049334515598,1925.8724649738278,1923.7198951680298,1930.451700206717,1864.5321774602712,1871.6729784766853,1869.4671702399678,1877.5864077087138,1877.506845300895,1870.3137865040635,1852.4680918112922,1872.2182200938587,1871.2569603767697,1907.0730226529508,1923.0089655212842,1928.2828518259678,1865.197901550722,1852.966931650973,1872.3114278280366,1876.898537805674,1874.5280717346718,1873.825859534537,1853.8850906691932,1868.3825245548642,1869.2325098723525,1915.9801156497763,1931.179465222629,1929.133577146009,1868.1641309681681,1854.3738556249414,1877.519988182692,1877.5617707690596,1874.5170042686987,1873.9545353965123,1846.1630727963156,1867.7716128296834,1871.1209304724778,1910.1800930842153,1924.2055875935353,1926.9578924453178,1886.195851108304,1870.6647986405005,1877.3803089445296,1875.6049106638197,1874.085291609162,1851.9689334466889,1869.8011474973432,1872.0532494674453,1909.0155651947773,1935.6649054872678,1909.9295912799046,1869.855941650774,1866.7586767339883,1873.8614596980913,1877.2492624290276,1876.5639737470865,1872.9837068034922,1852.8228646208718,1872.9511609159508,1871.079589150247,1920.2637092845262,1929.6845310669007,1930.4080958582158,1868.3468162905638,1848.5472027287076,1866.6234289009956,1877.280048978929,1877.4644003375602,1874.5622894427174,1848.806560618101,1875.435192431075,1876.4504253821501,1912.6234068161184,1924.5198607257232,1917.5243502022938,1866.4220042634818,1867.8352009569091,1869.4692254703996,1875.702401204934,1874.0898880591008,1875.2014356543327
DARRANG,1872.9930965910553,1845.8634811786642,1876.219704152898,1872.1917384661842,1911.071383681464,1907.2699706255735,1924.497057038522,1864.7580665650005,1873.3698658248989,1872.158898782078,1876.6202276669703,1873.6306912162315,1872.5804951099537,1852.5197070966144,1855.6577060315374,1868.6089175261206,1913.4482237265006,1913.9459797435732,1923.4738006708446,1866.4648224119574,1850.5328978901834,1874.4466930724914,1875.1022563285678,1872.0763905757935,1870.7629804580615,1854.7289064942559,1867.8761023594018,1872.8345479069833,1908.4237982748423,1913.8003417519692,1922.3603826374235,1869.0092098293285,1851.3258804085942,1877.8143235991072,1878.3300387855043,1876.376121726412,1876.9640906329548,1850.7349089650081,1872.0038456396508,1875.1645749774461,1910.891119699772,1919.5116220136874,1933.0757756742828,1879.3998298030747,1871.1157654162846,1874.8586890895415,1874.4680481572655,1873.4416271856398,1871.0138349543201,1847.0078305537875,1870.5806065462045,1873.5511216660911,1918.0348333384159,1916.9670953480038,1924.6696761157052,1872.9685724715162,1865.5419976887188,1868.5218775411583,1874.0362781800386,1872.6085823815804,1867.6658106721873,1844.4777865251076,1875.2571189517198,1874.4161685761228,1926.4321236180356,1909.608198727057,1926.1637808474984,1865.1020144189763,1873.9088216104713,1872.3594404150087,1875.82980434552,1872.942052856268,1867.7489874738558,1851.2348834629313,1871.2895044633567,1876.837485892171,1906.3662053620224,1913.7061023566334,1919.4660292230644,1876.6615947789046,1861.075143727038,1872.7372003112364,1872.8743939540352,1872.1996017393833,1852.6648271567335,1858.3081031945426,1874.7528830420144,1912.7421061184345,1930.619343913209,1927.7072546548354,1866.7041850452654,1846.2661047592287,1874.9555136844908,1875.5576393904362,1872.6711023167188,1872.0970746705843,1855.17466656258,1873.609403953929,1870.235361995891,1909.951427788675,1926.179391948283,1923.6910077755174,1868.608145560541,1857.4165005873,1859.804177828875,1877.9278873760768,1877.4004606698254,1872.053306221739,1849.149583636575,1866.9610626725478,1874.3635170392981,1921.626155267281,1925.4408212873059,1911.8267158395306,1915.8412418327614,1868.6118234666444,1875.3749178652076,1875.3199576419734,1873.9893739387333,
DHEMAJI,1879.0124969920155,1851.2233013316586,1878.3228571319949,1867.7420695198152,1920.3837315322473,1918.94408996157,1931.9224120164984,1911.4070222242774,1877.2741687601572,1880.7313005129863,1881.4658392262695,1879.183887834386,1879.3599866838508,1851.8603790552013,1866.388436431052,1866.3559208473207,1910.3123136175254,1920.0162646531962,1905.5992581254934,1869.1031046481025,1855.2162800349652,1859.1059136401332,1880.2216824951606,1877.214002522216,1878.1476682452023,1849.2650252240765,1873.8152794897217,1870.185979504961,1907.7091065325899,1925.2099507067692,1920.4544770301115,1877.0308765742554,1874.9749580337004,1879.8534974040642,1881.4871843186984,1877.3439323040445,1879.5942979067277,1850.6671300570142,1875.4818043917965,1874.6075422590739,1903.1923434027974,1922.0873123163183,1921.0667385877978,,1873.5272766243334,1878.1034275839752,1880.54311198047,1875.4937650692348,1879.0614537663955,1846.8297454978042,1865.6863246437738,1910.8780917960719,1923.3521067402512,1907.5204751281324,1921.9776403803642,1866.5418489781598,1871.6072152288914,1881.2687716060173,1877.2571193203728,1878.4051038828666,1877.742270669825,1849.3957374411223,1877.2098015406352,1866.0306717502501,,1916.205867063096,1919.7689346532115,1866.5749748634105,1868.541358486085,1850.2565429541373,1875.8920475629957,1875.4388709481955,1877.9877379811792,1850.7590386293098,1877.4163140428209,1853.8260954311554,1907.2272850844392,,,1871.998893937798,1880.7509186240202,1877.1959883635252,1877.4192778988727,1875.0919053029504,1853.9708133128868,1867.9245113481493,1861.186471207813,,1907.4082623642414,1910.4804361452975,1874.8373161124157,1854.348673054558,1861.5721348473521,1880.9432449022556,1878.3000754076297,1877.5529124231841,1849.0849934736505,1874.2968815961017,1873.5773383858784,1916.6623799749555,,1913.6783868611678,1871.8338914625124,1876.1712937730622,1878.9826016763907,1877.8821099342524,1880.1984238444438,1877.87335892623,1848.8028493705456,1875.098717730606,1869.9982359077792,1918.9221588022465,1909.588219210546,1917.1661552836558,1875.6255682631347,1872.5028541942631,1879.6065465062827,1880.9503851741727,1876.1236503865587,1876.7100254673103
DHUBRI,1872.42052456862,1849.0131259226657,1872.9967134301742,1874.9043382572888,1919.602881484648,1926.53874059852,1930.6483209263392,1873.044006024805,1871.3503295872674,1857.89078715665,1879.3361316426913,1880.0831471621325,1859.837125808387,1848.0954337808714,1872.0303757691509,1869.2763334177416,1915.9193228804745,1926.3499964334976,1933.5152123323362,1870.286849320886,1874.7498053679578,1876.7047362888727,1881.054590924345,1876.1095632935146,1876.4458343928723,1849.953149702558,1876.9761416437032,1872.514063762439,1925.432364622268,1915.768980972474,1922.3381151978501,1885.1817417272955,1873.5127437544609,1876.088235467304,1873.0150062973644,1876.8492216577908,1879.5650217060015,1850.3684178268452,1875.9287008550652,1877.2243536504689,1913.3665815902236,1923.1522198172738,1930.2681871332172,1863.3578387692141,1871.2080140604185,1881.0504024359748,1875.6251447944694,1877.9766039164851,1871.9204959935291,1851.8200319167845,1875.6117664604292,1867.5445755345204,1915.7414407921071,1929.1074252281599,1919.739969114306,1866.1875841582726,1860.7335529925701,1872.4662018405734,1878.9834467934945,1878.9107981700163,1877.046944108898,1853.7412148839398,1869.8990960282774,1870.0478628665476,1923.342656898797,1924.9853919572213,1923.6361139529768,1868.5740071989349,1854.0925405714688,1856.4360593344654,1875.5616978462845,1876.401412766792,1875.1810068660209,1849.5814561362542,1867.4312111685158,1866.720365995858,1917.9605249357005,1921.8772593858237,1917.0773074720482,1880.6356906537785,1859.0380236262758,1875.8210807201142,1880.242050719961,1876.5057596438803,1849.8973343074795,1877.023189680895,1873.584782067333,1919.4492371542485,1920.4209919333248,1906.273557655593,1871.6788448702086,1873.355701626394,1859.864279131629,1877.665012031819,1878.3233670937052,1876.3280554335,1848.287028557973,1875.302777679614,1874.2849429295904,1931.1236535098058,1918.120054275186,1927.531602669782,1865.0938015376719,1869.690856593641,1875.662497141597,1877.4922798593273,1878.22112556272,1877.408778151764,1850.5861693211352,1875.4932250176769,1874.9212255532657,1910.7450475535334,1912.224797396275,1903.6278390443308,1865.6285331290385,1876.8365469679545,1876.7372602121607,1877.908668105425,1877.9430085731926,1854.2231471531704
DIBRUGARH,1875.1011847156838,1848.1422416947114,1876.8459250976334,1868.9440876558226,1926.416636189427,1920.0355876436481,,1912.2781594240967,1874.7031346273657,1878.8932153410835,1878.2986490296194,1875.647624661432,1875.4030096473869,1851.6860104753737,1857.4847626774529,1868.1311466115976,1913.5913042699287,1917.4469954043439,1911.6826826054278,1885.8009546492428,1854.822400535367,1865.3969322053003,1876.1495385973233,1873.9821356008226,1875.463228990478,1846.9524285096572,1871.2636712636938,1873.8226722962602,1907.9832895036684,1923.1690662835786,,1874.7214765148246,1873.8955085236591,1879.8102876705864,1879.230499638131,1872.6462897777972,1875.78430660103,1850.5621025469704,1871.9410302651308,1874.760481608451,1914.8800307802337,1922.9540499680745,1918.1287689186943,,1873.4746765245463,1878.0392011887789,1880.5259108085907,1874.450919597943,1875.6593161463547,1846.988561346132,1871.8632862242134,1898.0006710819873,1934.7529649227,1912.481617638984,1923.5886067517047,1868.0784094482897,1862.39706392289,1880.444728618982,1874.577565973922,1876.0257373078389,1875.2384478650756,1844.8881949884724,1875.7335447052633,1866.2251007093353,,1914.1722275765203,1911.1791541467544,1864.124354442502,1861.8123251696377,1847.4266961426,1876.2493001047962,1873.5058499053364,1875.3782419313168,1850.9184530751297,1875.9147729043877,1870.1043601606236,1907.7671017648663,,,1871.0907562024759,1878.7225742125215,1879.1057041939023,1874.522639583552,1872.8331877815833,1852.4228020340292,1860.0220477140224,1869.1478983801312,,1915.460810170074,1911.9249060904772,1896.4825959453187,1852.8379698676304,1869.5330961622874,1878.6111700125498,1875.8992744653285,1875.1514735393832,1847.6117358984884,1873.1773319070548,1871.5194701888695,1912.5291551149649,,1915.466749094548,1873.778923595177,1871.0436894602888,1876.7678703385293,1878.68144848984,1875.8379320927731,1875.2611575248627,1846.8469814515988,1870.0861686721375,1872.885986039873,1915.6235451182888,1912.8616907306032,,,1867.7110107007813,1880.5412193056136,1879.7094022229455,1874.4790732091035,1874.414120023501
DIMA HASAO,1874.7328779577917,1849.8945139860507,1876.9985287960894,1873.779622671179,1912.8397316386954,1916.724777061027,1923.193917888513,1890.1792766566793,1874.0868439971841,1862.3123632045038,1876.7381781260376,1875.3330233980828,1874.6785593953296,1849.1560534938162,,1872.0433352095997,1918.6936250895303,1913.5103582234658,1923.9693402913942,1871.941095295219,1870.7755110707774,1878.5524554101594,1877.1862298407239,1874.4318080597272,1874.4925567045623,1852.8824836948754,1873.3188871286377,1876.1256502912536,1917.6006434076644,1898.532820171689,1913.2080622603448,1868.6768943548236,1873.2255125550735,1878.2847942550675,1875.261405892444,1874.840817874341,1874.8556014307928,1852.3917427589904,1874.6378879620354,1868.3545144435102,1909.3896338204436,1895.0031380816558,1922.4836322503272,1866.3451158199784,1870.6820854347325,1877.8589522122627,1876.307767065691,1874.5474716155375,1873.0306595965212,1852.6278727569654,1868.9747365332612,1874.509399779107,1920.9760070258635,1909.802874271661,1927.529546927085,1865.8466861929394,1868.2285187448867,1873.7399789718684,1876.5507568421954,1873.285933377974,1869.605808947352,1847.8464145392081,1875.088119765006,1872.2092744440886,1898.4205099226335,1910.2405074269805,1929.0718546423982,1878.2276071162505,1873.9891178789842,1855.8039644642495,1877.7279006944639,1872.3518961516613,1851.3596716408463,1850.1607205872383,1874.8039691660326,1872.6422675369408,1904.8756717178528,1911.9956001598207,,1882.8458506550946,1864.7777321764747,1875.2801871317424,1874.5786057967,1874.7726283053455,1850.9904062381083,1876.076171080922,1875.1416555949297,1916.0936607803346,1900.6249537910542,1916.9515597062382,1869.9102180912973,1869.9183295200937,1860.473999664154,1876.88982792553,1873.2718265044393,1874.6550125911363,1852.3056671773127,1876.1194971577138,1872.7046455725895,1924.1545862098449,,1929.1795716865784,1870.88175200702,1869.1048874420324,1847.0025616132787,1878.062756601282,1875.0643216257356,1873.7943027287392,1853.8864563899942,1873.960206334701,1869.36764845218,1912.1224185921076,1913.1200096083242,1921.1686653788183,,1869.1874933688955,1857.9236279987838,1876.4798802773616,1873.1728003193268,1871.3142405325925
GOALPARA,1874.8843392209815,1851.4440285261576,1873.9463761521288,1873.331638133019,1912.0835965076274,1934.522544432768,1916.0661020295881,1870.726205400098,1865.9589683957993,1879.9133662566119,1879.288869691991,1873.474052030852,1875.4860236349055,1849.2776432737517,1863.0305412651721,1870.152892084798,1906.9530234203178,1921.0369529962811,1921.0839535484795,1874.0002524768681,1873.4073595067791,1879.5479659705488,1880.5932272531222,1873.5657122532343,1867.6380210965353,1854.7741811892286,1874.9232591452649,1867.34419512018,1922.0930714178241,1914.7998064071842,1920.505408201687,1871.3961622043141,1867.072844938352,1860.2814266126002,1876.269804406286,1878.5439521502378,1876.1723766195905,1850.4275090444157,1876.0313278243227,1872.0095537127534,1921.119253945172,1917.6924592972032,1924.9048370120825,1870.4922992506524,1870.9278387420645,1860.8817024855668,1877.8831985117724,1877.3582823185316,1875.322309480187,1851.4530235722978,1873.838254720157,1869.1921736169738,1907.7861609642946,1918.402658993922,1928.9733737355853,1867.1428858113734,1866.036194725528,1861.1558858383125,1877.692855206975,1876.9336404390187,1876.4921877965862,1855.136501475448,1873.5241926921522,1872.4981890555428,1915.109345313192,1918.879581360018,1925.0160594504155,1865.3661723409784,1862.7979572861293,1877.7969749865047,1878.0663549843898,1876.4205565084003,1876.4658143291317,1851.3767670835748,1865.1438549616353,1871.321387228857,1918.77375267211,1919.6466485829983,1910.9001431266242,1887.0848356937302,1859.001156339131,1878.460504759169,1877.3120774388485,1874.8042905910113,1852.1412809037115,1873.3774853580435,1873.501012858395,1915.0278374135414,1925.556350364321,1916.2218235370774,1875.101025255163,1867.7604299715458,1877.2916949792343,1880.1428173392312,1876.8128336416798,1865.5497225434913,1854.5451358572086,1876.5609537386383,1873.9225860967863,1926.3948230618926,1919.1903425101032,1922.9262981419874,1864.7278971375265,1858.903478634676,1860.2628507173838,1881.174114598167,1879.2952195862672,1876.649754932352,1850.8176961401598,1875.9767804092946,1876.824312980842,1916.050036828752,1909.6820878934486,1906.0001414060846,1865.788289966477,1873.8864961471406,1862.1765508444892,1876.1426953979594,1877.6950079896862,1851.2063739691678
GOLAGHAT,1878.4184074066416,1852.0731917106395,1873.3903793106806,1869.9399147558433,1910.8968265553285,1922.531071640523,1929.5286500570287,1903.8962953925538,1870.767016667726,1882.0944810201536,1879.7959984253605,1878.466467795456,1876.5266862284152,1853.9803634244463,1873.1028709633351,1871.7160759257622,1913.444301367764,1916.0857759931027,1917.3470199627154,1871.2913764828413,1863.4992230810726,1858.0274833594287,1881.775232675876,1875.6832561839315,1878.2094298598925,1847.8868605693538,1876.0082576824875,1868.8293137207863,1924.655531471347,1920.316893299721,,1873.1498859760077,1871.0721166889448,1858.07969199962,1880.4284147422898,1879.2425731935011,1879.6290682824217,1848.9629328219937,1875.3680489587282,1873.1237795091363,1918.3753819236144,1915.1245145545838,1921.1249952758003,1866.423373927001,1867.2160419873178,1861.4094748277466,1882.3927026171643,1878.5462700148935,1878.649055341291,1851.7870261900239,1867.9896573089352,1871.6464006070962,1919.6957111679822,1918.638913029672,1932.4996893340228,1867.0388585034957,1865.1704886735254,1881.197662113589,1878.701366121349,1878.2913281245626,1878.0556364677907,1852.3195667377136,1873.2913561715714,1867.8373253767672,1906.8595020450693,1928.2004068745368,1920.5885169363733,1868.8831808831592,1876.0126821351114,1871.0351847157146,1875.7326908867708,1872.8136172039435,1877.8367909929552,1853.0033528012816,1871.5888965931915,1870.8904933623678,1909.2876286987653,1922.5243219791748,,1874.8142687901202,1882.1663370894944,1879.5408651574455,1878.1040065814518,1874.6694631250678,1854.37254629244,1870.0336156386481,1874.1208061526638,1917.1712058310866,1914.1545858378595,1921.3265811532224,1871.5823718225136,1857.0749578254045,1848.5501707194019,1882.066954815436,1879.1608203544854,1877.1683165792024,1847.3242607767127,1877.1389217551725,1864.2600571744194,1920.2485351400132,1917.527743728271,1917.6108320637954,1867.0599361358065,1867.7922922576415,1856.7373066336645,1878.6264574948436,1881.3604356781884,1878.4598042514579,1849.6652436988325,1873.6877001718417,1873.0282891305767,1919.9427191065433,1921.2122412285169,1926.0021472198002,1869.0752994954762,1865.9624422545223,1868.9061102243138,1882.6720110727167,1878.4024179136188,1870.1243398761862
HAILAKANDI,1879.1807199844297,1850.899985297774,1875.420215046184,1874.5839847691389,1916.7195725122729,1894.1561055427424,1892.412566410635,1872.561199925084,1874.586247144055,1850.29404280775,1881.878450542535,1881.0672082440267,1876.4682528690641,1853.4078635403666,1875.3168106843825,1875.8267332361777,1912.5061502031904,1891.2598197440338,,,1877.1797166085028,1850.5255763992734,1877.488269536604,1878.352993331091,1878.7088562330857,1854.282561414681,1870.9685168517228,1871.6125452039014,1920.380793086257,,1890.296091976616,1869.5107432215232,1875.0884650099404,1873.2359978640188,1881.3462052859957,1881.3266937773853,1879.8942206167608,1850.910118284429,1875.8159990623765,1868.7189917722756,1914.560347524339,,,1867.9351616962565,1873.9792568513242,1882.4366752326143,1877.4420368119677,1879.3637425957775,1870.4727199908616,1856.8051941136944,1878.6088128593228,1874.5695418697164,1919.1659696497723,1907.1782579577307,,1865.3033797902594,1873.2543179028773,,1880.2074944346602,1871.5857582797535,1850.7410484234315,1845.6975989073992,1870.9036625055187,1868.9143572509784,1905.440365882304,,,1866.1211849170688,1868.6083720633596,1850.1962337543946,1877.2636624082163,1878.7976051446733,1849.9323952201917,1850.2420831284053,1875.7392771257066,1872.241782387785,1916.0987000724174,,,1900.1789589838886,1850.3463283473334,1882.5411309093038,1879.3848979379131,1880.413570678353,1849.9878370273289,1875.6744376628915,1875.8627546769883,1913.5984779718592,1890.8089281623402,,,1873.576742921835,1855.9713673327662,1881.6401586965644,1875.2215216023449,1879.3830387870853,1851.3927983161395,1875.5437672365365,1865.3330860526685,,,1920.543935905655,1870.7312497080823,1870.5926338595773,1849.6675360124743,1878.1151513842894,1881.735015995266,1878.8406401785787,1852.3502016676093,1875.5427398403167,1874.942480082763,1915.7437774640644,1896.7751941195636,1906.6708239031173,,1876.3383402607353,1879.8975697128194,1881.5834333203059,1874.5735525596197,1874.6788322170273
HOJAI,1879.0044780604903,1849.4301629188762,1874.8382164679022,1875.2545160351624,1911.791109039243,1924.2450932490665,1931.7937684537872,1874.6460531569726,1876.4198160439703,1867.6641460219955,1881.7575831833162,1879.3557806544213,1878.1575732379163,1849.6418328895984,1877.2678053247257,1875.2774524158765,1917.2414080206001,1901.8522223163454,1925.3375846983624,1873.1718752534434,1875.47590530996,1880.1439733030131,1877.5151592474256,1878.5687660489345,1877.6174892356457,1849.7644415653278,1875.8011819787305,1874.2407827449797,1912.9739489604797,1908.5357456121617,,1867.8639583252707,1875.2903342174852,1878.1352890248688,1881.1816443863727,1881.4056456198734,1881.3807327647298,1852.1088237275667,1875.7756450198804,1867.1040219162803,1912.4035168701046,,1915.0125554452368,1864.919625291638,1870.5382779365707,1878.3825601098542,1881.271537607797,1878.2573521934844,1877.9005625229236,1851.719651890817,1875.2406870983034,1873.5389991189725,1914.1181957290287,1907.825757497888,1922.4918650298955,1868.4689769154181,1863.4004034037857,1872.4668821416928,1881.985219538748,1877.9785354656672,1878.082347661747,1850.0732641811328,1873.9786337823537,1863.4284593190464,1934.753096146427,1924.5932044027682,1912.12367239466,1880.0175798919788,1870.6348683256906,1850.2575801091145,1883.2408692355114,1871.9297432717472,1854.3186787294676,1852.053155630287,1876.211303532743,1875.3471038941707,1891.1633081976277,1909.397312629023,,1874.7892453313264,1878.4529001694887,1878.1121643852437,1878.0069886960368,1878.1021687520677,1850.4230944228802,1876.2153702002743,1875.4409616045764,1911.6588552131932,1908.3919261369997,1912.3688572634367,1874.0463381363977,1870.2241049323932,1847.827809088726,1881.9239815404596,1877.2562144915803,1877.195382912558,1851.2158226973788,1877.1632041232447,1869.625124083762,1915.6428105873624,,1918.5293086443355,1864.4587523496257,1868.2318490270786,1849.7198105529862,1881.9320340762367,1880.8209240282886,1877.6669161405673,1852.5178765547066,1862.9819224064495,1865.1401065147513,1914.2642699073967,1918.7274725507434,1916.6461785048411,,1874.4621683341788,1849.8762520080381,1881.9865262238186,1877.2866063567299,1872.4860250130023
JORHAT,1879.8478346354543,1853.7305718655346,1874.3455075662143,1845.1312951379211,1910.825243560295,1921.3632971321215,,1918.4057477399706,1877.7217007498346,1881.8031738826369,1880.6456566660725,1880.4029685040698,1878.1425709123362,1854.1981725763287,1877.7765442522566,1862.0742061810463,1908.5258040049257,1925.1648898145502,1908.7076247095913,1850.2792452160163,1857.0990412527156,1850.2828288704616,1882.1486768630093,1876.6190313892455,1880.3750069025434,1850.5315945171399,1879.2203486836302,1840.9328875703275,1919.1052165794695,1920.3674095481847,,1878.247051431568,1875.2855047145263,1850.8586849887167,1882.9279725832405,1878.8391652778043,1880.3457080686424,1848.2304962976193,1858.2287878755249,1873.8694641490151,1918.045626378088,1924.5097665544924,1913.9277914212496,,1878.6591218437186,1873.9712374950798,1883.055060937391,1880.4295723752443,1880.451825018867,1850.4072527229796,1849.5516053717936,1877.3480049953478,1914.4883818032017,,1931.2021083047057,1866.013591785089,1876.8701295021062,1882.2388200998068,1879.6164519818192,1880.5940304103585,1879.6749994617503,1853.7918051548945,1878.6906028812127,1858.3081951077493,1898.6497045077206,1930.5052695573943,1919.266730099636,1864.929912362969,1877.9112788374887,1850.3949574268222,1876.8722144620463,1872.1646806929155,1879.957059126426,1853.1682269237506,1877.195884186311,1842.5683661272783,1907.2476009037498,,,1877.4620719669015,1882.178006513916,1881.843402378685,1879.244138043405,1876.3813954029602,1853.729292003835,1878.310737214037,1878.6492405114027,1908.9258638505664,1920.6364067873042,1922.4377625967043,1860.9384492179263,1856.9617111684706,1850.2194799306214,1883.4122188717354,1880.5074794389554,1878.5736192194329,1850.5456017440918,1879.0445846364169,1843.0096461887035,1908.1187791166121,,1913.955635938824,1878.6721524724744,1841.3937373272208,1856.801334090164,1881.2017703443375,1882.6713390376933,1880.2982044143132,1848.29042803152,1879.4589384546132,1878.54017156748,1914.5255818668688,,,,1876.6315434705696,1882.9696611062348,1881.0326467616383,1878.9391995792992,1867.286906939623
KAMRUP METRO,1872.0703334983637,1851.8864920343271,1875.2467029276586,1872.452561998912,1910.7214901502502,1912.5151833802547,1920.135720148012,1866.4759784620271,1872.7847567727677,1875.6822157234471,1878.6642180592894,1872.5013079377927,1872.1277061456608,1852.7199062909172,1865.3088704600702,1868.859287300394,1912.6779060735828,1918.6451513776226,1913.4859855880334,1866.4992536176828,1853.407086528803,1874.0617916440212,1875.8824254300944,1871.8114380337515,1871.225850754698,1853.392914121183,1870.6613540119272,1873.157124565132,1910.7085751938757,1914.3175013120706,1917.3942214920448,1867.4146024023423,1848.1544156306757,1872.1383861130896,1876.1272967396176,1874.6362229903625,1875.7994324520514,1850.6971335667129,1871.3505941424842,1870.2731756606834,1912.5831404598314,1916.2456307803043,1930.6701458000682,1879.8951070939058,1872.9943727052603,1877.2082870849015,1876.8271601357217,1873.0269501897797,1871.615890680043,1848.6684401246732,1874.7018730399222,1874.2932890659727,1919.6282190894556,1919.3880134719489,1921.0082715597887,1870.0244922867396,1866.5633824626125,1869.4159236175788,1874.7467341596046,1872.3530668175192,1870.1015326690338,1845.8828085713787,1876.5507921833077,1872.3931658979795,1921.2410278987297,1920.0443530072148,1923.785470687548,1865.1756868856203,1875.5409919606366,1875.2889180146115,1876.9027699475305,1873.3078724419042,1869.9649358906072,1851.8823197694412,1876.9407159995837,1877.9705795436519,1911.823811594667,1917.8910681005284,1911.5630218086094,1889.262014873328,1846.9283377485458,1873.908683235339,1872.061912586007,1871.5787174197922,1852.6025670008723,1870.4005788967838,1876.7109455371342,1910.3925836118926,1931.0930376336337,1924.2327671138266,1865.5366042053913,1848.5221548034892,1877.320747877665,1876.7464203750658,1872.121432272759,1872.074158582586,1854.682584925689,1873.2857760562636,1869.5826666024925,1918.585070944195,1930.9542734094243,1920.3151079279005,1869.1056523438174,1852.2894806169113,1851.8161098882094,1877.132436664305,1874.8519093882358,1871.9312629747828,1851.174810891658,1870.3878644511578,1877.9727664216202,1921.4263789054203,1924.679227500494,1915.9759477574955,,1866.526961241023,1876.3951523626547,1875.6205920064535,1872.8169643071421,
KAMRUP RURAL,1878.1413755423735,1851.8971263260382,1876.6324368254875,1877.2685308603056,1907.4290472695288,1922.0383047991359,1908.1816621241742,1866.3282027635298,1858.6410518588268,1880.730445126796,1880.8582564639828,1872.958862426579,1878.5224983908447,1851.0806334402882,1857.2095618126887,1872.5799163718686,1892.2701853349572,1925.499065010617,1914.9879341739943,1865.8198439421867,1872.0262075840315,1883.5745506147884,1881.7947285618443,1875.658146499297,1877.0682155253871,1852.0816110015674,1872.389689005631,1865.5895657061715,1915.714247501793,1910.6673329855962,1925.6566926724684,1875.2251673494118,1856.41413764743,1852.672638915287,1880.7531210682764,1879.955726037392,1876.6116648338411,1850.2197815663394,1875.8440105227469,1874.0017336171773,1913.9653378245073,1917.2878464340324,1925.182469245499,1877.618523768046,1868.7839212137837,1861.2284070145747,1881.07318256963,1879.7059241349336,1878.1021881878737,1848.1082326195676,1878.8314723114845,1874.5430672152054,1894.4905981305017,1911.3852210394061,1926.7005678966282,1869.773633103152,1861.5118465481198,1877.6053949115462,1877.798362571806,1876.8817085598537,1878.6994320532976,1851.8723172626458,1877.0738579773442,1876.0291500690603,1926.0579006176563,1918.4016310665977,1927.1768615740837,1866.539450397908,1878.7843891618718,1880.123796821971,1881.8135525144407,1878.543527894522,1878.3636981543996,1851.0907429669198,1862.631960270677,1874.6994353691896,1912.9918713011673,1916.7522383250664,1909.5407631899063,1879.182270412418,1850.374250189878,1880.3610059669884,1878.1760997190347,1877.0599531455116,1850.9221055598634,1875.1833388231898,1877.237868415804,1906.8113281514875,1921.409387239092,1918.5115229627297,1865.3334561963618,1867.6670195777624,1878.3442817184105,1880.1384134394602,1878.452315319587,1876.0074546859269,1851.826275275857,1874.8299352943486,1874.6696541664799,1920.8056316854424,1922.9377973976918,1917.7774388593527,1889.7979077599741,1856.1838909895393,1849.8616485823845,1881.628095881356,1881.5045343447803,1878.1381252743151,1849.8296153237736,1876.4419698014171,1877.4231123953866,1916.1120787604734,1912.3192490624963,1908.7627776528661,1872.739325412858,1876.3451975674475,1865.7109338043063,1875.8389128967092,1879.4250391700757,
KARBI ANGLONG,1873.6313164917824,1848.4625155914255,1870.43471332197,1872.8909745345438,1913.8899761023144,1921.7380945430964,1926.5781952019954,1885.3837183114863,1872.6221789703825,1878.9670663547558,1875.822984936611,1873.7274094493457,1872.0588899396432,1850.8346760870227,1875.6784102676143,1871.5539348369239,1920.0514124441133,1910.7381038244255,1920.4240253596995,1872.456968474737,1869.2738546587689,1874.2603602882841,1875.8042805489606,1872.9460455531216,1872.7283043310717,1847.3821034716677,1875.4463710732168,1873.365796831543,1919.014117952246,1913.7644911168454,1920.0147594136395,1870.1847772187264,1873.491925115605,1872.8431389151115,1875.2432135563245,1874.3112268620237,1874.5910002574014,1852.8358700778401,1873.9404333308853,1871.3390974050792,1911.3156312574454,1909.5325685460327,1926.5942626994074,1865.5176561131873,1866.8163560066093,1869.3079261403566,1875.7718364665197,1873.4545800801914,1872.5945745790505,1853.9211380889826,1869.838584734164,1873.2440311843645,1913.5690686489895,1914.9929242397548,1929.0746424192407,1867.6950092261598,1852.2030319823632,1875.4833240100502,1874.5162507346142,1873.6755670952293,1873.4352804540156,1847.1109630573683,1870.9130460702495,1872.2696545403217,1915.292240754384,1923.5614777170397,1921.7895235709855,1875.276352946248,1873.9282330929225,1859.2741325913466,1873.8868094338052,1870.5301655072074,1870.7194954724935,1850.7576730196654,1873.612689488378,1873.5064975506918,1907.132504763312,1919.2725652304634,,1875.9936242344424,1878.3500206451297,1875.953306817965,1873.2576084259251,1870.6786020508237,1851.7912979950333,1875.4549133456856,1874.0415804311604,1922.2417633482764,1913.7176529005812,1916.8498454855485,1872.3229586107138,1867.5522854233052,1847.6352220202032,1876.2640114760118,1874.068199827203,1873.2512438931421,1849.7928397729097,1876.881390912001,1869.8136220244955,1924.652250936774,1929.1347171341556,1919.8863306193211,1868.3759561893282,1868.368659353977,1851.866065069452,1877.760407274417,1874.787926349021,1873.0613367254086,1852.7596861487305,1870.1939997008012,1870.8479707314934,1912.7547286639488,1914.4054749107847,1920.3204908311345,1867.9512138562477,1866.888083789457,1850.8315077119294,1875.7065094927896,1873.4875487705335,1871.4405028747938
KARIMGANJ,1880.816523843798,1851.0161446411305,1879.506152157347,1879.2638467200647,1928.154888833671,1893.061983829667,1896.9653694878962,1876.9935922568332,1880.1019718729283,1850.1396824964318,1881.6007944203182,1881.5552494009835,1878.3464179097589,1854.6848252350023,1879.3708773413464,1860.2726755076742,1914.2528269397658,1892.5124312514508,,,1879.7198480597265,1850.5334679669259,1876.3077067307343,1878.4188054751237,1879.0073786971072,1852.4322847632666,1843.6933185419252,1880.1220294877753,1920.46757598767,,1889.0309475478873,1869.2655639812513,1878.5954254778142,1871.0743096736023,1880.7358175510005,1881.6110484233748,1879.1787465800153,1854.1086429945879,1879.5621961278791,1868.123461580766,1920.9974353239975,,,1863.805210748606,1845.3250283697716,1882.3932811438713,1875.6654118513013,1880.1286378335978,1856.7541565479116,1857.0651822616787,1878.9453691627718,1879.0771239457563,1930.645330286605,1902.444760787582,,1865.780254209702,1880.6671076177922,,1880.4582284641106,1872.4731434643704,1850.6422336889152,1848.0819316211737,1860.11952462313,1836.7893314200762,1905.9141820481807,,,1867.7487977522803,1876.2774057647039,1850.2471070330748,1878.8391141085115,1879.0240804010477,1849.627050448244,1849.745044626029,1879.6877058479051,1856.3336533489696,1922.428832089153,,,1876.122234516246,1850.5620655801558,1881.5934954942086,1878.8160412416744,1880.2651695174545,1850.278450955377,1861.073886513464,1879.5254882581696,1916.9177129796954,1889.2188034909157,,,1863.3914999190283,1850.4259597335538,1877.63394072438,1876.4549502783068,1879.6343658303592,1853.3093740075724,1879.4176560141334,1871.9075839646566,,,1921.2354314517638,1870.183848491833,1851.9548155386685,1851.2738566838013,1876.8201669146963,1881.5499798928765,1878.8185778217928,1855.8201620868747,1879.5427528441867,1837.1909417884465,1914.4401273830892,1897.7090164413808,1904.9672151118252,,1880.0050090163077,1880.4706491301756,1880.9621380112717,1874.7189420870154,1880.172825429
KOKRAJHAR,1874.4315440971059,1848.9389055731697,1873.2334761706034,1874.7166461708716,1914.7991096667029,1932.3768973501087,1934.5923698501952,1872.8084656500575,1871.0764750295832,1861.9533566966127,1879.0821821832028,1879.7976931882079,1867.9479120681965,1849.0347037014717,1874.4462161018305,1872.7925888680297,1914.7978826544866,1934.0769925731588,1934.3565712619045,1869.1530466590348,1872.7968870810332,1879.8568693214277,1881.2665347803895,1876.679345697585,1876.753989690958,1849.9901703741,1877.7683048797762,1872.258809649193,1919.5247205776088,1922.2043892433608,1924.8514236472836,1880.8742010138888,1869.4525409998073,1876.253359300625,1876.6548486420081,1877.4637765167872,1879.6323335769785,1850.6368103198515,1876.4401125991792,1875.888052487582,1904.8135312033933,1923.0807984349826,1927.7108078551616,1865.1898342117113,1869.8891762487901,1880.615021906458,1877.0757903010856,1878.9712887017506,1872.427339828931,1850.823146144855,1872.4135989522492,1871.8729976475665,1910.3109645759187,1927.5862107331152,1922.7875405691034,1865.54151640076,1862.1903762765082,1875.4711054451204,1878.842387111015,1879.4882908757124,1877.168621403872,1852.7372643353144,1870.3893061312608,1869.7456251752847,1918.777389332088,1927.208204242205,1927.4517864684583,1873.0356046957472,1853.9835095895412,1857.0180967182764,1878.5962860780724,1877.0945493420493,1875.2228034838042,1849.160177304658,1869.852295745793,1869.3275413802794,1903.6661188779267,1922.5239658582452,1927.8049822023265,1875.8779040006923,1867.2557884836294,1877.0914741825786,1880.02949242245,1877.097812327054,1850.5170768000212,1875.5485800840302,1873.1723098948269,1915.98875032985,1922.954684021524,1906.2016431640325,1869.991517691722,1872.117124565889,1868.0031540330915,1878.7033761022215,1879.283935138887,1877.0336833324677,1848.8144660659939,1876.637891651163,1874.0681259580942,1930.2996728308835,1923.507333077865,1927.9231982212807,1868.0010419949867,1863.6849583547767,1875.5739690330258,1878.1074354647117,1879.461921487646,1878.5559883606934,1850.5084333816603,1875.6198849776372,1874.8926528837771,1905.6315160543184,1919.8403020218798,1917.0500441466495,1866.5292732595472,1871.7292692555786,1875.6724397648163,1880.2969601485206,1878.3436926172194,1871.6201651730717
LAKHIMPUR,1879.8640085107409,1852.162206060635,1873.4350773146825,1872.3063003702155,1917.3885055894457,1926.2722739750795,1920.343864376818,1893.6434227896225,1874.5713922791228,1881.762780235736,1880.886804699436,1879.4080444216436,1879.1126750556016,1853.0999306634724,1874.3748448439521,1867.2392249412876,1904.9081734602007,1918.7913894788771,1905.6959297074275,1866.4489155196097,1855.4253322116535,1856.1317927509356,1881.9787000159954,1878.1995775809978,1879.0416171114227,1849.0991113966534,1873.360577795503,1870.6494890008848,1908.8601402977235,1920.133506312201,,1874.3146146257936,1869.144148884678,1860.6833064840048,1881.4271580538552,1873.935366334359,1880.3414742219406,1848.893015719931,1876.002220481522,1872.0377798813765,1925.4485039197598,1921.7756942748954,1921.2732281676265,1868.6043636426834,1869.9834664595282,1877.823182186693,1880.8383308334578,1877.2383012310154,1879.46204844362,1848.8376607836617,1864.9791936345089,1896.993149971037,1916.7043996753741,1915.444181274539,1930.9702317335705,1865.3175527754856,1871.846709620693,1882.0163359609749,1879.5694922012417,1879.2770217169098,1878.9963774718658,1850.7406544970388,1874.558507116251,1870.9342640750874,1908.9005833440367,1916.1083534595723,1924.035895459647,1873.4506632377622,1873.8805437417427,1854.5125339085837,1875.8290895244409,1875.4465910661308,1878.740319513825,1851.7180481387388,1875.3024471970677,1862.4244122151183,1907.2703905566866,1909.5957425906097,,1872.4067536944033,1881.5201564223316,1876.0426715960598,1877.1193275320604,1874.872332137324,1852.7106070138514,1871.8585586512327,1868.8502683306256,1919.1570400581843,1921.6693254571885,1918.7743152517194,1868.2143610920443,1855.2935127379737,1849.5424734444373,1881.3386069896876,1878.0464487856768,1878.852637858635,1849.4746798696115,1874.369381383145,1871.6774385064357,1914.6483551936738,1905.4694438230786,1923.925576512318,1865.7331425485477,1873.6547550817872,1865.4728658348154,1880.0014002007028,1880.87814594292,1879.2398993708791,1847.7748698521084,1877.2501275338057,1873.9910303802856,1918.4528683800606,1919.9824515625487,1922.8158289943344,1871.0590536316129,1869.1955200367893,1881.8176450359504,1882.1439324107587,1877.6817346078187,1874.0286137594944
MAJULI,1881.4734108183513,1852.6937914832497,1877.2129659193024,1868.43790374038,1918.0377804803682,1922.4791072252442,1928.1380016633912,1911.7102088651693,1875.0028911969598,1880.5018627563138,1880.7180852933072,1881.2350453798688,1880.5361775521558,1854.2521942260635,1875.5218980905463,1867.7511397190817,1915.0214573351536,1910.9082219476875,1902.659175595266,1868.4706075170968,1857.1171860751083,1852.7157901902242,1881.7329423522633,1876.5122215901745,1880.5569847293432,1849.9532855186221,1876.1187881772566,1869.3769180212712,1911.6844749186826,1919.932776288645,,1876.3708228182822,1872.1620604339628,1855.9337459380909,1879.6131305442652,1877.5936306280341,1881.027140017048,1847.6436089829992,1864.494610542889,1875.6559923604198,1926.2704988700912,1922.0010827466963,1913.141424987029,1867.1183303164842,1874.105428823083,1877.3130936552998,1879.6086884751548,1880.1843602666709,1881.4387832879538,1847.877042795702,1855.1761107388343,1890.5683618053297,1921.1825668568501,1919.9559580384855,1929.7891488320834,1865.062864576612,1873.9650924147288,1880.2081971437667,1881.9431014363954,1880.8385413793226,1880.6345631300926,1852.6044756147228,1876.4686537553923,1869.0120002623225,1903.1896523399284,1920.2819271564317,1920.0509875362904,1867.844372376249,1875.7287624796145,1852.3337956928374,1878.32372674291,1872.3489371544865,1880.0388074532727,1853.7644962326963,1876.2541277771502,1855.140112157675,1907.233677187762,1913.1489778462335,,1877.6960934933395,1881.9360292199678,1876.7032937340505,1879.3737906877413,1876.0473150914459,1854.371483993087,1874.5498938456947,1876.3014281699884,1909.2661013742031,1921.0929527132582,1921.1170371804583,1869.4481412433108,1856.6679939453136,1849.8846795400198,1880.4059234637964,1878.0399519758803,1880.3422324259845,1849.6368641038305,1877.0971646169949,1866.8870944969956,1911.535274330302,1912.8825520351074,1922.2736093284987,1868.6646769586896,1870.5904931297482,1861.810954522922,1878.0354397458852,1881.0083684041367,1880.61517452055,1847.4413166626744,1877.9139757691298,1876.1463941649974,1919.6565580837137,1917.7200845425066,1920.9510170706237,1870.6892650586553,1873.917765979406,1882.4804054533383,1882.0240184231995,1879.3617883279433,1874.7320569702074
MARIGAON,1881.1016830763986,1849.8009103942352,1877.5474705169083,1872.8205865328964,1916.970459943253,1903.7918981841015,1927.1935369218024,1865.8276533022895,1871.1718007139289,1854.8796305941544,1880.8394001294969,1881.0270775444048,1879.7374528724931,1852.0407773868214,1870.338365653245,1873.7199046649496,1921.7095873486794,1913.749483997681,1907.2280145329846,1870.1613739332934,1868.9003579766504,1871.0000497125704,1877.450485845532,1879.4935035254216,1877.959668243362,1854.7121491718171,1872.8265714722017,1873.5541667967143,1909.1091425628292,1913.2751724698865,1922.7677021452705,1865.10442720722,1867.7155647605407,1878.2450622119773,1881.1194907156498,1881.030346343728,1879.7260075913919,1852.8287238550804,1873.6317984249733,1873.617758254751,1911.262200299846,1918.4265884048775,1930.3867686228898,1873.9647105153772,1874.8501411695509,1881.302194126712,1876.7762074264863,1881.1894623911514,1878.6654623140448,1854.6370889305808,1871.2659233874474,1872.9732695915402,1919.3532546337701,1910.2598098588041,1918.366876912627,1872.454380031114,1868.2263256906272,1872.6820503765127,1882.1446391813793,1879.780003094694,1855.3436773115252,1850.009888324126,1875.8449579420942,1870.7404993426185,1929.8956545215956,1919.4106565286754,1912.9480200970643,1861.5544148440795,1873.8784617517026,1854.8592702838575,1882.220144171588,1875.1832666962223,1854.8205911249745,1851.2778135746385,1874.1704799067527,1874.3052336890225,1898.8621369142008,1915.1381667764415,1907.082965971352,1908.7347834761529,1851.5319235907818,1880.189938340388,1879.434690266308,1878.2837956694277,1852.0322057165208,1869.5904418763837,1872.689125317277,1918.9140398559557,1918.2103212462164,1923.1523056975632,1869.07764484811,1846.7878594817953,1874.3680006043896,1879.7636313322896,1879.0152156216652,1878.7297420081784,1855.0345109713508,1873.3639211688242,1867.0877932163096,1913.6012215108601,1933.999162701427,1920.0169895625888,1865.8873185419043,1872.4325250285913,1854.3250154943687,1880.2098494472339,1881.6699787688758,1878.812384242557,1855.1401613025562,1868.9272708957583,1878.5456455336978,1919.6234764940978,1927.1879988147434,1912.9930184855136,1984.1791793018244,1872.397281674764,1854.6430580885456,1879.8805997277711,1879.6845902638827,
NAGAON,1880.3333531640471,1849.986261919118,1877.1107617835225,1875.304172692449,1916.341083422059,1932.2868546350203,1932.0989921276862,1845.162093136109,1868.7530596030279,1861.8739459114313,1882.139241323668,1880.8116718832,1880.0264896947938,1850.6018340948212,1879.129441655526,1878.3926693970632,1909.1785140600173,1920.849444768128,1928.9748058903529,,1878.4947610469226,1876.8421082652171,1879.5723954920647,1879.7144339717945,1879.1966632562396,1850.516096742136,1877.9776836587357,1877.662328510871,,,,1866.0110792249916,1865.3296092008109,1880.2359558651826,1882.9950158520576,1882.8503460366333,1881.5605655595098,1853.2236708511052,1878.4782282513856,1876.9026934737576,1911.1557569795234,1911.55392085618,1923.8999091310409,1865.8460503224865,1874.8288795578048,1879.2708576806401,1879.2143422956804,1880.6605939795818,1879.518035988289,1854.4743851969617,1877.9955832406933,1877.9898007100428,1912.7821672154307,1911.2609030350002,1929.6322583272652,1877.7838653796184,1865.7900074101956,1872.882043323022,1882.2393590847792,1879.9097613352058,1874.156236238321,1850.696980780821,1878.0860940716022,1843.6431487973798,1922.4647424675547,1933.816560122507,1932.6183606596717,1864.8746865120559,1855.6161751155162,1852.0469341615649,1882.9536666887057,1875.8862439724976,1855.9905030514594,1851.8605273902801,1878.4955590400132,1878.506809526215,1884.20419822394,1919.6228212677904,,1869.8061502800208,1866.4876667079411,1879.7235425627352,1879.6220242665754,1878.634369261582,1850.945656626155,1878.0504977691621,1878.433816595419,1912.2810640178725,1913.7175220921877,1923.5177486300952,1867.2770426959623,1860.490555115415,1849.6108989819966,1881.5767566569923,1879.154328575667,1879.279801861364,1851.4976438148665,1877.0768875029835,1843.7233677819336,,1923.7667333279144,1928.5769235835676,1865.3686730358481,1866.1298613312285,1854.003918890836,1882.5474885709568,1882.3715859087688,1879.5087295049782,1854.5778899569661,1853.7296144058587,1874.2861783411745,1916.7169609306013,1924.7061629641062,1914.582954570889,1866.0852406531853,1871.228444480751,1855.9474340380111,1882.1718039355874,1879.9107464657566,
NALBARI,1877.5367959827624,1849.7889444764423,1877.8307694580365,1879.197086119471,1906.9437319655233,1925.136849412425,1901.975344911644,1865.7319066721589,1848.4114463122214,1881.506109153705,1877.2402622309114,1874.0465180041967,1878.7929840932711,1852.4630916453834,1870.1066721679458,1866.0474845394335,1895.7470427246692,1934.5812684509476,1925.1506272624556,1865.9627457132356,1875.0259446037887,1882.207391756064,1881.9998493665544,1877.346259759884,1877.7845855301505,1851.83343122435,1872.7033949013094,1867.1494775999754,1913.4096795475011,1919.2748340614412,1930.1974505754938,1880.128595454523,1857.3099851748557,1850.520783777242,1881.5880817026753,1881.960752292807,1877.0840183887715,1850.1627055127842,1876.9831509208232,1872.3099736329443,1920.4305484290976,1921.3821552014642,1933.2620262026173,1878.067693157537,1873.8183576126073,1860.5339833654286,1884.0795282902156,1880.430917332955,1879.0079415545247,1848.7733429931077,1879.4749337903563,1869.0583117514839,1883.5288333459896,1920.335043337775,1925.6727651022381,1868.1223788653028,1846.9926198217731,1877.2954465089313,1878.8101586840237,1878.450449007468,1878.9468650186525,1854.4087531608184,1878.0715737573992,1877.938931313423,1931.0936130841762,1911.1958442108014,1931.3878481688666,1865.9721900435206,1879.3668121428411,1881.8710636365392,1883.784919537324,1878.8841231837969,1878.491660956293,1851.547115877864,1866.7788827905983,1878.4295956538615,1904.3704287901273,1917.6290352119174,1915.5480957068844,1876.5891753361518,1852.645125023702,1882.7384347835098,1878.602773750796,1876.1502332227951,1851.0534803307994,1877.582901786201,1878.2449475983342,1910.2502022244787,1920.55522564976,1910.8247438811316,1866.997916078904,1862.3239649108139,1875.2545972197295,1878.0245731474538,1879.380632784694,1877.7775094924866,1850.151840613004,1876.6433046570007,1869.9356890910726,1914.6323891293766,1934.85187687459,1920.7193548672326,1883.7420885431488,1857.8043754618452,1850.1626106010558,1883.0533277489199,1882.9653960257056,1878.422184441873,1850.0118562985074,1877.737648440842,1878.742404776471,1917.4372270867766,1932.0921009316555,,1872.6538213922104,1878.2540553985596,1868.798860546265,1875.6504261262128,1878.7251080631274,
SIBSAGAR,1878.1853231704642,1853.8129777625904,1878.2679826813574,1862.9032757197974,1918.4060263035765,1917.1557227927672,,1914.7323045559756,1876.1445159651282,1879.6849928586591,1880.517012791783,1878.653234344907,1878.542581678678,1852.4412152970735,1874.7242210180104,1867.3350029120104,1918.8273825119534,1918.8161521094971,1902.3189706788478,1883.1293936546183,1857.7519020174107,1850.3756986964788,1879.9159846767013,1875.141260767493,1878.4195733461288,1850.3972380289554,1876.0974231297412,1857.2198208143175,1908.5279301204469,1924.742172433715,,1877.175489426503,1857.7721787753235,1879.9987110072886,1884.0995190358897,1873.6918065119066,1878.59392967936,1850.2127983767145,1868.6261107444927,1877.1110203157355,1923.8740655451345,1923.8830278977894,1916.8780059054945,,1877.6000569882026,1873.5767936870382,1882.610258718381,1878.5879701794247,1878.496728884962,1845.8921466616002,1863.8539054896148,1892.0713961539,1912.4587773728963,,1930.361309362476,1866.7328263666975,1877.8793474487138,1882.6724686278214,1878.2785217929902,1878.5942320313613,1877.0209828606507,1855.3295526022903,1877.8234094613113,1875.924354452687,1897.5577866125238,1912.5419081391283,1918.48284353555,1864.8484223053913,1869.5549140924277,1850.7624327444573,1875.416499475785,1871.3578461507686,1878.4362291547538,1850.7728120332313,1874.1388683654266,1857.212326780024,1905.685229833287,,,1871.1178731307932,1882.2521344365482,1882.00471040949,1877.1681984659613,1875.0080372882796,1852.464973264487,1877.4103285341703,1878.4303472787474,1909.0718994238414,1923.0038812203152,1914.4836261708983,1887.3525265778426,1856.8031006954516,1850.3083600188284,1882.4158776030206,1878.4489092790718,1877.478077973532,1850.525808397902,1875.7910481928775,1863.0494637789914,1885.839996831647,,1913.6389647908795,1875.7521858058171,1860.9393773395316,1876.6156085364255,1880.2545768178986,1881.012998199178,1878.4459612060566,1851.0947500828897,1876.4811048083202,1876.9084440719707,1913.6887290097156,,,,1876.3598014989327,1883.2904353367558,1878.170934353764,1875.8353997672818,1874.9653212369353
SONITPUR,1882.2246053787928,1850.1646926829224,1871.3462836004403,1876.3137468376126,1917.5517189448751,1935.0523448998626,1927.6387981418802,1870.5597538477266,1869.770146105721,1864.8791751289764,1879.6084542125127,1881.6769864802734,1881.1239016114075,1850.4264920519804,1877.619890218868,1876.943732653436,1913.6844214096536,1930.57490253649,1928.439138647041,,1877.066446253532,1876.2942645564235,1877.8380999636795,1881.2147349930738,1878.1996855120983,1851.1775746816597,1869.442491128154,1877.2798398824639,,,,1866.2292360932593,1851.8722705432945,1881.2392033032634,1881.158264780973,1881.7254291564288,1877.6243604380136,1855.134595179132,1877.0393388692794,1860.4288904306757,1908.756876135798,1921.6862879294824,1918.9020544108566,1872.9172473262588,1867.1452058878217,1878.849567054442,1876.4087829332339,1882.5947189433928,1878.0566713319201,1855.6488959977623,1866.909584004721,1875.7113442668278,1906.575748833798,1922.298429736982,1931.720096697848,1859.1437793161126,1860.8568517808822,1873.8303859386083,1882.652211391629,1881.6119911628514,1877.6779093191456,1850.5726581041863,1876.7589952185947,1849.9602559954083,1915.5346260400813,1932.2779990751205,1933.831921543689,1863.3068980107355,1857.437064222099,1850.575174536871,1879.3386398431257,1879.3684148583172,1854.3515343710376,1851.2302833184458,1877.0318228861693,1877.0572349718552,1892.1090155404881,1927.1132649824149,,1866.5174616781048,1872.6090920326014,1879.8140162892853,1881.1484409774612,1878.5999661438525,1851.1785680606124,1875.089454067721,1875.8844840302468,1917.8951075615419,1922.5794675160369,1927.3804765885845,1866.2895420524198,1849.448842458017,1852.0277287623367,1877.5726650595348,1881.2152595153102,1880.2075286255574,1853.7007081755153,1874.5476195224464,1849.624633500839,,1918.820352490464,1930.7979508008307,1865.2774394359878,1865.4348857368602,1872.9750691070421,1881.9848096560356,1882.89253750131,1880.5979030441451,1854.879784988817,1876.5106505937247,1878.3472419746188,1918.1323818620783,1933.2405328794403,1924.8319979822595,1877.0071812770523,1874.1773267209032,1878.430197996106,1880.2348764037245,1881.7112977166603,
SOUTH SALMARA MANCACHAR,1873.943189256123,1850.3127813944193,1870.492196508661,1874.5228734508794,1921.2769890790282,1915.9720399532725,1925.3562958411667,1879.162862346329,1875.145275865427,1850.2467422051682,1882.31627381264,1881.6316448900532,1850.9556391675903,1849.5248020322667,1878.1506381240265,1874.5729719948724,1920.2952251143304,,1922.9343275793335,1873.0379021628403,1874.965732602735,1875.3336034123881,1881.3684967081085,1878.4765373381938,1879.4956028495067,1851.4968091267147,1879.114006660751,1874.0048710628666,1928.344639978778,1925.7577751546523,,1901.554771874363,1874.3165320698854,1876.968996180251,1874.2104480886355,1877.5935639245372,1881.1872690489251,1849.9410464762777,1875.1743228376877,1880.1544896538408,1909.4813675796477,1919.3329759869619,1930.9639917502777,1861.847045390565,1877.5274861323962,1882.7121835525488,1877.567450427334,1879.9997554358015,1874.155916555758,1851.803826288785,1875.0410510889906,1878.5124416267083,1918.3804084766614,1926.4924449239088,1908.0767543220354,1865.85950718537,1868.2743673127334,1875.0518817457848,1877.6505980586585,1881.751226349308,1879.8264507109404,1852.3217092417071,1871.123001536286,1875.2124595207745,1924.75623065059,1915.9908266698897,,1864.2677374943335,1857.4312118537596,1849.9179329695482,1876.8263215204356,1878.0546004247003,1876.3508152701793,1849.9338328952836,1877.6368939923054,1874.9834577963536,1916.7340222756602,1915.1075358014825,,1880.7163296779413,1850.5157676008962,1876.8313331151699,1881.7309922818238,1878.7648403509966,1850.4953695719664,1878.2309263326977,1874.0965305061482,1927.0563999223784,1914.496148190468,,,1874.2308397344557,1850.6179853468686,1877.511634914669,1882.145854744116,1878.6788572454875,1850.7389888352263,1873.985289430457,1873.3421793646362,1928.0872446336928,1915.3389740383018,1923.3295197684395,1861.7456141378716,1872.617050660377,1877.272039100094,1879.377905484763,1880.0315129178978,1879.671480660619,1850.152937026548,1875.1644589470434,1872.3104737249641,1925.4937623503795,1911.4706288794587,1906.5729819677056,1864.6295489534455,1877.3432172282844,1877.0216653968155,1877.4965114823758,1881.1062105884905,1857.0106181262743
TINSUKIA,1875.8509122009093,1848.7577572747093,1875.1864823620206,1871.70923863758,1921.2289502314786,1922.9459264593547,1929.238837759258,1912.2817123092495,1872.685838068673,1881.2594389273195,1877.5703887729487,1876.0727677466016,1876.4885902777178,1851.7677422090646,1864.0228336356606,1873.268326552982,1886.2447728449265,1915.7116665601595,1919.2479016572545,1915.375953467161,1865.5584815345246,1880.3690847232351,1878.6747875247554,1876.1123913491915,1874.530376687632,1848.4645852415222,1864.775431051407,1870.8696988603797,1911.2071370757958,1915.7406263910102,1921.1654480827697,1875.5841232873393,1873.5911798153513,1879.1345275084902,1879.712229247506,1877.0266897471035,1875.486048634924,1852.372806822434,1870.0551310927108,1874.75637736618,1911.509616395025,1917.148312857391,1914.739292814974,,1853.7472151711886,1880.6528528062927,1880.4260706912223,1875.7801976761095,1874.4210831044038,1848.4076489997565,1872.3125296084638,1870.3738993532602,1941.685879628161,1913.9443152606295,1919.4495620312641,1871.4912046305624,1852.0766951206965,1860.4705448079299,1871.5703417370958,1874.9314083990346,1875.5249486106102,1847.6334368094833,1867.9603208322094,1866.2937832241053,,1918.2926374137955,1906.910835874863,1864.832186072513,1861.8471407771583,1872.7819119873711,1880.9084099256304,1876.5257169892113,1872.6669700437094,1851.7694776826245,1874.6881978760978,1869.1258463860063,1915.9133512811163,,,1867.4656777073394,1875.6317314508494,1877.924533912854,1875.8916915411808,1874.8001902542824,1852.3114964897236,1863.8908001743891,1871.442445365701,,1919.3723976845924,1911.3458660970302,1909.5792906596375,1864.7557785678518,1876.9068810586436,1878.529108990513,1876.677166936856,1874.3791102612051,1848.806527470732,1867.6934681176524,1871.432871796761,1920.6048114553228,,1916.0705105960533,1874.4247077447237,1869.4048580967012,1874.7124658443877,1880.0180029182554,1876.3054224159462,1872.7562829947826,1849.8271845110764,1870.1707608296185,1874.8508778615064,1915.5499471913745,1909.9343297035903,1909.8861497585738,1873.1668697877567,1852.829054627833,1879.7698453612352,1880.4885023140325,1874.9837625428986,1873.0883073520915
UDALGURI,1873.8170715594345,1850.4696240638384,1875.9108958323052,1872.8647473823269,1913.3635377338117,1922.0316701562083,1922.981978861196,1895.2433284656277,1873.7060688917068,1872.2702631804214,1875.647741685639,1874.1055029509814,1874.4935470119997,1851.9926915452904,1852.171595547784,1868.572993395491,1913.3035130114781,1924.879371822515,1929.3294166681019,1866.623736990941,1852.1261055321143,1875.262799317844,1875.3491199727446,1873.595324533982,1872.0677309631958,1853.7441115513898,1865.3233527805248,1870.9605447749466,1907.8846498486946,1909.2682898951714,1919.5236046893772,1875.4800879292893,1854.230703751238,1874.228827249413,1879.7133427473534,1878.406122110314,1876.9858906139941,1848.8831202101906,1872.611857492801,1873.0130015877967,1911.7579185550765,1922.0243774553908,1930.4294562973726,1876.735472346744,1867.4238606687807,1878.8109412579813,1875.3908239845846,1874.465381332191,1872.8192225354233,1846.0422974187668,1867.702576028454,1871.329388425752,1911.1318798186014,1924.1111260091498,1927.3902290481237,1869.6108237945703,1866.3642944128917,1870.6382548157214,1877.1954001982915,1874.251823378011,1870.5525597139706,1844.3495760570588,1874.8833749669386,1874.9261353292425,1926.4036559673882,1918.9402697321514,1929.7129645213101,1866.920477357633,1871.8950577961907,1872.5828683773636,1874.0632307961034,1873.3622765995037,1869.9799506053585,1850.1692792522922,1869.953500933385,1874.888815525844,1906.1969849600712,1916.9306365903694,1918.077445057929,1866.4786584653666,1870.8736275233905,1876.1388856907013,1873.740191971391,1873.1259261304247,1852.0669465568026,1853.7190317664804,1873.7566165566993,1912.1824755523571,1928.4791999718216,1923.0591662525483,1866.4538264680766,1849.875839021332,1872.1316976516755,1875.6571773534265,1874.0946907242385,1873.6255532336902,1853.9414199467312,1872.834075885583,1869.1476673098555,1909.6291765500237,1927.345410387298,1930.478941937044,1874.5977358382543,1858.0176612211349,1867.6064496447293,1879.6854164881543,1877.7618343383078,1872.9900038464377,1847.6463493599374,1867.6301522113063,1874.2332508416819,1911.2317544179773,1930.9416506214545,1922.0162641944642,1878.0873353681732,1870.2379723550018,1879.1172632511925,1875.3432158727092,1873.8368458940586,
WEST KARBI ANGLONG,1879.991831443819,1850.9005016783553,1878.9693024155365,1869.9792090843182,1917.0517185695846,,1934.8245421363717,1849.3123749407052,1874.9629344886373,1850.436745961273,1882.5140144730894,1879.863117999304,1879.882703001975,1851.268766911011,1877.7287419941363,1877.0878864944477,1921.623109571644,1902.9916424177866,,,1877.4256391326478,1873.5201586050398,1882.5655285533524,1879.8941327410491,1879.6726022643356,1852.8182420529456,1877.834719643764,1876.6974390376763,,,,1866.8726745264253,1875.6730268937986,1880.4626146803166,1880.3538049986594,1880.5755925310439,1880.896948680821,1852.0891106512456,1877.719734828539,1873.1746061833758,1915.218462893594,,,1865.2973356143816,1867.980469839935,1882.6184591822794,1882.9216066907065,1879.8894138057428,1877.8033289934167,1854.6092141134925,1875.6828972182125,1870.9937781594995,1917.4134533146487,1912.768466462762,,1874.5989510665336,1876.5671238855716,1872.1191795625562,1881.0663134012445,1879.2186030449673,1858.1128184111888,1850.586342742447,1874.9739096954397,1849.6447065417715,1907.3491389691287,,,1868.3340484390699,,1850.2233577412114,1881.8833082917213,1874.5814424104317,1850.7764862510155,1851.1324794102454,1877.7242885767325,1869.2631880280114,1882.9438007334122,1911.1370426864562,,1864.4858372061453,1852.187635528474,1879.8368088299826,1879.5536138378134,1879.9130977441298,1850.8360916440727,1874.8693882624652,1877.4281249911826,1905.0279635514462,1907.3143073016515,1918.8791480360774,,,,1881.7153939565167,1877.0817951611011,1879.4879763337447,1854.8038900299473,1877.6946328687366,1854.3509812298314,,,,1864.6783708114663,1851.009866142492,1849.3798481484764,1882.1848596504933,1880.2933309974467,1879.5648878618867,1851.983432822157,1869.3827876433536,1869.474052215231,1913.604246892516,1910.0230599731115,1919.6324428848031,,1872.9217267027343,1850.3849530103548,1882.1431227313967,1879.3819706551376,
