district,2014_01,2014_02,2014_03,2014_04,2014_05,2014_06,2014_07,2014_08,2014_09,2014_10,2014_11,2014_12,2015_01,2015_02,2015_03,2015_04,2015_05,2015_06,2015_07,2015_08,2015_09,2015_10,2015_11,2015_12,2016_01,2016_02,2016_03,2016_04,2016_05,2016_06,2016_08,2016_09,2016_10,2016_11,2016_12,2017_01,2017_02,2017_03,2017_04,2017_05,2017_06,2017_09,2017_10,2017_11,2017_12,2018_01,2018_02,2018_03,2018_04,2018_05,2018_06,2018_08,2018_09,2018_10,2018_11,2018_12,2019_01,2019_02,2019_03,2019_04,2019_05,2019_06,2019_07,2019_08,2019_09,2019_10,2019_11,2019_12,2020_01,2020_02,2020_03,2020_04,2020_05,2020_06,2020_07,2020_08,2020_09,2020_10,2020_11,2020_12,2021_01,2021_02,2021_03,2021_04,2021_05,2021_06,2021_07,2021_08,2021_09,2021_10,2021_11,2021_12,2022_01,2022_02,2022_03,2022_04,2022_05,2022_06,2022_08,2022_10,2022_11,2022_12,2016_07,2017_07,2017_08,2018_07,2022_07,2022_09
ADILABAD,1850.2919952576763,1866.5802140713192,1876.5155385271066,1863.4341467005968,1909.9393634073317,1873.3511659828473,1886.0904920079315,1882.9548472162116,1873.844166216954,1876.0441528827766,1875.4958781679145,1867.1871017677847,1851.1781418355943,1877.651550591643,1875.918409791182,1874.9122789645905,1892.3556936024438,1886.156498372741,1876.968321725344,1864.4040501887864,1876.734945016749,1850.3148782101534,1876.4782314025822,1878.1392013195803,1849.068129813905,1857.4239139437602,1875.3165563884709,1873.2104583255366,1896.9481848598807,1881.6305885363574,1868.4529453214814,1875.6171688532627,1856.781226640366,1880.6386870150532,1872.9020813786497,1850.2063622538667,1858.466679877779,1874.9636383570821,1883.4166698373074,1889.9450800447723,1882.2219214627014,1876.0145680580242,1855.017566487256,1876.2813857800127,1876.20264269373,1850.4746400937902,1864.1136247955467,1875.133086131598,1870.3406318907018,1890.0986136939748,1889.6258127323224,1891.456527646123,1856.7519893286772,1853.4742940794388,1874.9163029562385,1875.926636399204,1850.1532441352542,1874.3269929379776,1875.2268628728295,1863.5076799615902,1889.7377397995037,1878.4213673745578,1887.1015057398229,1902.6799314623238,1871.4238203881216,1849.3627269879948,1875.7123851487825,1877.8698046539719,1850.696312769449,1876.5832455580187,1876.2947433949412,1864.2897251128945,1907.3970263273086,1885.3054485538032,1887.0466760290499,1876.0510269186518,1867.5016411124934,1849.6273414322668,1873.4296323436433,1876.0534350823173,1850.4828198528594,1878.02577551195,1874.8886028965096,1877.0862623714922,1902.7834515652671,1885.183208170734,1872.9386687865815,1868.0149804198793,1876.309417752189,1850.542617865318,1875.0714254595737,1873.6813264345024,1846.082310762285,1857.3734233753191,1875.5632310313335,1864.214483253916,1895.5060206951978,1875.4429485091778,1867.0727632282803,1857.7118076133738,1876.3616450765774,1876.1510248019017,,,,,,
BHADRADRI KOTHAGUDEM,1851.0828165866615,1869.483627535351,1871.206617952685,1867.729888319514,1893.5973482496302,1870.0653558150839,1884.2878682617152,1880.8981254860719,1871.1826542038164,1850.5203363741593,1875.2424744377395,1871.222545969012,1851.1767318595114,1871.3880248959742,1872.8719405189195,1879.1751703711825,1893.5764721450132,1876.6581780252754,1881.3610447215883,1890.6799572083585,1874.5566302121572,1860.8442138487321,1865.3292408818613,1877.3358365216507,1850.0368480859343,1870.7391279964022,1873.6165937461312,1883.5868124192261,1890.9753627256298,1869.9069345574464,1885.6876436572793,1873.2894187393981,1860.357844015034,1865.8290268869791,1875.4812207274847,1848.867287555065,1875.058660496966,1871.9829566644578,1872.4445261060084,1888.6074456278106,1879.222654759004,1869.5228082544113,1847.8418031616675,1872.6099980702659,1876.2322129148085,1849.9541557824148,1874.5197430307728,1873.5890374293774,1868.280993233054,1895.0526626121357,1866.648028937434,1891.263478529258,1870.4224532005016,1855.5694364515125,1872.926115514749,1876.2260371347472,1848.690095594527,1860.5449546703783,1873.0001269352047,1868.1291720930508,1905.1317115850597,1872.2334530039514,1883.8559215673201,1883.771291126812,1870.7135372134817,1854.2986606256727,1875.4226951020762,1877.1886342861262,1850.2104091033464,1873.2131269206366,1872.760363717245,1871.0773415647975,1894.9439646185192,1873.037571766843,1896.7050301749396,1867.018126270741,1869.673536033371,1852.4265372708367,1876.1610399696372,1871.7410525626924,1851.22076143965,1873.0680346117567,1873.5671525221458,1872.5922416144228,1889.9871210443741,1871.2671313120704,1886.8163434655517,1896.9786435734939,1875.329477739074,1861.5620192800948,1866.0759033810778,1876.6385920052917,1850.362695672067,1872.7572731362247,1873.522258009646,1880.6810628003675,1898.645970460336,1872.2597692182885,1920.1449885708364,1856.6309399650625,1867.6600424205194,1876.5819219211141,1884.3410732387072,1882.094236602623,1894.9699458055654,1879.4488205558966,1887.1894391712895,1873.1315137192569
HYDERABAD,1849.6157516359833,1880.0556120738443,1876.2477639964882,1907.915386140794,1892.080053287933,1885.0956400537568,1871.6622838619908,1926.7649978990705,1855.5724426931608,1877.333294645974,1878.9726136276238,1849.6799883367364,1850.6024897216344,1877.3054044177304,1875.848543008738,1875.4290768521837,1891.432849696116,1897.8627337287335,1875.928488505564,1912.1807777513036,1869.4627021507579,1851.2195633944384,1849.9178591116874,1876.1573746943714,1849.699530535081,1872.063229660664,1870.494539112635,1866.6349291729039,1888.8990997498336,1877.6846503578574,1899.0158661341,1874.3985163368461,1873.0207443363424,1882.06702799558,1876.199798287697,1849.6523914861932,1872.6549711192304,1876.2757459381396,1869.020223073928,1886.3926533577048,1886.7915645327903,1866.615587370764,1857.5176621972223,1876.5622775691907,1876.0572781297421,1849.595343876975,1878.1121513953,1876.6241921888625,1867.8049195084304,1891.1325153916102,1888.6798131974872,1884.4909995782396,1873.5994696864173,1857.4442527561237,1876.3477651253497,1876.0327652164274,1849.6235300143271,1878.2900189807522,1876.88905959751,1866.4094767799656,1892.9423343346864,1884.3639370292487,,1921.2501136668805,1876.2042956921953,1854.6073321962356,1875.6503285974031,1876.2652068716084,1849.937424766008,1876.9668945517024,1876.770858729474,1911.559304664014,1895.2417247582705,1880.9166958345854,1888.9331863907473,1926.2912795654022,1863.1699958338388,1850.0942163361226,1849.8144868111722,1875.8799872709503,1850.9602249900186,1876.70518023897,1876.6950661090498,1874.2279215567614,1893.218374027135,1890.0360543140634,1885.1066238770711,1920.0683333100665,1865.9374420742467,1849.5394130646923,,1873.6111290882288,1854.8297600465544,1875.996088113746,1877.2771213485148,1862.4797373681768,1888.5340474460818,1873.917031159397,1917.9553680465556,,1876.752001608291,1876.3576568274862,1888.3077507175105,1876.5482171571027,1910.3220526138873,,,
JAGTIAL,1849.7375278982795,1872.9757229425916,1876.4172251225,1881.2261776790767,1923.7214530244703,1885.4704669846171,1887.8770889329223,1890.1729039851461,1872.7299150698243,1873.168839405903,1874.5088700429242,1854.5265221467469,1850.8949082150755,1878.7337276693365,1875.119052640612,1875.6303115125245,1900.4939933391283,1891.274115349542,1886.1904214393664,1876.8607294172266,1876.459524217387,1851.5827489091107,1876.4568424089307,1876.407958408604,1851.422316750219,1855.4823362300058,1874.552433626952,1867.3572123733518,1891.7500697289877,1876.5045151973532,1885.7120232493517,1874.574959930065,1856.0857038471815,1882.6088495888514,1871.3944355342517,1849.920750035943,,1875.2843974162759,1872.8099744006622,1895.092094903826,,,,,,,,,,,,,,,,,,,,,,,,,,,,,,,,,,,,,,,,,,,,,,,,,,,,,,,,,,,,,,,1865.5519982005412,,,,,
JANGAON,1849.1878211801127,1871.2587714998385,1869.5532455209834,1869.4685727708277,1894.0708424915913,1868.3795075406615,1880.1006596791572,1887.3160286228015,1872.5495342103518,1854.1441416388923,1865.5415823425194,1872.92599344637,1851.2716741065221,1876.621036144891,1871.4536397643599,1901.9448210228513,1890.5156036601059,1884.7007012034965,1888.507244116864,1871.739212807246,1871.7975100055125,1851.1281652272353,1874.0387624805135,1875.3179908994466,1848.029928565135,1860.3311371645318,1870.6171851168854,1873.8512422323745,1895.9694963087643,1872.1136414373473,1873.715696819213,1867.4471204714894,1852.885286959943,1875.5006645535057,1874.384482684584,1849.4510471900217,1866.591644908178,1871.4560744674056,1872.4015672765784,1888.7086549656267,1872.9749756036651,1871.2210933969063,1854.7332510496165,1875.133397761607,1872.8148530608164,1850.827261944146,1870.651444203465,1870.5926022402182,1870.985945095561,1892.8130314285368,1879.690872874715,1865.7213428061186,1871.2201750374884,1866.0007563534523,1860.5986004537892,1859.9079546689998,1849.0231832727488,1873.3204665084286,1871.7197111784128,1877.6827762643002,1896.383507345492,1873.2176579920263,1898.3067610358066,1895.1411729428662,1875.3886062868658,1862.546389591295,1860.5733594677201,1877.1409292039032,1848.3309790328778,1870.932085744762,1870.6881060808255,1866.4115710370052,1898.2845683014204,1876.0516452948682,1889.3715487653844,1925.241160499994,1877.1630594998026,1850.1552753047793,1870.792962962112,1875.333547837806,1853.036316938861,1876.1447381156345,1872.612657403742,1869.768222236318,1895.5325566717272,1872.4486212941245,1886.8639120303785,1879.4500938513347,1874.8146261856643,1850.3631960098353,1874.8420536031244,1874.5258602905974,1843.955452842458,1861.6935287964502,1872.7884463729013,1865.565674510128,1897.5238886852405,1870.5341758225811,1876.544263746797,1853.8916691734753,1875.3027863079526,1877.39262031614,1894.6187342547514,1892.3984114993984,1868.5677551867761,1870.2500929209918,1876.6114860423052,1872.8635387306294
JAYASHANKAR BHUPALAPALLY,1850.528989017098,1873.5363746531132,1847.29429064596,1919.638497190851,1889.8882146603,1871.499356930363,,1920.213589481214,1877.0245970096846,1857.2400999158465,1876.1205090872706,1876.4417453815656,1850.6262847463602,1865.3253233437235,1876.0988004612861,1907.1704578840672,1889.6816964344916,,1883.0553008547113,1912.49794415537,1874.0423317090497,1852.118512255402,1876.0831468511874,1876.478808575268,1851.490925930276,1875.6175310781734,1876.470929616769,1869.6765961815092,1895.8669061477249,1876.6127331290086,1901.6730821718756,1876.445858324548,1852.2056001565957,1875.7431296834434,1877.4107847774296,1849.9649465568561,1876.5223405512638,1872.3913060955438,1875.4358813769045,1901.1650810180704,1876.6741546866797,1877.050391303019,1848.9898773993687,1875.673070056794,1876.0426589612,1850.1339873698294,1877.1869572140095,1875.948246103799,1875.4565759478921,1896.8499890434325,1878.2963292637014,1864.2723176983231,1877.2778767299428,1876.57096730672,1870.4323862385552,1874.2871775353044,1850.3069393617857,1868.6720146651446,1875.684245881889,1871.9801551770736,1893.5327273793764,1875.3817005210708,1879.3345819704307,1923.363652726324,1878.257798248564,1857.983141710178,1875.786814539605,1879.3487365166839,1850.6849265806622,1877.276712520793,1876.804691314272,1861.9818398612929,1891.5123954837632,1875.1637715487057,,,1849.9648317212427,1857.0682880139166,1877.7212712564958,1876.7787613234862,1850.845251984829,1876.2621077107783,1875.6823034530153,1864.7752006697176,1892.732933924777,1874.3551750181223,1872.2609996929964,1890.6961489127318,1851.0229205267003,1855.3305059895313,1875.7373508679007,1876.9069463754736,1850.1274555917057,1878.0418930237824,1876.1636486474968,1869.4799831338892,1921.9539239640994,1885.103228158717,1917.6634128449182,1851.871639608682,1875.4885933352575,1882.6283189112357,1872.3015103427238,1889.5430804984205,1876.117114895978,1892.0014627063524,1887.8718796894952,1853.8643681973688
JOGULAMBA GADWAL,1851.1739574661442,1874.901843143135,1874.6996686513476,1896.8681422742593,1894.4701549779634,1888.2195034414476,1869.2858138524562,1879.2609162358372,1856.861199042262,1875.6314871440823,1851.556902492252,1850.1596119174214,1851.5529512841035,1874.699521567841,1875.160184400292,1872.6279449951858,1894.7710678032481,1894.1734455076867,1869.6515331132694,1876.9163889123047,1854.866208300326,1854.1976707555762,1851.1320565596936,1850.7598927713536,1855.1768197165381,1871.7000828037878,1869.8295558777488,1879.406137560229,1900.54258870779,1892.0141455250873,1878.8455286859087,1857.4450501520741,1877.70070704572,1850.2821987819336,1857.5296484764071,1850.1903423991132,1876.842958743458,1874.4890348889983,1875.6199641579651,1898.0356851121153,1868.0793088317814,,1865.0957323703647,1850.2180593114347,1854.7182904068463,1849.0499148861277,1875.032415977164,1874.2508529324823,1873.9082243261475,1898.4472421396927,1881.9177148855495,1876.5885804317854,1876.0891881539217,1870.5358036174425,1852.1144867225348,1851.7959560734107,1851.6176677087317,1874.3716947184153,1874.2248430835502,1872.2965724564579,1893.913245277895,1876.5688943156858,1870.5320244922846,,1876.0127368811711,1856.8754865312126,1850.724737406757,1852.4839963440907,1852.2034804084503,1875.0215197600583,1874.775025018069,1901.0970777310797,1892.406832307692,1890.7057996589797,1866.9102401152861,1881.0640237218493,1871.8449991427751,1856.2835852067135,1850.415999598286,1849.90140470536,1855.7114249616636,1874.9918539018263,1874.5837846494724,1871.1232444787008,1893.0860325120616,1894.1820121453334,1870.2351604754715,1884.5242450575238,1865.4949487117503,1853.7310579089735,,1850.925174462936,1854.1944695603927,1874.7512277893684,1874.8607471687824,1871.7537733670738,1898.0856837000604,1867.6637586461518,1886.050926225019,1863.7382981844662,1850.126444694658,1861.3313842143018,1869.6478243861316,1867.0849846245123,1889.771551777,,1870.0709507187178,
KAMAREDDY,1850.091199645262,1869.7545331416306,1874.6637923798899,1877.5395968413943,1907.7500452918457,1872.7140815168948,1882.4748484295399,1887.7805748543399,1874.964464795345,1868.950203923413,1873.414201949672,1857.2452164670208,1851.8936352026474,1870.5750093853135,1871.292993706529,1873.2521917468296,1894.0453738851659,1885.2631136499863,1893.601942520798,1865.4601326047134,1871.2386468838192,1851.295721235483,1861.5220970555197,1875.7543844484503,1851.5258948581081,1865.2680864179051,1873.1709836967386,1873.2274857366333,1889.3217569971562,1869.619438552737,1868.4990966354455,1874.9812367845602,1865.8838613278576,1875.6692762450023,1873.9703587850745,1850.8002232734414,1872.072048019006,1873.9994808465856,1877.7765436106954,1900.6829121499518,1876.0041266933301,1874.2111307629702,1853.6212385340575,1875.457938578054,1875.8361477523626,1850.6780249603144,1871.4723755173782,1874.1513744746273,1873.1187773791344,1891.6931098981559,1881.1299996095381,1890.2777898723175,1873.4207847804955,1852.9378133619464,1874.5514050709876,1875.1620585261248,1850.2664520980682,1876.2269160845349,1874.1748886228247,1870.408596970186,1895.6606222115618,1867.7422617691266,1886.3975846001981,1893.5673556907748,1873.004128000649,1855.4106399361267,1874.351892213496,1877.60003958555,1848.6814627097503,1867.6217452421256,1876.2958821584782,1873.3946346436749,1897.9404665311952,1871.522746995667,1899.5888423717147,1875.5140383997427,1865.7136367484452,1852.3422004898596,1871.2526924280194,1875.7357973915218,1851.7274847642266,1872.928239463379,1874.962931756306,1874.4579881926973,1892.1740253507187,1875.1329675448158,1898.6247247048382,1867.6208132650322,1873.7137993574277,1849.9586281076738,1865.2118014655755,1875.5679123596221,1849.2597427934318,1870.2966429012936,1873.2996208840134,1875.5385939122878,1892.5446231825197,1878.5087232111866,1868.4682877892935,1861.3985048619813,1874.9810066229006,1875.7505428038323,1890.4872936897334,1882.889404368687,1900.8490549041073,,,1888.2014189443532
KARIMNAGAR,1850.8598019227713,1872.0932377359595,1869.2591140752793,1887.6374411669533,1917.8515294556332,1866.9165766740427,1877.541700587293,1885.2296615710384,1872.7534221498418,1853.286574684053,1874.6499931044114,1867.3265663721872,1851.7400190207122,1877.6134545349048,1873.3095794483434,1884.182313423155,1898.0267581274286,1887.3997283144183,1898.6389004630998,1877.6123740695791,1874.4783650142263,1849.508886622076,1874.8797363341325,1874.874652882974,1850.7492444431787,1853.7958112915567,1871.9819924431918,1875.57189706528,1891.8054139725425,1867.3938267875703,1883.8937792523038,1873.3349934919625,1852.9302640663986,1876.2197594773504,1871.8279931937998,1848.0216708932753,1853.7082185698266,1871.7672874686166,1873.3707805763006,1895.9487321674185,1872.061987972509,1873.1015376813182,1852.9314031681176,1873.8857119880256,1874.9467810683393,1851.6972240010678,1872.0271422059063,1874.0334673749876,1869.5836092034397,1895.4909301036635,1872.4851108443486,1878.9957442668672,1875.8207512533386,1857.7444624297168,1869.0162333123326,1874.9593934765817,1849.102997475576,1872.6507268699127,1873.7307265082927,1875.9836856898814,1896.4205649500873,1869.0978266853776,1898.9582618377112,1905.5018237456661,1873.920714989189,1853.2309867258664,1873.1482706773104,1876.068214146286,1846.1546208112982,1872.5915486446863,1873.233719080659,1876.6391200166452,1911.9360439155487,1870.8597831427817,1893.045284363779,1924.0010449272345,1870.1481754413023,1847.2439163179704,1871.8831723011904,1875.0899973246894,1846.6334059859032,1875.8562461736126,1874.2593846236182,1874.9285314529534,1901.3525989408947,1873.0678209350333,1893.8424679973061,1893.183481366448,1874.070695370672,1847.6852310954805,1875.2272478121827,1875.153303355914,1845.4694556022534,1854.565571208447,1874.2106517000043,1864.8027992398922,1915.1293014199218,1869.268413969971,1880.4542684765315,1854.1385338858395,1874.876079635979,1875.6432469462095,1870.9160222331195,1897.3874979067639,1864.796914356944,1877.5871470490824,1891.989667059232,1876.0133000136645
KHAMMAM,1850.1390600513753,1873.242546754562,1872.9541770844519,1868.1990309332039,1893.726623462816,1877.570240643973,1868.5293377487824,1886.6675163318607,1867.0655349096944,1851.8842487575696,1876.7812174806522,1872.7993546017865,1851.204272217417,1872.2870181398446,,1892.1724889541492,1894.5433113674303,1894.5968663803865,1872.1189040739744,1897.115967142881,1874.017526980395,1857.1607243374692,1871.077829998101,1876.0007702100745,1850.5228133762926,1873.8277242163329,1873.7076640435837,1896.5703415086175,1888.4332912266727,1871.62044641192,1888.9500490087735,1877.0928683809402,1857.0340194802325,1871.437963035955,1874.5661078188893,1845.9295766217924,1875.5572264961427,1873.1573213104236,1873.3626608619568,1887.738766578265,1877.1970131895732,1872.9451291228374,1850.083818266702,1869.283879896798,1875.770085502369,1850.8519950710602,1874.0775077385265,1874.6162351022087,1870.4704485828727,1892.2932955835706,1876.333206780742,1895.1093683112638,1873.1390650083865,1860.9333659064612,1862.802944650916,1872.1754332733626,1848.5079170207778,1872.131379014116,1873.3769653234594,1869.2228924493397,1896.3457896876112,1873.4881769096119,1868.7034688271926,1891.3291885843953,1868.0321419049073,1855.747188906289,1875.2849918489037,1875.2470684321722,1852.4451684671178,1872.921716630258,1873.2464242035944,1868.7721609328848,1895.0494659488154,1879.412062685205,1877.2176284994578,1863.52886543434,1872.6377977125785,1853.9749954790393,1877.7126353644578,1872.0475908746364,1853.485737368509,1873.992007561557,1874.8724714153059,1872.770727001452,1890.3463042918684,1884.8070063619675,1875.4091862607456,1902.7094911366976,1876.1616712559278,1857.003668889835,1872.6304226076873,1875.5185570526144,1848.8415372345125,1875.3913142692627,1874.3939957242392,1895.1160443235217,1900.5652319847657,1874.1188625861228,1911.772022875348,1856.0349317665552,1870.6393540324475,1877.0769878557999,1873.9453051827265,1885.035878389318,1897.8731098360304,1879.1931119594824,1879.425850562919,1870.6150367233176
KUMURAM BHEEM,1849.910981217386,1868.799407030617,1872.3281361483134,1896.7182631093608,1900.480388561087,1874.7705582299166,1884.198928007048,1905.2155598128827,1872.2900760719465,1859.4662691443543,1875.0023841942634,1874.358071557835,1851.147255737644,1871.5218803949303,1873.4360915057962,1880.2958991625167,1897.7250785023684,1887.7307219416116,1884.1709724144303,1874.2030801546873,1874.803064577574,1849.478783768103,1875.5875612046282,1878.6005512267757,1851.2557791191534,1856.6755000972337,1873.9554857613043,1881.9217536052608,1893.7045487846945,1876.2448479446823,1879.0797846347275,1871.4717905350767,1853.0894848215964,1877.740779210671,1873.0471230679793,1850.9304597599287,1858.0834913896306,1871.7101353952366,1876.3134086950993,1905.505700715481,1876.8438198292722,1872.7114882513831,1850.0719475507874,1875.36619508086,1875.5610440964344,1851.0496447276178,1859.8285192091419,1874.478487949291,1871.688527446357,1896.572451710034,1878.2650265573575,1889.8529069275914,1870.2397992191497,1857.2438548327168,1875.4955810479441,1875.7430495988197,1849.252204341926,1863.963229105604,1873.6072919225596,1871.4993458685751,1894.678717914286,1874.1222046547916,1885.3199733181025,1924.4966305207004,1872.398040328431,1848.984715043943,1874.8589907970324,1877.0827645906888,1848.7332261718973,1872.7616515834627,1873.7290972263452,1874.831430305414,1908.2449095325107,1876.0635354108126,1891.496026316996,1927.3812551260849,1869.7574636092513,1849.4359093800388,1874.2504836799899,1875.8610252933568,1849.659873707659,1874.6505665374661,1874.1912333923897,1874.6620494452252,1907.2429400052479,1876.923789583394,1875.6321131344291,1904.2101044997685,1868.5718221447894,1850.5928552589382,1874.5259992129368,1874.1209940842905,1848.3962912322415,1856.7013540361224,1873.675098290595,1868.6753098773975,1904.4090046221656,1878.3950331428837,1879.0441170303302,1853.1000704224778,1875.3859588062148,1877.1436176872667,1867.9381338937521,1898.2410194982183,1867.3533881969768,1893.8431620882632,1874.7254908670257,1873.040735666279
MAHABUBABAD,1850.8554368528348,1877.112680235911,1871.595547210618,1867.0041674109154,1890.430442452281,1870.7018542627989,,1921.688382447793,1877.6663343434982,1857.7858762115889,1876.2111245215444,1877.680340242131,1850.28478172712,1874.2521599834752,1876.457267307022,1906.5145499014786,1890.5541425474746,,1888.8899923361016,1923.7568595683306,1875.320612997988,1854.4321918410492,1876.3935947709635,1876.6092155478345,1851.8886579039631,1877.3919346384807,1876.7854234550105,1887.8355070171297,1893.2421875605269,1879.8807362623381,1902.0428968291028,1869.8282275513902,1854.20251115861,1876.4673274793677,1876.1203275142536,1846.8980722428948,1876.9777110962407,1877.7712269694243,1875.898585408385,1894.1448228783834,1875.1749473524706,1877.8011744284374,1849.3013322309112,1876.1216707104784,1877.0246146422219,1850.3360307167939,1878.221934957798,1873.9919566863127,1876.95954277475,1892.2854248957296,1877.8752241055683,1880.689292373964,1877.9841409992484,1876.989274562285,1862.5093964577397,1870.7547965067058,1850.5644457634062,1877.8907466525643,1875.8869143451236,1869.312202204921,1893.0180227312987,1884.70505149402,1868.7199802313708,1913.3564879685482,1865.8150088342222,1858.041012909952,1875.0001131275171,1880.4857862922818,1852.156727211125,1876.9913616468643,1877.4043517295624,1864.4114190079615,1893.6830662578832,1877.4684262623641,,,1880.1708249092478,1857.159597832207,1880.775721391274,1876.4507963610865,1853.4277383674992,1876.663475182651,1876.6379663145601,1867.67042608876,1893.7370915926658,1883.4399090274842,1883.9451058190666,1927.2311297224094,1858.2562234379607,1853.529698569414,1878.8889812423026,1876.4797213427564,1850.1924859237533,1878.0566228078187,1876.343925191727,1908.101463434753,1909.2331970986152,1887.340475378045,1918.4117743642832,1852.7433251789964,1876.7783234370684,1880.6900200783962,1883.0219274945534,1885.888010543441,1911.552562874752,1894.8725201068085,1888.662445790565,1851.5914899494535
MAHABUBNAGAR,1850.8143722169104,1875.894142759287,1875.7310897616667,1903.003583089417,1892.6257849935773,1879.759217714838,1879.5094033043335,1903.8904253203077,1855.1964441196285,1877.0768925328096,1871.1645249547698,1850.4631947481462,1850.9688612335542,1875.5114272842704,1875.8852153628043,1874.3432415628038,1898.3276271198733,1876.9751783917266,1874.0257146647878,1875.3540544954985,1859.2983881087048,1853.179581642445,1850.2529688536697,1857.1789294168361,1854.305175430054,1873.784239780811,1868.6179883833647,1879.4312327022624,1900.8756888053806,1873.7697978494607,1879.278428684086,1849.837440874289,1868.197350685293,1850.0735896936728,1873.285876530817,1850.055691033975,1875.2380755982888,1875.4223449090143,1877.346077993254,1899.9743867116913,1886.5219820502873,1869.618579180507,1870.7653878125798,1852.3646455736175,1875.5706008406396,1849.7041040116674,1875.3839751848661,1875.1969116346204,1874.0537238965153,1900.3612703057042,1879.528296060072,1877.5742587862742,1871.8863587070548,1857.5684336384058,1858.8119089816619,1870.8657635106667,1849.7010838399672,1875.4938533918971,1875.0713260505277,1873.097764601346,1897.5172610326629,1879.6623361957268,1875.994716778881,1919.209620476992,1876.830470923536,1856.3418403882583,1866.8553629222647,1869.4834036501904,1851.1781931300786,1876.486551770448,1875.5056975724128,1905.5412119038608,1894.1413081382202,1883.339162970027,1878.257040941792,1903.6835296871661,1872.236081235153,1854.3740000900652,1850.285895454521,1863.4020751539767,1853.5492453918323,1875.7661628256492,1875.504700966007,1874.1537030185298,1896.128032456013,1876.158652094475,1881.773850266654,1888.3209368437888,1865.9832269404865,1852.3660305434983,,1857.7770292322202,1854.049527117635,1875.1305225450224,1875.6580891773292,1869.4114295943104,1899.4472200384669,1868.8376974313715,1884.9351078571017,1859.4079261672337,1850.5817089192346,1876.6322061259561,1884.3530750701846,1867.8626201259062,1910.8054584399563,,1891.7812488337029,
MANCHERIAL,1849.5938005688893,1874.8724996444441,1869.8711075398069,1908.4080520159594,1905.2218972402059,1868.9078147252474,1880.18982985232,1896.1722641429672,1873.300704735658,1854.8591095586753,1875.1710049627302,1875.5692477487623,1851.11588125325,1869.2892378315096,1872.6689219129582,1890.7137234541476,1899.4731726227121,1888.0828482348998,1888.716426279047,1876.655658995859,1875.1647363875372,1850.4486813335925,1875.4501260145755,1877.6820122062347,1851.753268864379,1861.1551092969264,1873.7536605030145,1878.9443039607547,1894.2775369830388,1877.9985190003313,1876.5420748370723,1870.4896977604412,1853.386323269763,1876.3529400825505,1874.0631739186404,1851.2167807335343,1862.2894198429487,1871.0582501112128,1872.499123643667,1909.8704391925214,1873.802085674513,1873.1747949997523,1849.9276427029893,1874.8474558791884,1875.5389780257535,1851.495352789882,1864.7575451180783,1872.7698685508794,1870.1805743888606,1899.375565270619,1872.7484779405788,1889.4810164331052,1873.1809984231966,1863.120069601156,1874.9566231351637,1875.0892318028796,1849.4060153130727,1869.3553979135738,1872.8934896940602,1872.2860284166754,1891.0602913441837,1870.3063676991776,1881.682195912135,1925.0563150356047,1873.1889970200357,1849.7083244765845,1874.6264051192252,1876.8637316302768,1847.8438061315815,1872.2428578131755,1872.2265603172648,1871.214603965321,1908.065037612845,1873.8221771645494,1890.0661408851342,1928.5954567379115,1871.4861067595805,1850.6431450905,1876.027059002017,1876.3490995566688,1849.2541160994526,1872.36711727891,1873.606612317233,1880.086703089161,1900.6663737841927,1873.6747611987123,1878.4153206971566,1902.7511175425507,1872.358442036078,1851.215523226948,1875.6883085312206,1875.410272637511,1847.9276192351392,1861.5963258115744,1873.2699530747068,1866.9397852741408,1909.865551372068,1875.7589059428656,1879.0168154693945,1852.872789553646,1875.041584945587,1878.5543738152107,1869.8746468678846,1899.0328352516437,1866.3226217669314,1897.34977060139,1887.4042171848932,1874.022560321797
MEDAK,,,,,,,,,,,,,1851.6948802030397,,1874.2828814634593,1875.39048331021,,,,,,,,,,,,,,,,,,,,,,,,,,,,,,,,,,,,,,,,,,,,,,,,,,,,,,,,,,,,,,,,,,,,,,,,,,,,,,,,,,,,,,,,,,,,
MEDCHAL MALKAJGIRI,1849.8319699669737,1877.7965647023893,1875.3722761819827,1901.1936769605536,1895.0242799001314,1879.628524600918,1874.7073177637344,1925.705200121959,1862.7519963639006,1878.0843662776383,1876.194142823633,1850.097966366214,1850.6711877602672,1875.4620338939712,1874.778860782064,1874.5198241695919,1888.34649067794,1882.822550925036,1879.9766121087555,1904.614874617139,1874.5925994606698,1847.9356917864923,1854.268073742582,1876.5584129243093,1849.522490355783,1863.897820223134,1874.0295360082187,1872.36635743373,1891.5059112221018,1878.9539302819346,1904.4147727160469,1876.4968706997151,1877.0232667622608,1881.727698318456,1876.1788995502802,1850.0175467975914,1872.8832125484894,1875.1089729042294,1875.8846231942534,1889.7514051623386,1885.3974403253342,1867.1807706703685,1857.2395613374424,1876.4864899072247,1876.343570381854,1849.6524806447678,1868.0278906399967,1875.4390418012804,1866.7548912809948,1893.097421379241,1890.161170857224,1882.5486186063529,1864.3956406723003,1857.045556351622,1876.563068758143,1876.8106358596194,1849.6533518069466,1877.3967805169993,1875.4005162331816,1873.9778051309345,1896.576968151462,1882.0497986892456,,1925.4199696849591,1875.2993564871736,1854.695208988192,1875.1635268430584,1875.7819473292018,1849.848597896685,1873.0375491057196,1875.5566640445295,1914.6585624460274,1898.471008924387,1884.3193092755685,1888.477425082308,1924.3792733581745,1868.0203051498388,1850.2348293677787,1850.4788376667561,1876.1278855067158,1851.027133644779,1875.9871005387201,1875.8246638286716,1868.8604393574547,1891.9983440663368,1887.2349062357662,1884.0720445222719,1917.568524741203,1865.8005489543875,1849.64594863485,,1874.5491829763423,1851.6838616313412,1869.4515592163516,1875.804416725098,1862.6859239498262,1890.579492097077,1872.9479876027062,1910.999969517119,,1876.655581312757,1876.459189921881,1886.5795894401674,1875.4751364262816,1919.783509667035,,,
MULUGU,1850.6598613475496,1864.5156183903325,1861.606723112709,1905.680647280023,1891.0041876371513,1873.4758966752397,1884.5320245850025,1913.303152109636,1879.0394794754343,1854.5858844949867,1876.2136483710608,1877.9266461906413,1850.3232905806203,1868.2482780013356,,1900.4590807572645,1890.6307032786954,1866.9257148221527,1882.8559549056056,1917.6621874944021,1875.9270326476985,1851.222489934601,1875.6525820941727,1875.9253798295038,1852.3750725596026,1869.2810637632092,1875.7515404509918,1885.9095059533013,1893.6774829199421,1878.5306983547957,1904.583386525673,1873.6544731987597,1850.1679752491361,1875.8080035998682,1876.122032586517,1850.0384771413137,1877.4742749425698,1875.8350013231218,1874.938111389891,1901.6413593616498,1876.1469726516038,1876.1670248970102,1848.0181623430894,1876.5177458135054,1877.6157676759626,1850.0686203389223,1876.9137590230155,1875.8395548558788,1876.3485439156977,1895.4574398420204,1875.5953001657706,1884.438727670843,1876.1027301104152,1870.1063450896015,1875.3957086076261,1872.1631957060567,1849.8193275789772,1858.8926701882745,1875.1357036536986,1867.439455206333,1895.0599193269345,1878.8695625370767,1880.563710194056,1909.4512789837652,1870.2099500632812,1855.9512419518228,1878.4254031944831,1880.2530196261207,1850.0102405666632,1876.5748784771206,1875.8789444252593,1864.6294472188715,1890.6203264594737,1874.0707235462187,1892.0498970270664,1867.539877926995,1872.9693029177654,1855.024335506504,1878.3847374003496,1876.0934720542862,1850.0499886218965,1874.9714939916325,1875.5673862715778,1869.150856649844,1890.7339203625468,1876.999257687091,1875.7772926939158,1893.9272639831536,1862.7784498223878,1853.4642926207175,1876.8460861226124,1877.8966465926676,1849.9858107410857,1874.6347022418709,1875.511871019441,1895.2498574981066,1925.5316529607835,1884.228843508435,1923.3801189519143,1848.6964498412196,1875.6192207524905,1880.2157821397793,1878.0039774795507,1878.5704752079246,1904.2030497788894,1885.2449055533332,1887.8697710128704,1864.2820710982996
NAGARKURNOOL,1849.6283301017108,1874.719133978668,1875.1541343173765,1887.5144379583894,1891.6829271003237,1875.404864780488,1875.0854788211182,1902.2697366487573,1871.5636694911384,1872.5888344280709,1871.9229886701232,1850.9512003828854,1850.3549906936632,1873.6878420886374,1873.0362537682206,1869.0525783646058,1893.9154280193732,1884.5156287561092,1874.5625459321916,1903.7464399236078,1870.8507410199104,1853.1049972654541,1850.5680301737793,1866.83134308226,1852.918758979126,1870.545099680687,1871.9269082334745,1871.5010354768563,1895.3692893524478,1884.1105736555353,1900.1910300171937,1866.8602442511162,1863.0536991343236,1854.3560721949655,1871.2910385337639,1849.5495895979852,1870.0256416687894,1874.467518780754,1873.4262547507938,1895.4511417850842,1875.0185064899724,1869.015691913087,1858.7499336939675,1861.7005708597515,1872.643817481134,1850.709760240093,1876.0055639416753,1873.779669378769,1872.0056743978835,1893.4732057050999,1877.6955520306792,1890.1634813094508,1869.855759480822,1854.8288177759596,1867.6513683663861,1872.2127863780795,1850.4318980621206,1874.8974948718178,1873.4786080655572,1886.1704561209715,1895.135811975707,1874.611119105472,1871.7262638096702,1897.3389512432204,1876.0222585952538,1854.4485590349109,1871.931714201451,1871.863690259749,1849.186949165951,1874.944449553474,1873.2051309776396,1891.8389689282164,1893.1120697543445,1875.325051250695,1878.0609022784015,1926.8007401536315,1875.6504892044543,1855.782172501372,1850.40640205203,1872.7229023639834,1851.2133357190812,1874.2587821844822,1875.1747473284984,1867.7894857503352,1890.5255350338657,1884.3918428842182,1874.1447233507877,1902.2715706760691,1869.6696340070907,1850.3697065740794,1847.2334285986265,1865.7182512828226,1853.3196115647424,1873.0225507639498,1873.6968041300681,1867.5522537570573,1895.0687257120899,1881.6694485960122,1906.1312134361197,1862.0822264262167,1858.2895442686367,1873.254335517362,1872.9503357702818,1873.5218904084002,1893.3163695478916,1865.2176263317797,1872.9991219728083,1868.558894557704
NALGONDA,1849.0868975263825,1873.8406202589404,1870.8696423217157,1867.0800248662601,1894.7230412464878,1871.7563406355544,1868.6830983889315,1884.5043963539626,1875.4639688574543,1871.4922137017454,1857.6026803307757,1864.8267990452148,1851.0317579445757,1875.709584456101,1872.63643458019,1894.9025232705173,1897.08461599034,1875.182915014103,1868.6326385259285,1873.0253130819663,1872.0718860192126,1852.8307474125022,1855.8989113524178,1868.6726234629073,1851.646140986619,1868.0752540474643,1872.0742169845266,1873.8236814977988,1892.085158889807,1874.885368192142,1881.6475835807698,1864.7135302631607,1852.2152560766003,1866.867104373975,1865.8794552674833,1850.6402962464658,1870.1881783795052,1873.1924081901304,1873.385202539188,1895.2594403147466,1871.8458695780926,1871.6195733221216,1853.829622905874,1867.6159684159875,1859.8495958729184,1852.7163664849913,1870.2636714903251,1872.6519890154366,1869.8352789027533,1893.5268210334111,1885.0688011761247,1866.5385042299038,1872.9934595035122,1867.742867677233,1857.7627154517427,1857.5968978420829,1849.9859652848697,1872.6267267117141,1873.1987621281228,1879.5225733424577,1899.2606488006722,1884.8380827015933,1877.3344575722626,1889.6031328122124,1872.8567774933595,1861.0088359157764,1857.635027759583,1873.813540556562,1850.0563783798884,1875.6974270136523,1872.0752839509007,1869.1957000407824,1895.6157635759303,1891.3493945189214,1882.474535706229,1926.0950822063144,1873.121066945744,1859.9317458785265,1849.301289350426,1871.4502104557503,1854.5060728551043,1875.3586445982241,1873.4566193051965,1869.0221984381465,1897.4479675529994,1872.7758662274612,1867.6330157185605,1883.3512077985401,1873.6843084184404,1852.5601644083856,1855.4794185402739,1868.0128226739644,1850.067391251356,1871.332492492018,1873.0069433432284,1875.2829407662252,1893.7562823510748,1876.2270180576927,1887.6704156599178,1851.7719904007376,1869.2956547327922,1868.8163364145867,1887.134889806616,1872.5024759120042,1871.6024150260537,1865.3510664925361,1877.5030350490906,1864.3850963299858
NARAYANPET,1851.9950537610841,1871.4519911537207,1871.3204355540865,1874.2563446674658,1891.808423386966,1878.817208295845,1868.130801107407,1868.285633778354,1873.3457328881868,1869.3407005621902,1854.816085291604,1854.798295822852,1852.2046663565063,1870.5901743438562,1870.1711838983576,1870.8560677477526,1896.4104757643147,1898.660492686778,1866.938684662174,1866.5075579554043,1872.4808618225165,1854.7648507747351,1853.6767511690746,1855.3669735488718,1853.9123521251945,1867.6710208562013,1872.519339942076,1879.6870128916426,1900.5125206892105,1902.766117911144,1865.5753320226156,1872.6917306522885,1872.8777162311628,1853.3937290100228,1860.8584644056457,1850.4919471632604,1873.6867127452372,1871.6636003170918,1878.2688517547024,1896.9220921086605,1883.597635175436,1878.0142048123269,1866.534974969778,1854.3457478227192,1858.945603875914,1849.8281024394346,1872.5549954100434,1871.1129071763464,1879.8279992984587,1899.435611848082,1875.6330274399834,1867.6044039762544,1871.5155552769927,1862.8660042394383,1854.6084316795664,1855.241841430332,1852.3780606217103,1871.375381261768,1870.9149712547437,1876.3631016464542,1895.0013062931805,1874.9071619860074,1867.7910962463557,1879.7044515079667,1869.7583509728079,1851.7277004339505,1854.8183815916525,1856.3198725675186,1851.5078921469042,1871.3876480005847,1871.0308171359254,1873.8099734769417,1891.861417807405,1884.0826717636653,1864.0114227745798,1868.2127975870044,1872.4407560452364,1852.0437095989969,1854.9194095980354,1853.5997263447882,1854.806007549051,1871.5285287240558,1872.0654306537092,1872.312230218362,1895.8942486634637,1893.4977314926368,1866.5819812265086,1865.5440352356263,1865.5929122449095,1854.5241415476423,1847.1524992751085,1854.3561288697028,1852.2444001335862,1870.9259014656861,1871.3012690532646,1879.2036076580152,1898.6120286304315,1880.9500326051207,1867.982713561818,1870.645156575566,1853.8054219060868,1865.2409705960426,1868.0520928680094,1863.5426749517935,1873.5379355275243,,1866.1665887647396,1894.4597820368588
NIRMAL,1855.2473220705156,1860.7963459087912,1875.026249774885,1864.335865558797,1918.166611353586,1884.215348619563,1880.107665675834,1900.6362982944643,1871.9924881721902,1871.4696195623296,1874.5633648805988,1857.2975360573143,1850.5124355216826,1868.532005379201,1869.9859242892235,1873.896277028197,1897.2683383042547,1880.0496594974345,1893.0742624746506,1865.2558610091974,1876.4389089474219,1849.6494710861107,1874.4804556629476,1876.2657264277411,1850.6358252220396,1853.7018133671118,1874.7394190824548,1869.867873599693,1891.5330677436496,1870.3022640301915,1868.4902767722767,1871.9949076143646,1853.4481531211338,1880.2973565800983,1872.3731656280927,1850.6287337477197,1865.189525310127,1874.199847760468,1876.5322260890127,1896.4807209345217,1875.0662210611902,1873.3214672912457,1853.1520059904783,1875.5589087073474,1875.839416369846,1850.9168618873935,1868.4807573943256,1874.33007026811,1875.4545731735761,1893.3369759324255,1885.9711094665065,1893.7040571398982,1862.9681875952065,1850.953632072738,1875.4993211925544,1876.9702792017997,1850.7923125597604,1874.7007966242643,1875.0269558945179,1869.4468894529325,1891.2898638663469,1868.5439069334698,1891.483795675847,1896.694040210879,1866.7482986424177,1852.6820353295325,1876.108138350524,1879.286751034512,1848.2641167008462,1869.1079623725966,1875.8666726863594,1867.197647894606,1913.4344878729369,1872.359540097367,1888.7133811042115,1875.8951380508447,1869.103962210635,1850.1014885875072,1872.6499309943922,1876.2193337468245,1849.465676022928,1868.7683300941126,1874.7631984426068,1875.4111024237457,1896.0949515180866,1878.2740779038588,1881.5184228988044,1867.4300663650272,1874.90851841614,1850.8081710781778,1873.2395200294209,1873.3212466280183,1848.996626015103,1854.8869192706304,1874.9468168365643,1870.2703721618016,1891.0377808004885,1876.3907331785886,1867.626700616849,1853.7603951943693,1875.4834059139896,1875.9377381032027,1889.2772924410503,1877.0777558703676,,,,1884.450981860599
NIZAMABAD,1850.8872030500486,1871.96840820547,1875.1574390755363,1868.0528291066369,1920.741670791259,1877.2623633550133,1882.6102494970905,1900.3540726608983,1874.971549357478,1874.50937828434,1873.937737828524,1854.2905067736738,1851.3876835853098,1871.0913411038614,1871.9959813074838,1873.6911518902746,1901.3749247903722,1879.0217172504042,1895.0295232968845,1863.970078412508,1877.0043628018373,1850.5273606833548,1867.3182398188694,1875.9588351096147,1852.0520077410108,1857.8492691574095,1871.7951229099062,1870.4583334683916,1888.156012609696,1870.6373744094653,1867.0053216459326,1875.1133798529752,1860.436587834088,1881.5769426314484,1872.2561174928965,1850.7478913390012,1874.5067114804742,1874.35979485295,1873.1136252855322,1898.0765427662363,1877.2588461325136,1873.6727718693853,1855.2293253092314,1875.862174710964,1875.9424207025882,1850.669270890482,1866.0358988866924,1874.2847311604512,1876.9485033264507,1893.036733526456,1879.3263998263822,1895.7784055346824,1876.1441264794692,1852.904406167038,1874.989841279909,1877.2492786594917,1850.3681956797907,1876.1039793534223,1874.5748533453234,1870.6483425930446,1896.0189542314804,1865.9033283719184,1882.3849624983804,1895.847122995451,1864.5209611976854,1854.7969470094492,1875.6076643705694,1878.6504830931067,1849.3119641611165,1872.8778347088141,1876.8796481814966,1868.71318184218,1915.23497624701,1876.218564164125,1895.3101932570075,1873.594751485791,1865.2835345967108,1850.01279743808,1872.0272684138827,1875.846194698015,1851.1267438559096,1871.435171076499,1874.6993209014659,1873.9435111290306,1896.4992411191315,1879.2631166442131,1885.972268177592,1865.8553041329092,1878.5999729803716,1850.5844425470584,1872.1105097636685,1874.2154842275693,1850.1337762764233,1860.8162197175536,1874.9842998259353,1872.7947394064938,1890.44803548295,1879.6185898986398,1866.421431377712,1855.9747903266464,1875.8420619825665,1875.8949965238517,1893.7949914406627,1875.6732555928968,,,,1893.105437242673
PEDDAPALLI,1850.5240862205724,1873.5857717991769,1868.866484092548,1910.746968261062,1910.8925711901886,1865.274248514673,1875.6326071567482,1889.7800500088508,1872.203149769229,1850.6736851677163,1875.007565239136,1875.2369471570441,1851.578296022559,1876.1913264429834,1872.2805074849773,1890.8208428146486,1895.9765920871387,1883.5498650994334,1904.9978869746196,1873.2834366751918,1874.8756131167647,1849.8651389795189,1875.0668908826908,1875.2497832666072,1850.5495946587735,1860.2231922364163,1872.7701167721814,1879.3132201235908,1893.4109341508197,1871.8363424304268,1872.9537256657693,1871.7366921204966,1853.6128676587045,1875.154158783985,1873.1239040257478,1848.1669618587935,1859.0179971424284,1870.5912574765214,1872.7121403598,1898.17923364598,1871.3064232321256,1872.151067834592,1851.9303088234492,1873.5868183434982,1875.154144951298,1852.5015407644955,1869.6801524420255,1873.4036469082773,1869.391219578456,1901.2394972866596,1870.4266727140705,1892.7246470534863,1873.4870083137341,1863.4468333864347,1865.5557831950698,1873.4130141797607,1848.0673454205084,1875.3983704762154,1873.2141163226627,1873.1278772003668,1893.613790235244,1865.1687416217296,1891.228005386782,1922.2775604907476,1873.1342105003143,1849.318442781952,1873.5648304694253,1874.5494361337526,1846.2877156556037,1873.1893619682633,1871.5071568570147,1870.2292980395907,1910.3519518854907,1870.2824359594795,1889.1793563247334,1922.3770531223843,1873.9943017456267,1848.9730544041595,1873.8960549770195,1875.1036089141644,1847.1354144174215,1873.536533451716,1873.5282461405877,1874.604306714514,1900.9582416925025,1870.6561978335596,1888.8421838192637,1905.1863714173242,1875.8179581509808,1850.1942325405023,1874.9907193594283,1875.0283200346717,1847.490827247745,1860.2658044631116,1873.5149757461309,1865.1747989217843,1921.2422607683052,1874.6505587796212,1875.2735652780127,1853.8453495049673,1874.8568368877413,1877.7437712125018,1870.0235021795816,1907.5691413444372,1864.5860484423665,1893.5507144434591,1888.9736241418639,1873.924107122281
RANGAREDDY,1850.1501897203023,1877.1739719513157,1875.4931651751488,1898.6564663561894,1890.7800377380497,1885.4724022033874,1874.495804033898,1920.795690891763,1857.7888155993155,1876.5390167014175,1875.5854764443723,1850.504801115795,1850.7110611004089,1875.4814088594198,1875.4282213280392,1871.3413821043814,1894.7041265160865,1889.9359890354574,1883.591412671187,1890.89750202618,1863.9371446767993,1849.950207828327,1850.6846638542845,1874.9281680890433,1852.8555842597787,1873.9819319704895,1868.4654871360144,1872.6285520533918,1894.1985865267272,1879.7321259821676,1898.155785387224,1865.2937219219807,1872.186265271563,1864.1295939315473,1875.071178252397,1850.3445530680137,1872.1833574938269,1876.0644853364706,1872.4368449534777,1893.9940031816805,1880.597496568669,1868.1625384712515,1857.2176348630642,1872.2815728324335,1876.2283248920094,1849.8764152087165,1875.6703054261534,1875.1877913211677,1868.0799993380353,1894.283039265286,1879.0018846724531,1887.1951120944311,1871.7672650453567,1855.7127618013114,1875.3508070546882,1876.5758059709099,1849.8233021334993,1877.0876060519963,1875.218248245902,1878.5126677159426,1896.3265889136621,1880.8076929027145,1867.597322876675,1921.2310189350171,1878.133510689383,1854.8992715903914,1874.7163414984789,1874.6337052801493,1849.9969434647055,1875.5368688956275,1875.5105173040333,1906.8551078260364,1891.8593141918548,1882.6191352470958,1891.261236666938,1921.9167105837132,1865.95725311559,1852.5225234905674,1850.399783145297,1876.3247936185141,1850.7125650497298,1875.791484813954,1875.6073177297799,1870.6393535367893,1894.5233275615733,1877.44767977865,1890.002573630571,1907.4845449100876,1865.43716993686,1849.5424851910254,1845.698158922343,1872.72438852933,1853.6750267969364,1877.0963685104382,1875.0179973060926,1866.9617154659568,1891.1336387319384,1873.7273615991862,1903.679829029599,1845.36586391372,1866.9970123697074,1876.7095785062759,1889.07808189282,1879.4634822336654,1914.3217623247863,1866.0366246820925,1864.6822455425774,1864.1473279167587
RANJANNA SIRCILLA,1849.66563063433,1876.3602659553915,1876.3602659553915,1891.2237858004548,1919.672815064647,1877.228582286932,1889.4536840780063,1893.729823522323,1874.4615187719883,1876.7261793849011,1874.5407782291707,1850.371292164454,1850.7858849499648,1878.3759714206215,1871.3363488277369,1874.733884108253,1899.8199058235452,1879.5759065201992,1887.18746140431,1884.226732109373,1876.6667212435261,1851.7710062630433,1876.6877515546878,1876.4739316349576,1850.488859790248,1856.5954444369888,1873.3859943489674,1870.7728808855509,1895.3297888546927,1877.2393998844195,1892.8445182404034,1876.698384090054,1856.6595986325535,1882.6769791969273,1870.4233565476866,1850.156249270849,1866.9395182747419,1874.9299384036121,1874.4215236158836,1893.753947408672,1881.6602546886352,1879.261672341364,1857.3578445669218,1876.3341817513751,1876.6673931711641,1849.735282928896,1867.7421605380484,1875.2844475721015,1870.899303713114,1892.075118949599,1888.8209833382302,1887.7305940156623,1878.8300121589793,1852.6300067720072,1876.1610964331658,1877.5191486609453,1849.5882772756124,1872.931739681938,1875.7631389917929,1871.4846568246012,1895.971979180671,1872.6889607899818,1886.3304584528535,1921.8747850788159,1876.1149591026435,1851.0035021785438,1874.7773193920868,1879.2922582057972,1852.022319406745,1878.0394379271584,1876.7851373799185,1897.6432985329523,1913.4361183520537,1889.8479875133658,1893.4825903322903,1927.4166475770069,1865.2148308436767,1846.9863525858025,1870.2545942173504,1876.5573575588555,1850.163531557407,1878.1830792891938,1876.305857006991,1875.4601124716467,1897.9687113853565,1891.5493658025555,1879.015405399567,1905.7932071127427,,1850.0371316014193,1877.8225491039298,1876.4128196185477,1848.180063588696,1856.731236372055,1876.351810739644,1867.8496538552329,1898.493084842986,1887.9035742716835,1894.2740188764078,1856.871164465859,1876.6048615621262,1876.6385032565543,,,,,,
SANGAREDDY,1851.3582817999845,1865.812734330213,1874.1403948973552,1874.4840999382657,1900.3802187555088,1874.5618131284743,1885.6445491420393,1879.0996361110826,1867.6895257234146,1865.085960549727,1874.8220119215184,1859.387530698107,1849.4245926735398,1872.829170731174,1872.4934088463135,1873.7904146583446,1890.2399122430397,1884.414699837796,1889.2672656108025,1864.1004721688532,1870.5214739737612,1852.3901842056703,1859.349740489878,1872.7799359378553,1853.2170021099585,1867.349156309969,1873.406463158394,1876.7497244663764,1890.5707076233725,1869.1677590726824,1866.2470113082566,1872.886614452788,1865.7435937115208,1861.2231458526867,1873.0612079543691,1851.3857820900157,1870.4610670178579,1874.2066217400848,1874.1363990819814,1899.8632545475937,1875.894944916032,1873.8785733968514,1854.2804568319434,1869.537813066059,1875.4054330250497,1851.3192027364632,1875.4381123291898,1874.3133980399214,1869.3424226933946,1891.9503280143513,1872.4104571667322,1883.830508358701,1866.7392089359473,1852.2102174805643,1874.0566866259483,1875.4697840412875,1851.2005266339843,1877.1844500816446,1874.2521810794426,1870.668379611163,1893.1577656039904,1870.2756758860808,1884.1275424085954,1887.7395345133205,1873.3127270198872,1852.993726065152,1874.6212243517473,1873.8612257787445,1848.728870237761,1863.635141677356,1874.2745270488358,1877.88157122081,1892.5508544940158,1871.7486513648623,1896.5842367232992,1875.874793069098,1864.5010458555098,1854.4784379775997,1860.3027138778307,1875.4486312468573,1851.3692593395579,1874.9228622874318,1875.7356024249254,1876.4600855681604,1891.4717138687008,1867.8654201074983,1893.0934523731846,1868.0296677897297,1871.313255218083,1851.4802220769702,1861.5480624828476,1872.793521285361,1849.579265256266,1872.868632537121,1871.893643489812,1873.33122220545,1890.8560522266553,1872.1128455444868,1866.999315520284,1853.287515969472,1864.5879619164375,1875.5276276263055,1894.1670426390747,1895.5833288214567,1895.1284759921455,,,1902.233453728563
SIDDIPET,1850.1184776721707,1876.033065746935,1873.098900888443,1891.3477126464925,1902.0667881160275,1878.8907026346715,1884.0142282191102,1907.445307556644,1871.5028272728405,1870.3615153525882,1873.8375910833615,1855.319170124205,1851.2091149200787,1875.3270150348308,1873.1915550121344,1875.0385011723204,1892.4124807337143,1880.2259109102642,1885.184656584273,1890.031029004824,1873.931944846354,1850.206415357083,1874.7719400420362,1875.9108062330806,1850.4127358230826,1852.391421503494,1873.3122461220548,1870.5490641270642,1896.848693211481,1875.6201161971687,1903.9129201239093,1875.007604420584,1856.766770041837,1879.72186325143,1872.3923522620178,1849.931879616556,1868.3217416904556,1873.8347251893754,1874.3573686718266,1893.894833134739,1875.4346480783404,1871.1243108144286,1854.898929171789,1875.2178362538632,1875.794749135809,1850.3430699390508,1868.3676346343896,1873.7701178123946,1867.8310808786428,1895.1142762137647,1885.5307532683278,1881.0527666538458,1875.8316571930002,1852.4753774553612,1875.7016873977561,1876.9519220319103,1849.6992658078784,1873.379364414514,1873.7634912068024,1878.8053141978098,1898.2258566074222,1875.0669351990955,1884.014349723988,1917.135844478895,1873.6644428140357,1853.9624263731,1873.672950869897,1877.3388250876426,1848.8762457939972,1871.1383768190715,1874.4524037534006,1903.4119126961925,1901.056247858772,1878.3236802657432,1891.177754658763,1922.9695909024472,1866.0605488418432,1848.3666917175801,1867.6667106022105,1875.8849387792236,1850.3175082437806,1875.7872367458467,1875.0578035879682,1871.8853562578524,1892.3726691830298,1878.313479065032,1882.1180895541484,1910.8812642587302,1867.3045471552107,1848.7558074010242,1874.7945492090219,1876.3507554324615,1849.5735698671438,1853.8009782452918,1874.7605768860378,1863.3633726880516,1897.8415482906246,1873.1851523181265,1902.0133240803607,1854.7362673640082,1875.7929884792857,1875.7372353033652,1889.0309700458067,1877.1398702019671,1910.0976875950305,1875.0461182932804,1876.6273638118603,1872.2452320392906
SURYAPET,1850.9454674515925,1876.5878487679352,1867.410555535534,1865.9498639872545,1899.318173865125,1875.8179881302779,,1901.205991380004,1871.9334673430708,1858.6819935377473,1869.2120987398712,1878.3057735701207,1850.1503573106231,1878.0806356290518,1876.6997057994847,1913.0206128018199,1894.51103595463,1875.3634367580564,1889.6270665223963,1914.5790326092963,1871.0797683463384,1857.4663432200211,1875.9470176855473,1876.434650129542,1851.2371649197466,1876.5140057618628,1876.719040561412,1887.467242321846,1891.8573490930382,1881.2314807177722,1909.5793199157029,1867.497134218089,1854.498146353881,1876.3053529129386,1875.864134613567,1851.8146740933087,1876.7090894810244,1877.8628706004545,1875.9681973787788,1895.8091084749453,1874.2866159111138,1877.927795518162,1854.0107516532844,1873.8086082208029,1876.6463439111435,1850.244232057798,1868.3833501389595,1876.829816086625,1870.232549282621,1896.3223845071566,1875.4480267527988,1878.6523978566518,1877.6922827885658,1878.055367264396,1850.6305991372983,1856.564961575424,1850.2216586800491,1877.6166083143949,1876.4375737480277,1874.9612366903216,1898.474914022141,1881.2278676541357,1879.8786936521562,1911.548196264495,1865.9720685079806,1859.439327208081,1856.1787119251662,1880.1459989703862,1852.7533922039722,1876.3390637066368,1877.4974194179492,1865.5179624297134,1900.7329112486048,1872.886345970719,,,1865.9640364819168,1856.7213203187396,1877.1668553787135,1876.498784941373,1857.902697378311,1878.9831864560392,1877.164984919024,1865.907700199885,1899.1299175164884,1878.8591145152316,1885.7981349447687,1921.727610776172,1869.4377170335054,1857.9229506342645,1879.3120186014812,1874.9771576140897,1848.066022485445,1877.5573895997888,1877.1773247966823,1904.1274553073474,1902.9022985793254,1886.1776853441893,1915.8036366423055,1854.5222276072475,1876.7412773899023,1879.8097717069822,1874.1418634085758,1895.6053799510685,1899.1542919661206,1883.046516137378,1889.6394142885708,1846.9646135984374
VIKARABAD,1851.537381483353,1868.0208807673366,1873.0925499830644,1874.518371795089,1889.4224969954053,1874.8792276957915,1896.795700165632,1874.3437052013776,1871.511011493964,1867.5163445291932,1872.5476760930874,1856.1923834395807,1851.0621624158453,1871.581529261392,1870.9134952966976,1872.3712708331848,1893.8783562608119,1877.7359986872193,1875.6522939328117,1862.5870574789403,1870.0655830753967,1853.894389118338,1855.8465102679838,1858.0363802151678,1853.9550842349784,1865.27785833271,1873.4428320615887,1876.6803634046637,1893.5352303192951,1879.2815863500234,1866.1687826200427,1870.7370079822854,1868.0477009602002,1854.8851992267073,1872.633662332998,1851.1353948114158,1871.414291774123,1872.8746347398924,1871.534501545389,1896.1320447308644,1889.321602955691,1875.60284765731,1865.7872550354182,1855.5624222485983,1875.0235201357136,1850.876093593495,1877.6044916721514,1872.6700364250694,1870.8682742079259,1893.776240816856,1874.1937051236464,1871.6552363172375,1868.3687709543833,1853.005774944996,1859.8105443630718,1873.728373712518,1851.0951560555475,1873.6949359010093,1872.7743885283346,1866.887688067381,1896.8897969083748,1870.0438032161599,1872.4414728634868,1880.5084791686024,1869.8142676889945,1851.9011951122382,1871.448159262801,1873.6145326774206,1852.2660070203322,1871.8883104476265,1872.8313433864664,1869.951479640013,1888.8526752159908,1875.1474125501475,1882.1079704892118,1873.0547838689456,1864.4602627028858,1853.5020280864344,1856.3172231921717,1867.287255124134,1852.826529062228,1873.2575735675373,1874.6455333356396,1879.6379999675005,1892.4712714228806,1871.226211757607,1883.4612224904915,1868.2412340037074,1866.0919873012742,1852.6821922936952,1847.8792592052048,1859.166905015279,1851.632105396625,1873.0819947311536,1873.169040272059,1872.8775864946108,1894.7866917951178,1870.6444391632822,1868.3184380116159,1850.56869679113,1856.2636224960054,1875.2352084876866,1886.643443296859,1883.776641407457,1891.2739312749668,,,1914.6657568360772
WANAPARTHY,1850.8514373724674,1877.4688657726547,1876.977021806166,1908.7073390322407,1897.5599996038964,1876.925835011575,1872.4944442930391,1908.5405655934028,1841.6488616108677,1878.8039091908122,1871.0707533282648,1849.993112182221,1850.7726362213184,1877.166705176842,1877.6013429026186,1876.0827276080934,1899.6842624866915,1876.6478585955283,1873.5443391388842,1894.0855302619138,1842.8666046661863,1853.471861350404,1851.010784000399,1850.92771490142,1853.995138182077,1874.5953493485415,1869.4218601008372,1874.8604304453245,1903.10987025431,1876.7903848054834,1893.4101078605797,1841.1625276298366,1876.149544348166,1850.3205987264723,1873.914201437501,1849.9747694770927,1876.851225859226,1876.8283485789977,1878.457304039204,1901.2609685446553,1885.817365674796,1866.1052590391357,1869.3130499114184,1850.0293973128794,1874.5307262779477,1849.6586418483316,1877.6623156163585,1876.7579838134893,1871.3982289824528,1900.630317417514,1882.8328724832436,1887.6767102874808,1875.2603389481885,1859.4836068659733,1851.8307014670322,1868.0931508851818,1849.6671788072244,1876.8376130268266,1877.0191936395154,1872.7214654215768,1893.985497529422,1881.9470072452593,1873.4737040258317,1926.3861676687088,1879.3354527315473,1857.0320509929563,1862.7496201594001,1867.6664906517067,1850.2089053587747,1878.4038209280257,1876.9336299740862,1913.6119924312209,1893.8949050152883,1883.2967257615144,1872.951618685645,1912.3079330216613,1877.921148276668,1854.7723398026683,1850.456837381172,1854.7061993074733,1855.487600762321,1877.1240733584157,1877.3013488366385,1871.2643214926475,1892.0709685097456,1879.701943001098,1874.4903903787122,1902.8172080075299,1865.1296405081343,1852.7417018804817,,1851.6802501551924,1853.3229376860154,1877.0370655232339,1877.1536859386233,1865.0717976671333,1899.4910602065045,1870.6146718871207,1905.0718888401764,1864.1563083417109,1850.33711682123,1877.7141118674722,1874.084499457221,1868.2963314523572,1908.2235124028186,,1880.1982116155061,
WARANGAL RURAL,1850.4114687274302,1876.1094908602126,1860.784121508282,1867.2757449560454,1890.1626025154114,1867.0475004862462,,1921.9744954909565,1876.5145199556232,1857.8066274059915,1875.7038480048661,1874.2883473080867,1850.2168986623356,1877.4646099072318,1876.214414309104,1907.9434131083697,1894.0581282170276,,1890.8310340367866,1910.76409905321,1877.2452516270928,1856.0994775954237,1876.2779785998744,1876.2041720976924,1851.5396020042895,1873.8662946454701,1876.1457143554867,1869.8519423594066,1895.86169388917,1886.0501281596291,1905.2415536527967,1869.0078494312863,1853.4427647627797,1876.216489358061,1875.9247542440046,1845.5686429701561,1875.8847791296773,1876.7439957571578,1875.4890054435969,1897.727404888152,1873.110807033087,1876.5000804310982,1852.4632260488013,1875.9767185864075,1875.785977301011,1849.6089125013032,1876.3252009017074,1875.4120952253927,1875.4334229547972,1892.0974179246518,1877.4392671407165,1866.4871888457315,1877.0186069334145,1876.2626101238966,1852.699516266544,1872.0463171582742,1850.552935930722,1876.7103312991212,1875.269125461443,1876.004634876606,1894.7132929407367,1890.0979267834286,1872.2649422349489,1918.7953228599417,1877.4543946030763,1858.8949891545963,1871.8802610091661,1881.253116957421,1850.7466642140178,1875.6259643131934,1876.30364245553,1863.5756385239727,1893.3195428599092,1870.0349122289706,,,1876.050040512872,1857.4067611890125,1880.1428685641158,1876.318610329119,1854.033441778655,1878.0536298972113,1876.0616602995847,1866.373847231908,1894.668218932578,1884.3116319133717,1882.7292915369255,1920.9042427456134,1855.1291417330367,1855.4791805151394,1877.8503240008188,1875.8790004816533,1850.358378073882,1878.747828132846,1876.151311047464,1873.452038817954,1912.9191383187192,1884.225252158414,1916.843798013378,1854.6292664313007,1875.2123571304173,1881.653109536214,1879.4406948963442,1889.2476864495163,1870.0644733156714,1902.8103629781067,1888.4867294537726,1852.197594808868
WARANGAL URBAN,1850.5076903321492,1874.0538401794145,1871.27686137763,1868.5705525589976,1890.2643622328112,1866.563834528161,1872.9814493581082,1890.6603544483146,1872.4827472452644,1854.0426392205045,1875.4013761120605,1873.1359582727282,1850.7487921611828,1877.455900473875,1872.509064108564,1906.0126558944999,1898.2223176218179,1883.8487020922094,1911.1770749972543,1872.1073500178657,1874.0215666071808,1853.813731840447,1875.9971320594652,1876.0028440213036,1851.2567586095033,1870.6722676896763,1871.1359590260904,1875.007963247549,1896.339694004187,1875.6658733916943,1869.4893983779798,1868.7409741138783,1853.3337149893732,1875.9865212521206,1875.5353484200398,1846.1114669433623,1869.0210018525308,1871.166546137942,1872.0002954495767,1898.0665103300291,1875.344738381363,1871.0587373112414,1852.9425422978165,1875.9908964267504,1875.8058213536758,1851.3800486343787,1873.5315456001472,1872.3661244382922,1871.312847544605,1888.493740461441,1872.4879391479485,1865.4066181597216,1872.2186826174182,1868.4536162250336,1853.4181323875769,1866.3689698034086,1850.395408885548,1871.5573560875187,1871.8498424062316,1876.0336122344984,1895.7870954957318,1878.5964035452405,1893.6680211935816,1903.1260538559304,1875.5881284847212,1867.2283162167905,1865.4754620076922,1878.213389672913,1848.8856563449976,1870.775438699484,1870.430872686901,1861.5198447847022,1890.3300399993077,1869.3656045473006,1888.6565069368212,1927.3917097048463,1873.9038880188066,1853.8451155465864,1877.5543698140464,1876.0093872741454,1851.5770423045585,1875.183045711617,1872.7103385383434,1868.9941468852685,1894.6683405746144,1881.6820791809814,1894.2813051025842,1882.4220472196737,1876.3430893118,1853.1791234866546,1875.6741277535773,1875.7380186956466,1848.3919283850362,1873.1462610128378,1873.0268973166478,1865.8375074008525,1907.1325064484747,1875.4060788818708,1877.7641293264883,1854.682299615771,1875.6315336799148,1879.5348062736523,1871.0119490569027,1904.8386399590993,1862.8510391165112,1878.9060485461898,1906.0506671920468,1875.6017167403384
YADADRI BHUVANAGIRI,1847.1826001500049,1873.0749980837174,1869.7374686042017,1881.204744886267,1895.541701639906,1868.8628825168664,1874.1544277792907,1893.9774867349906,1872.0521993453692,1871.8222388818522,1871.7516819097616,1861.3150105564112,1851.6482046879682,1875.125593433789,1872.1774288852557,1885.652677066444,1893.8463399819786,1876.8259264139454,1875.2798324940084,1881.402164501036,1871.306747500814,1848.234184713421,1871.4485555649724,1874.6827882765276,1851.1965738606127,1851.4332383967119,1869.8660701005397,1872.8921871167686,1895.7943342660474,1870.075794002976,1890.0003369981653,1871.978330144614,1852.2362599050903,1876.0463431415096,1873.2874074248334,1847.2313047509026,1870.9800897647017,1872.260742587433,1872.4920634182554,1889.5565396318914,1875.1186268551585,1869.6582442196486,1853.3820470748094,1874.4355718474276,1871.9141246026566,1850.125861726284,1867.8694697941125,1872.0732037868331,1869.3322180781404,1891.8650749601031,1879.0088407990588,1872.6029914324226,1873.7715857035132,1855.1260409126628,1871.0666469253802,1871.588521039646,1848.7970407788807,1873.1931189012105,1872.921251698445,1882.842209455519,1897.19016696926,1885.9155927817724,1876.9956363039967,1897.1321180357972,1875.1909808799555,1856.527610206435,1870.6359063385798,1875.51898114642,1848.060586327851,1873.0040217855988,1872.4964326671875,1885.2931971750334,1893.2630430227307,1896.2420355663771,1886.5873806296934,1926.6995777016948,1871.0695001984222,1849.1587464929255,1858.8119004472692,1874.8664408219609,1851.3078983856653,1876.0872391739406,1873.4080532746552,1871.6394222718366,1893.4405288150635,1869.7703680052903,1878.7810653153622,1889.1391651315337,1869.585190232901,1847.5190795731146,1850.5668030165264,1873.1266244026021,1850.3412166780765,1853.7309460827828,1873.3807714914215,1864.801065478179,1894.3726444651018,1867.1582573734195,1887.0508573479472,1851.278284678254,1874.9375241466748,1875.665087900951,1890.3245527927886,1876.9113661795488,1885.347935101913,1866.640261425079,1865.0863959081798,1867.1311873672246
