district,2014_01,2014_02,2014_03,2014_04,2014_05,2014_06,2014_07,2014_08,2014_09,2014_10,2014_11,2014_12,2015_01,2015_02,2015_03,2015_04,2015_05,2015_06,2015_07,2015_08,2015_09,2015_10,2015_11,2015_12,2016_01,2016_02,2016_03,2016_04,2016_05,2016_06,2016_07,2016_08,2016_09,2016_10,2016_11,2016_12,2017_01,2017_02,2017_03,2017_04,2017_05,2017_06,2017_07,2017_09,2017_10,2017_11,2017_12,2018_01,2018_02,2018_03,2018_04,2018_05,2018_08,2018_09,2018_10,2018_11,2018_12,2019_01,2019_02,2019_03,2019_04,2019_05,2019_06,2019_07,2019_08,2019_09,2019_10,2019_11,2019_12,2020_01,2020_02,2020_03,2020_04,2020_05,2020_08,2020_09,2020_10,2020_11,2020_12,2021_01,2021_02,2021_03,2021_04,2021_05,2021_06,2021_08,2021_09,2021_10,2021_11,2021_12,2022_01,2022_02,2022_03,2022_04,2022_07,2022_08,2022_09,2022_10,2022_11,2022_12,2023_01,2023_02,2023_03,2023_04,2023_05,2023_07,2023_09,2023_10,2023_11,2023_12,2018_07,2020_06,2020_07,2022_06,2023_06,2017_08,2018_06,2022_05,2021_07
BISHNUPUR,1879.245715261788,1856.586864579544,1879.325746053355,1876.6008344297466,1916.8608105706742,1901.0734024107712,1888.6131877032597,1908.4479268405403,1880.6810319751246,1877.4992179195633,1878.4883173049948,1875.5600671464074,1850.836310424365,1856.9063280354515,1877.9697794426254,1835.2171628834533,1915.276556384034,1896.2555977628047,1927.6151981485666,1865.222499195869,1838.6595701770839,1872.8640728767957,1878.573767180185,1877.4408671499318,1877.1771177734465,1851.9017350066626,1836.4821687127496,1839.6087502678408,1918.011446398454,1886.9048089876003,1904.7606101007682,1874.2357284051554,1879.9908846090264,1850.4550097235913,1877.4975643359448,1878.5192722210884,1877.611746789035,1854.4485385337862,1874.5121000456602,1834.1875798817732,1914.5066896189935,1883.5356099716048,1912.1461002081478,1879.758532606309,1850.5162956881081,1878.644058834896,1877.2018075135263,1876.9999062036472,1852.4721874281142,1879.8264266717106,1879.8485859155223,1907.895665920208,1865.1780457021102,1872.7521017370614,1850.4217041802076,1878.4335046959154,1877.0898429898828,1878.6832801388034,1855.0433390106352,1879.7497540009358,1869.5445369938768,1916.51661379051,1903.393345969431,1927.7147994506533,1865.9259571186763,1856.5844626199994,1871.8518416446616,1877.7853175026848,1875.3209233644702,1876.4328264131593,1856.7426535604845,1879.4412520485496,1878.5849091256732,1917.127359326923,1865.0232317383484,1871.6388838080002,1878.2034995987663,1881.4723211211679,1873.556431575629,1850.566392220366,1856.7255419874223,1877.259972106163,1862.7016553773974,1912.3448270217305,1910.9429660861988,1865.7094416622817,1844.8472500734842,1850.4430287211212,1878.0065154666484,1876.32788668876,1877.551091255218,1850.5447017181632,1878.9466825853137,1877.73698952873,1928.7248139977853,1875.4462523880393,1878.8556544067346,1850.596022016696,1880.8083688684994,1881.1267185736936,1877.543079048156,1852.3582405184227,1854.8406997957245,1879.1261322964988,1913.7211298909158,1902.2666788392503,1876.6019127252353,1850.2458736776146,1878.398373663101,1876.9561794007398,,,,,,,,,
CHANDEL,1878.1700641437735,1855.558035170298,1876.8295692228332,1877.0959969760931,1918.7031636264069,1897.8018881232422,1890.704965528392,1920.3444278274749,1876.0983126507901,1877.4044275525002,1876.8545812875072,1875.6796298818792,1850.8544705041268,1856.843382354027,1879.1580521152193,1862.2230576955697,1916.4156919285654,1891.8300295508313,1927.2761437005906,1865.3430177618488,1857.7599115454377,1872.1500671474987,1877.199310155591,1876.5505361164378,1876.9872030517386,1850.855916104265,1870.1369859082515,1863.2315031474204,1920.1012910220556,1888.4669613326575,1901.12085086412,1865.0444554626927,1876.0056389343524,1850.2976960981123,1877.8378870175966,1877.9063551760971,1878.2459245520893,1852.3460930291892,1875.323255376736,1867.9559402597852,1911.6042291118204,1889.259534399896,1926.5182119981337,1876.7310613036232,1850.2627417759852,1878.3578482470475,1875.7477566818793,1876.2245086360292,1849.478143175551,1875.187653002149,1880.0117031736388,1910.3121892831466,1871.815688779604,1869.6852665729423,1850.512148086955,1878.3731332546342,1876.0474818948317,1878.3116224309445,1854.8598075596344,1877.2256920592683,1864.3759157063812,1904.3965455064047,1902.0579499295427,1907.6316699546478,1872.216837872548,1857.8009351398603,1876.181463974533,1875.6259122364327,1875.733676732561,1874.2341864006485,1856.5649506561958,1877.1094797637684,1876.062014317406,1919.1868169916452,1865.8079315297373,1861.423156870403,1879.4649227330308,1878.866473318297,1876.491251139455,1850.6521243430554,1856.568519816666,1874.2781892932692,1868.8611084121876,1913.8869070073138,1897.0128814233237,1867.300817071534,1858.6308108142637,1850.3499495840383,1873.8122984069553,1876.3397868344314,1876.5708690077845,1850.877246397866,1876.851810142076,1876.3412657299532,1928.8009363244653,1920.3783268995662,1871.6679809333662,1850.3343525273265,1881.5230060513873,1878.1777927890532,1877.1557539506564,1850.1647794078738,1874.6254879091066,1876.3779858206638,1915.0325755649812,1904.9094707428737,1875.718248720773,1850.0527979087349,1877.2726458265695,1876.2506426041443,1905.6024637974258,1893.123264362825,1929.1045726151576,1891.0199540751896,,,,,
CHURACHANDPUR,1878.5413222728102,1857.6490206554886,1877.999567429698,1871.0388815622566,1917.0417887622532,1902.018756053404,1890.8498191384042,1916.9113110446153,1875.4467928690538,1881.6939830475435,1880.1814525082398,1877.2796244045348,1850.477597776281,1857.4322580275416,1877.4045224367899,1845.6522356280452,1914.8740706528126,1894.5801771031245,1926.9105915216294,1865.4675662800078,1852.5426573845666,1874.6057242422107,1880.2320513007098,1877.4976049126794,1878.5311479749391,1851.1619187023018,1866.4660505509432,1859.9994018991924,1926.268283278661,1892.7299198593828,1897.7403126341997,1873.7727121878374,1876.5495938337574,1850.2636287720713,1880.0632041379395,1880.3804755877106,1879.9727985004693,1854.6114913287963,1867.3614962207657,1860.2009910893057,1913.462201526354,1888.9017167812488,1922.1517947672967,1877.058354918323,1850.5079969517128,1881.3346277118085,1879.3328902695082,1878.7879613415867,1851.8065202005755,1877.5478869402418,1877.692565416758,1913.0506746688147,1865.1132475061931,1875.6091603712127,1850.2787321868163,1880.3972546641323,1878.8454467912427,1880.4028403669693,1856.3105505578824,1877.4575885157767,1870.1173448299558,1914.4371519937354,1902.7900990971839,1915.9404614884115,1866.2439128759015,1867.4981154624809,1867.9961203760379,1879.758797167511,1877.2797352387809,1853.3275280172752,1857.2215815922198,1877.2937682615448,1875.8103716473192,1917.6550229187728,1864.3845500594052,1852.8570186496627,1880.0015843077538,1881.9836444370974,1877.3570913763813,1850.705450589805,1857.200338488429,1858.500274834927,1867.8590123486238,1914.883016827549,1890.1565379233382,1866.7205968919698,1848.5715122677161,1850.2334336872998,1877.4295999022004,1878.3326479516425,1878.542108896982,1851.2221200969095,1877.650336797639,1877.5583849556292,1928.4236279036381,1932.930186917688,1876.0028313256364,1850.221279604109,1883.6094080710727,1880.640117025406,1878.4506931244155,1852.2295638095377,1872.3234832718476,1876.9651959107907,1916.0243633015566,1905.0272019096492,1871.3297103555453,1850.1983164507649,1880.2635017679368,1878.0057990359123,1904.812442234536,1886.0815500863634,1926.4766544141683,1884.26351860005,1898.2486495725836,,,,
IMPHAL EAST,1879.7961496261444,1853.7683455364777,1879.499761838179,1876.1757496160658,1916.822578196941,1907.4995354731436,1895.773200661492,1916.1245296220773,1879.7601430538139,1878.3827984455581,1878.5525365246733,1876.998779954477,1855.493819085248,1856.8472792746286,1877.2043273134052,1839.7889326481738,1916.841110932782,1892.5419453076972,1924.874529689672,1865.6353936110422,1847.44603034727,1872.3290560797575,1879.2383810268059,1878.1816787873283,1877.9477137768913,1847.0343591745275,1847.8798514809976,1843.230556589154,1910.7680446723502,1890.0120837059367,1931.690942499596,1875.240191253652,1877.1941425466262,1850.3406013299018,1879.6024671186306,1878.516226927918,1878.3026842264408,1849.619650928691,1879.7606615289199,1874.9946962807455,1910.7578355798332,1883.3880832532943,1908.0497502792412,1879.7709616689044,1850.3881946468882,1879.8436841055725,1878.3815552580447,1878.343555254483,1852.431225146068,1864.2048250086361,1879.7541211965456,1911.0622014757046,1873.5936314590067,1865.944569362649,1857.482514372544,1878.195657487779,1878.39721430008,1878.4927343487323,1853.9717605864525,1879.7670046409228,1868.7237150445694,1910.5723546240943,1910.6378094251904,1929.8959090892286,1864.2164589732995,1862.9905633818507,1871.074645602611,1877.9861746875492,1876.0793464192993,1878.2142559302004,1854.5879628358678,1879.234140813376,1877.708841052386,1916.5346903167158,1866.011582976289,1880.0026741553277,1880.6930601200615,1882.190621481031,1872.1731540137741,1850.7936970926241,1856.6509244032197,1876.361698223017,1868.4950599061945,1918.8438016318105,1910.4083865926248,1865.8412273941776,1871.7725518029981,1850.3879158172779,1876.7637380571778,1877.5224533632197,1878.4323108395674,1849.8141651993333,1878.417604695337,1877.9431860264806,1929.244304931022,1875.4396566816856,1874.9773275497441,1850.6046770916848,1879.6102898282923,1880.4201663562976,1878.1715427964923,1849.6067970677811,1860.0791487394922,1878.2593809321888,1914.9736851400253,1905.8091728566224,1879.8220039995886,1850.4681143091866,1880.7463393853543,1877.7382606124731,,,,,,,,,
IMPHAL WEST,1880.1039634891906,1854.3438752691766,1879.328529397695,1870.9092762811392,1916.3437354917965,1903.6722535432557,1894.1992795462788,1911.3450148194893,1880.979051495458,1875.34943639654,1878.5726914276163,1877.3924984137682,1850.8676543994957,1856.8314410892397,1860.6083992755582,1833.5426360334134,1918.4031680804753,1896.247791223285,1926.3318944415453,1866.2468209438014,1857.0740670059047,1872.5048566064017,1879.6317914548538,1877.932945757471,1877.8392841112516,1849.3279167791034,1838.0993995422734,1841.7116011042112,1915.6345777917195,1884.3997953945966,1919.8840945023594,1880.128274248864,1879.6894391408264,1850.3688050251928,1879.4037062368109,1878.61653634529,1878.1025335730196,1853.1661794270408,1879.879702575574,1855.530616629515,1912.2263849965295,1882.0106867056809,1908.7282292654204,1879.7492367452605,1850.5744654743535,1879.8318517537145,1878.3371169921322,1878.1936725661676,1853.9689694187075,1878.6214215194034,1879.8973308606783,1909.9495916871736,1863.6483299050137,1862.7342254827772,1850.3985483880167,1877.9783663158446,1878.358752012373,1878.537065581743,1854.1033226111888,1879.7646626318162,1874.697208706239,1913.7800632214742,1907.9957802485455,1932.5616121924365,1866.5333090947086,1854.1543077032318,1870.7468262653454,1877.9492628320938,1875.259966849334,1878.1028801647699,1856.6666154574086,1873.7709696410632,1878.1103175352068,1916.3803668051517,1865.9696679849876,1880.874439939971,1878.815508581483,1882.246131397043,1872.6422376984199,1849.830722577337,1856.704487600183,1874.2335025230047,1874.9737190410506,1918.6614204496132,1911.5536988933613,1866.0336702071763,1861.2033136647544,1850.3782065084433,1877.1949352605825,1878.2717879867005,1878.3000568613027,1850.885167182572,1878.638108260407,1878.8269165515628,1928.0757397995185,1879.420883577613,1879.4693224002656,1850.614232078556,1879.7361412158648,1881.0670106522364,1878.1256085887624,1849.8521239981176,1871.576786651314,1878.765099077069,1912.841064020416,1904.2706930953686,1873.8162289233496,1850.3263340931244,1879.317861378322,1877.6122576403259,,,,,,,,,
JIRIBAM,1869.2578504167127,1850.2838726284317,1876.2169111191179,1869.6364204677975,1925.4154870923828,1917.8949736890195,1911.6771991088094,1900.6754937160333,1868.9745885344967,1876.4730706790403,1875.4303152851617,1867.717656867435,1870.4952292505684,1853.22838544414,1873.839514853363,1869.8705538153572,1924.6502667372872,1899.8348804325738,1929.0068650337817,1878.4726502715998,1873.928835098095,1877.1148978116937,1873.3293225459213,1867.3212537483673,1866.985733833032,1852.7093281207447,1871.1353684644268,1872.2143775264733,1927.7880085016625,1891.9804338562524,1896.4401167437106,1869.9657647512781,1871.633507362574,1873.1900968860432,1873.8383503231296,1868.2480274170262,1868.8760745153322,1857.0893951586177,1872.9595759924127,1870.106366114055,1922.4420352331306,1889.6057336016738,1917.1689797262093,1872.4760005517674,1875.3081110443507,1876.8880640488694,1868.1077940329094,1867.5029012202629,1855.6918547444461,1869.8979921783075,1872.5313108871433,1926.8589768184402,1864.765766563835,1868.749280124982,1848.739464572282,1872.4389162340963,1867.7234843696165,1866.1615501694944,1843.2970950363494,1866.1479429741544,1874.415090349979,1925.5194437224206,1904.223946298734,1929.0228924313471,1867.2259646562052,1871.9963305341662,1843.6118498936496,1872.8884901558883,1866.5342189394835,1848.2954839924396,1850.4961728307017,1873.4126763129677,1874.6200752346497,1925.1670975307984,1866.61963253728,1870.930823163763,1880.0265322293108,1875.415426374036,1868.049655993044,1867.6600056039304,1852.548005569879,1869.0945111710107,1874.7281015323656,1923.0964147632153,1898.6425377536364,1879.2509328920394,1870.6869595838439,1864.785984766209,1873.9760731838003,1867.4149488463993,1868.4922522811187,1854.6948833091126,1875.0714487811235,1869.5860907947167,1925.7154121154924,1892.4846370031335,1872.6399408322527,1847.0588814263613,1873.3524397443875,1876.1275844428358,1867.265252809577,1854.7593654075501,1873.7366671216253,1877.025658253013,1925.0625432372515,1932.4964826995222,1869.9324821674568,1878.1354063857552,1874.1170504367742,1867.9066904366987,,,,,1912.0950844993392,1881.1739705951566,1912.5176522617353,,
KAKCHING,1878.737586470062,1854.720923803163,1879.4326810170505,1878.6603387121334,1917.3583611480392,1896.4733165501732,1887.9695374878197,1916.7296395936155,1881.209399321935,1877.9043933795049,1878.3390967768094,1875.2187088091077,1850.7954540957771,1856.9402380086765,1878.957377194292,1838.8952811552508,1918.274968768662,1889.0852898860242,1928.5541496517048,1863.934729885704,1835.8927075247982,1872.4134489548312,1876.1172121566585,1877.018388250547,1877.5972320686785,1850.9149467165905,1848.8617845603244,1836.596714327045,1921.620765280523,1886.962376312892,1914.4605355716178,1864.2440829411757,1878.4191878824286,1850.4121113865667,1875.068051907872,1878.5584049183594,1877.8175026777792,1850.8491506337132,1875.070861295992,1840.5357627035314,1908.8236109147556,1887.797939547571,1925.1308655172033,1879.7897791943858,1850.3504915831415,1878.496162394243,1875.3526783447783,1874.7701711327027,1850.43752169598,1871.7397092558083,1879.6714431465452,1915.2432935815011,1874.2518311617507,1858.5198676358268,1850.6496057017048,1878.4431023123698,1875.1252362489809,1878.53913881247,1854.96681458868,1879.7403028373715,1865.3180613943903,1917.4181261763952,1896.01328232823,1926.1981845816267,1873.6074075491465,1850.1367134021102,1874.3781942019577,1876.0592854103347,1875.9078003073885,1875.6866567116856,1856.6375401189123,1879.6378736583947,1878.3444689128228,1916.2473996722233,1864.2926898153735,1855.649196861571,1881.1674695009315,1879.7812561543908,1874.153802411989,1850.6086360864244,1856.6377518822594,1879.7320863361726,1861.2612495276323,1909.8218247539141,1906.746589184489,1865.1849567883742,1841.4667570929862,1850.424324990807,1877.9442535774415,1874.121619492996,1876.705034065303,1850.87445629091,1878.8973212360868,1879.1440590107875,1929.706576592652,1865.9214623901405,1874.7304845352985,1850.379059390332,1882.7209446466093,1879.5197500720965,1877.5187919014857,1850.3911877473172,1856.25252029074,1878.3150371770412,1912.9113238225602,1909.4136517009995,1872.058366069978,1849.8346983048782,1878.5714489895017,1875.1688122712098,,,,,,,,,
KAMJONG,1874.5572284045945,1853.5643397021852,1874.2592303724336,1871.6077406653064,1921.6415857656464,1909.8822503438707,1896.9258160575916,1920.3468648282937,1871.6044349658923,1874.0356685924003,1875.8288515151337,1873.8771280451508,1872.0071834260866,1853.154129150132,1875.3139375416993,1871.2604149732044,1921.748971283491,1901.614009763857,1925.7124680302932,1865.7188688111946,1867.5440997561864,1843.9733529202663,1874.91965792345,1873.8193448641819,1874.1337626758286,1847.064006184186,1874.4893625347268,1870.38881856386,1919.520924125711,1901.3937094967703,1925.5715748284297,1866.2915033876193,1871.8831402218314,1849.7121248321716,1875.1626350203378,1874.0988259133592,1874.8388951229633,1850.5552497033736,1875.6204222355486,1873.7146929992489,1920.627704064313,1901.051399936281,1913.4904499264403,1875.363088557561,1862.3328112948154,1875.4681409435877,1874.6462556419085,1874.5900716660722,1851.1132619405114,1871.964985015823,1872.1289950440002,1917.4193365557928,1872.1448822145678,1868.8438099405014,1875.500905976831,1874.9424013201335,1874.94108270922,1875.3793933900897,1854.7293692925732,1874.1218655042535,1868.212311333569,1911.079611937592,1911.5074115399905,1920.9580516313727,1868.1050037849304,1873.7012763560897,1871.262093138878,1875.2977049206725,1873.8482846756922,1874.125634279238,1850.9065253289743,1874.9749263238934,1874.6764820004446,1921.6837782501777,1864.30270181224,1870.2997666069184,1877.0649338569715,1876.4603910651317,1872.4432209575855,1874.542895811475,1852.4375323879203,1878.6817640218276,1876.4618879443249,1914.9459424614697,1908.068309858602,1866.6331073635197,1863.0728750616772,1848.5325772120484,1874.7807339570031,1875.0924013514912,1874.1236436578254,1850.0034868730481,1876.8289287351681,1873.1272214096273,1928.4325771415024,1865.1234051995561,1872.2931565362276,1848.5129707905817,1878.0450731628343,1873.594658432471,1874.033336053003,1850.2108851800494,1872.43818902973,1871.740469995492,1921.0740090462348,1913.770390426845,1872.1108544355257,1861.7141294704306,1875.6499364756191,1873.6735717897213,1926.6618204831868,,,,1900.6278367157543,1881.5433076249458,1897.3027520741634,1924.5058386307978,
KANGPOKPI,1879.3874677051638,1854.433829545294,1878.915225075532,1868.589065329399,1917.4980548692808,1918.310037005618,1901.0090410846403,1920.868850024448,1876.8057958184215,1874.9956971447227,1878.0791364671531,1877.4482731364349,1860.7987874543644,1857.0615482715896,1872.4487595875519,1854.3491508432746,1917.3587826455139,1906.5043842006942,1924.1427384795222,1866.9743659640453,1863.2734100179798,1850.35608453518,1878.932313384351,1877.2142205551845,1878.134469061526,1847.390279423991,1846.0006712991842,1845.2124279717668,1917.960570787361,1893.072843248793,1915.2886134756918,1878.7416573465575,1878.9579599532321,1850.3448115809128,1879.499351486668,1877.9872771370362,1878.7342414665175,1850.4694345771165,1879.4744993933996,1873.791841482534,1917.2251479849601,1891.2150025272776,1910.5589293764308,1879.387324062263,1850.6067605433677,1879.4491139969784,1878.3831616623474,1878.3852046895834,1853.6669097198892,1869.9677462912828,1879.1823752742798,1916.0338523509245,1867.6555785202274,1854.698467836266,1863.9628263730115,1878.1727040032617,1878.5924881419483,1879.2967041707827,1853.5022546768087,1879.4079758987937,1876.7785112591143,1909.7763187318087,1915.2372423808602,1930.20085651821,1866.4143011222277,1873.153949005632,1871.5088116678444,1877.569974959733,1875.5584158453164,1877.7823261441827,1853.5584229032431,1870.1423182780886,1866.355357650029,1916.879590355081,1866.042790689534,1880.5450674219696,1878.2836731348332,1881.3016078593073,1875.0827735798966,1854.7277368223563,1856.9740115743869,1867.2044551881197,1863.9614504694466,1917.7504287053978,1910.8229043406316,1868.817820921061,1871.770946814196,1850.327890191311,1877.6517259533255,1878.13854349372,1878.153844287863,1850.067030212731,1878.772909041566,1872.4445068448915,1928.5462321180207,1877.9628907426338,1878.6244742396177,1850.270157114645,1881.743750852262,1877.525464300567,1877.8317075464854,1851.5927909500633,1877.2660036271436,1878.6437753307246,1918.5257674732563,1913.4209354732916,1879.8221177645742,1850.1811647034967,1878.5420594155432,1877.420988753971,1924.0125998719996,,,,,,,1923.0873854468916,
NONEI,1879.1411215875926,1856.1156677475249,1874.015682873089,1871.1023695327922,1920.09165948978,1920.0397654296485,1899.4790478848283,1934.1972421049506,1870.5568670027724,1876.545272794952,1878.7956200258232,1876.9448465007804,1853.2852466767451,1856.5052111801767,1873.7399470101527,1868.7909929699597,1921.6097249294223,1902.8647162015236,1925.3253197936315,1874.5730856168686,1872.1967923511613,1878.1911124071898,1879.60283697942,1876.888864841936,1878.9128076016189,1852.2844633325828,1866.8556069928482,1871.8930986326238,1921.2411170412768,1890.8097575266645,1900.4115361034694,1876.1522282513777,1872.8471448335238,1853.186199957826,1880.1003180144162,1879.6890142371744,1879.0919389700975,1854.792867083876,1871.8290196381943,1871.7233951890378,1918.1065469489076,1889.202094165649,1917.8248348189168,1873.597984353294,1852.7011237913123,1881.1174597095498,1879.929812570778,1878.6514633889904,1853.887512762497,1873.3070990338267,1872.6695545239238,1921.192384150303,1864.2052665392098,1871.293967867942,1850.1346047868733,1879.9850514089414,1879.17103718394,1879.025401083307,1853.373254313054,1871.8459722107489,1879.9024008186657,1919.9889698661832,1909.0135619264558,1932.423805699102,1865.8246948066273,1871.4300068276393,1865.443730814921,1878.3325258169075,1876.3446065977744,1852.679267121451,1856.0631394926793,1872.9041921906417,1873.3646345573777,1919.5356372700596,1865.1547950057618,1872.1771053170696,1880.5623134669022,1882.5676415906826,1874.7538142580295,1853.3120649527107,1856.4419510743467,1871.8565489313062,1875.427434936383,1921.9446808397495,1899.2560913530765,1875.9377520230285,1869.2578654446797,1852.5940678828938,1878.7733059248985,1879.1302014091104,1878.636987511065,1852.4035661840403,1874.1026769391747,1873.3814795932592,1927.8535833135857,1909.6650971287256,1873.3329500712055,1850.107935971136,1881.2525717339915,1879.933019829089,1878.2490420940742,1853.5269489331579,1874.2134847422883,1872.1826989670608,1918.701819364577,1909.8524625471866,1873.5182978190055,1853.5885729390457,1880.1563856707444,1878.3423116881468,,,,,1903.7929477101616,1886.8586426275597,1910.060526681586,,
PHERZAWL,1861.792985847176,1851.5434902609102,1874.6365631874314,1872.3678939807414,1921.3082921187586,1903.98560694033,1902.0226894729374,1925.824525211062,1870.3075326698527,1875.0561993386361,1876.6980535609096,1872.9369702454117,1858.5056444420186,1854.5707063778173,1872.5978094696395,1869.3607233676917,1923.6942927765458,1891.9143496853653,1926.515178207427,1873.8737990730533,1874.8441714704416,1874.9096512229473,1875.8807975826346,1873.0771243202746,1874.3332203690488,1853.614505988176,1872.6686969228633,1871.7497543958746,1925.9844930021015,1891.880036020504,1897.689734261456,1876.6826456412482,1871.1960104843706,1861.8969777254451,1876.2318749773883,1875.1664207950582,1875.345897855716,1854.2494080857007,1872.974462709818,1872.060997815168,1919.7438719871568,1889.5580537669036,1922.9151935045752,1873.3106235626174,1857.964344654543,1878.1861423874736,1875.3023033489585,1874.8338885785327,1852.0653468491319,1873.5146220217077,1872.917354067241,1918.8608861522669,1865.614453491582,1870.7116816270811,1849.6433241055563,1875.3256797099325,1874.9197897041117,1861.8141330526432,1850.012000286334,1869.9374509865613,1877.8302758247444,1922.1023100932562,1899.0669375851387,1913.9171426036182,1866.636959436826,1872.423461348204,1847.5749330430313,1874.9039756762447,1872.8235917154634,1849.1436644736464,1853.4588423723872,1873.986228363413,1871.8044780025725,1920.5742986625744,1864.4936743565302,1872.872638396677,1876.377576680477,1879.343411883204,1873.3138166742456,1858.8472666341581,1854.0354168307547,1869.4352979815142,1875.8257996744248,1915.9699290206327,1893.45834291972,1874.044469144723,1871.5104390520876,1856.5311737283826,1874.4741077964188,1874.8928638075613,1874.2672436375356,1853.6020548492054,1873.6993217238721,1872.872397938514,1926.1883548326016,1904.355993752108,1872.2496942217997,1848.9481301382198,1877.9250572199714,1877.8690499907534,1873.7696968090017,1853.1078364849611,1872.0130298371434,1871.947449741895,1920.608407791709,1915.8169558112731,1871.312193475293,1862.1008665272032,1876.409023634715,1874.3033639964688,1910.9292923944781,1888.5689201859916,1926.116946723295,1889.6077407169998,1898.5178112069118,1885.3687106222487,1902.8164595589478,,
SENAPATI,1878.225678056091,1854.6895655111311,1878.3361831616157,1861.082019333508,1912.3029517620018,1921.747916870322,1912.8344507310203,1907.2752559801231,1876.8685629423844,1874.9746615577621,1877.3120303017977,1876.967062170724,1873.7539599236925,1856.1589746627399,1863.788906531246,1858.7854790827853,1916.2052955993383,1908.2164535437084,1922.2073656047871,1869.3653310472282,1867.1709172421993,1850.7169739332232,1878.3533180270824,1876.1547391378324,1877.2679088883306,1848.2479796548168,1865.521600378423,1846.4989709653946,1919.415567086005,1909.4918504487864,1904.2159416000663,1880.0878584802347,1873.2421131800565,1850.4325612485222,1878.5184563882867,1876.8133368429267,1877.8190624501651,1850.7563578244742,1875.3991227726644,1877.5814727676968,1917.6992046988355,1898.6217597736181,1909.4314803877087,1878.506600863724,1852.0002582469886,1878.6151162886003,1876.8337064012312,1877.5360454238148,1853.039273789454,1863.9615816762469,1877.7686091084727,1910.7476025041176,1867.6884739237018,1865.9927107496374,1879.5345327279226,1877.030737479312,1877.3094923187575,1878.131438705717,1855.287847410609,1878.567611225468,1874.6386212619698,1908.0949270845404,1925.656795548585,1928.1522637332118,1865.7092291981746,1872.6495838106064,1871.0492081850675,1875.649240382652,1872.8696021234614,1876.3354287876707,1851.3409665863076,1860.267919823812,1847.6644775317106,1917.0119962304914,1865.8439039790696,1878.1763228332725,1878.480888954509,1879.1832280725464,1876.4171147935626,1871.8482415162223,1856.431161361611,1869.9955191496758,1854.831449617288,1916.8677199308706,1908.6122825573877,1871.257055670968,1871.5412558314842,1850.3670703288562,1878.2571422773515,1877.0639001171792,1876.6048254372083,1850.087635907608,1879.2262660811496,1852.9761094508247,1920.7086393671145,1880.0692329762562,1878.485839478069,1850.3869708580928,1880.318236780679,1875.5597069643482,1876.971953016196,1854.412049534713,1878.8202735294687,1877.6137573568726,1918.461624898556,1928.6479302942041,1878.538503008545,1854.443200963234,1877.8225952239113,1875.964992486621,1925.3006804235843,,,,,,,1923.1030896349178,
TAMENGLONG,1879.1566995556673,1854.2123981982413,1874.8075123830904,1867.2374012834127,1920.6750911128624,1928.0680448185822,1908.9103848211641,1927.4264794717908,1870.4242988670903,1876.2905237893492,1878.413635417799,1875.8880207798222,1855.7040820587297,1855.2694269497115,1874.1407743386262,1864.8921153356791,1920.6463483250786,1913.6043786066846,1924.1448497248355,1878.083803341552,1870.8734454567848,1864.163155557764,1879.010634917357,1876.586949579023,1877.9305254363221,1851.6526274549553,1866.3091309845224,1863.897187578566,1922.634124578086,1895.2697665882906,1905.7317076900265,1872.5757404443596,1872.3052877904865,1855.3583826741813,1879.786934517056,1878.2319466949361,1878.637310027359,1853.4242673066883,1873.1429755182508,1870.6565889829285,1924.332820457924,1893.358505581025,1917.4025059945493,1872.4004983963553,1854.6099494162843,1880.676041875915,1878.4182731362791,1877.9982616762893,1854.2586743725087,1872.3936629459627,1873.3709792346483,1925.9735798887427,1865.04928183018,1868.0624790751483,1853.811108567923,1878.5027786335106,1877.8316228152746,1877.9252004229368,1851.3911264933877,1872.4071487886388,1876.79573416651,1915.4763187508843,1912.074787434672,1932.8622191852687,1866.010772141717,1872.2572660431265,1869.926290921787,1877.468710968261,1874.9983787281633,1866.3266621289335,1855.5737295031154,1871.647257161415,1870.7515272553687,1919.9109785645783,1866.3640827575207,1872.9359152533812,1880.5786095165236,1881.2009883265835,1875.9534412466403,1855.3976979676675,1855.9601064477122,1871.3885169040223,1872.785549523761,1919.4831297482956,1904.0102059764365,1879.83219733138,1870.199245496372,1854.1181033110774,1877.5946614361317,1877.9288171127776,1877.290561054907,1852.100504263291,1874.9149746702938,1871.5077527970222,1927.2374947274263,1891.3761537415437,1873.0794840746573,1849.7938486849262,1881.4895749871696,1877.1092875857257,1877.531041411881,1853.6893677486842,1874.613157999815,1873.0629064634131,1926.6311143282298,1922.5124611715041,1872.3853966421204,1855.7233630153626,1879.6325042565986,1877.0024544305954,1926.3704103374698,1908.3501436532651,,,1917.262967648114,1877.340779041101,1915.793772846521,1924.6627446888865,1919.7934727557003
TENGNOUPAL,1878.1379291840178,1854.1663029395593,1875.2399535589725,1874.7798240571508,1920.112176358807,1899.8425942965946,1892.0654614956404,1928.6730038659866,1873.2481988315394,1877.7846402553923,1876.7371714709977,1875.6766069752534,1861.509595327816,1855.8176391679783,1878.2948682898407,1871.6557890955844,1921.8001927329008,1894.5519107804448,1927.175460381334,1865.8241896680238,1869.5557150189354,1843.7009715958343,1877.3614820020018,1877.7752776599914,1877.7803995940242,1850.29371576993,1870.8795418503607,1871.794222558683,1920.2887408377749,1891.5765463061114,1917.2680614940582,1866.1019638875846,1872.6818142562086,1850.1905941698503,1878.1670614278264,1877.9499559897472,1878.2294198841896,1850.1947742261775,1875.4274845230918,1875.9232551919217,1915.0257722433582,1890.7995206162107,1920.2566742454046,1874.856707948542,1851.2400288296803,1878.5237404954853,1877.0703936931045,1877.3510955865581,1849.6886049937689,1873.0074940199643,1880.1612906931757,1916.1520905935615,1870.9968196380876,1872.3550822539341,1862.9213538552724,1878.3198568325472,1877.3452479860414,1878.462467234239,1854.2969173145184,1875.0936732021012,1864.4114556222855,1917.1878877789154,1906.026051331195,1917.1202079141567,1870.699850478272,1872.760775590559,1873.5190007192036,1874.9963479806506,1876.4677440812109,1877.7185592181224,1853.725517926548,1874.5245497965032,1875.5120791452384,1917.93788714574,1862.920930446093,1874.1074445073775,1879.7410487950065,1880.3643979862165,1876.7079679101419,1858.3802348780225,1855.7300557668011,1881.3183662234223,1877.886234139938,1900.2208218404649,1903.9927816081254,1866.4995174807534,1872.0556178096253,1850.1418980658423,1875.740920951653,1876.8262103590346,1877.535929167762,1848.801474772605,1875.2376972359773,1874.8034046771847,1929.570526177516,1865.777016324981,1873.8282809935042,1850.2355563429867,1881.9874594508142,1878.215186205559,1877.7355409662446,1849.6990563199083,1877.4581691121646,1874.488918787611,1912.0367734093597,1908.6061761159108,1872.8623864499725,1851.1545837444041,1877.4423336084005,1877.0000052920145,,,,,1896.8140453582157,1871.939015195899,,1921.853765067792,
THOUBAL,1878.915452141231,1852.973295254367,1878.2206532756745,1878.2610299949863,1914.291238592276,1897.5399480861834,1896.50384581676,1913.960730324318,1880.9314893482244,1878.6749238586344,1878.4191770614882,1875.5396475128662,1851.5793639501564,1856.9261800676084,1878.733385102008,1850.6307416121808,1920.096978852527,1890.3241821248314,1925.6492849501979,1865.4054195216322,1842.2000592480595,1872.328217445016,1877.7096032281502,1877.0394529276928,1877.2403390578665,1849.5111190266125,1867.3499834498693,1847.4854913614504,1917.0832009781743,1890.38244765614,1909.0159132017682,1867.0751031375241,1871.4272756327027,1850.373974431114,1876.5607447612247,1878.3886516316802,1878.4673304692883,1850.5718985988224,1878.2409356206547,1861.0204766690783,1910.2330976694066,1890.247575311317,1923.1103935649935,1879.1731979712984,1850.3183603033665,1879.4005012123125,1878.0396105600787,1875.191708538026,1850.6328511413617,1858.388869277976,1878.399781486752,1913.5324170506226,1871.4730789834975,1863.1427031220942,1850.786023377166,1878.441302221586,1877.0236380039264,1878.4476856690708,1854.462817493234,1879.10650779545,1866.5013541438336,1916.2882158596535,1906.5255565118648,1927.6573257981534,1867.4789969958588,1848.9527318400505,1873.1159733727527,1877.193988254897,1875.3635787852745,1878.1683938206186,1856.6104111034983,1877.6237847935793,1877.3741464063392,1916.54170100064,1865.5588326544769,1876.873900819251,1881.179541404455,1882.6113063917078,1873.9006507105228,1849.7427175676758,1856.662117298875,1879.4501541021684,1861.774248943741,1910.5733601491875,1906.7540176364237,1865.0255163158024,1860.0916293716991,1850.4044801029584,1877.444216347411,1874.8160204742953,1878.0282029012794,1850.28376952428,1877.8638190633212,1877.9011269512705,1930.7871861025544,1867.7887647953828,1872.9911959499207,1850.5542441870089,1881.2531536343206,1878.9171261019162,1878.22477961443,1849.694892756977,1850.52262544813,1877.0962764706564,1913.8461152710329,1904.9186325137434,1875.1182996908144,1850.0880440335661,1879.910309732159,1876.4817810524169,,,,,,,,,
UKHRUL,1876.9438898795465,1854.0965890067048,1875.277948653465,1871.7284324466775,1912.9220575616625,1914.2141954489605,1910.4656066673836,1912.349130288719,1869.920758817322,1876.5931052511448,1876.2303655677463,1874.5211607281838,1873.880004178351,1853.4100559910949,1872.4005903703896,1873.5033129539022,1913.17500970193,1909.7262182545016,1919.718677624797,1865.6577569012036,1862.6677184095722,1849.5862501444626,1877.345973946009,1875.1998923120873,1875.5379498131185,1849.2415912386887,1870.2863658788945,1870.5041703599265,1915.864749888881,1910.568755453145,1910.1437320483478,1870.2295906477282,1872.795709032832,1852.044304433457,1877.1279440051767,1875.5692463515147,1876.2840859410935,1848.8419670812189,1876.329196419292,1874.0745078670957,1919.9584416993757,1906.2382810883416,1910.598069436226,1874.1158973754493,1861.5041152425904,1877.2855480989467,1875.5715243809454,1876.0787594695312,1850.844981238062,1871.2140929641346,1870.821452065375,1910.0865177145968,1870.3540923075611,1869.0472227017078,1878.424066012919,1875.532837310695,1876.0522941937288,1876.5705309205107,1855.2724678644422,1875.1595291971612,1866.4530760191656,1908.260970973775,1914.9777411268535,1927.6193458608248,1868.0422433952533,1872.1819673500243,1869.446257580262,1875.3070707082304,1873.0262839750178,1875.27286833866,1850.3840614697322,1873.6913652879416,1868.6079689259989,1918.0927131305762,1866.1698549200405,1871.1788902415649,1877.4751118512336,1877.7308975762696,1873.9077691574776,1875.332584986028,1853.5159815296483,1874.178255379712,1875.6882242976335,1920.2377784291505,1909.130433364909,1867.1865219748934,1860.8637730256055,1849.4600357079728,1877.0498113395215,1875.8894964555493,1875.5486757898614,1850.730957929158,1878.0216646170716,1871.7597293243182,1924.822066820305,1873.0490926699586,1873.8112008931037,1849.8890551890092,1878.2659083003878,1874.4912947922612,1875.6712543757833,1846.8142586791455,1877.521383016583,1874.0170220871476,1925.6797946143033,1921.3384787857035,1873.5107091354369,1867.4712415000172,1877.2370493659973,1873.7739720932839,1921.2262830777397,,,,1909.0671457418423,1878.7888393642008,1904.7143431904078,1919.2697627705143,
