district,2014_01,2014_02,2014_03,2014_04,2014_05,2014_06,2014_07,2014_08,2014_09,2014_10,2014_11,2014_12,2015_01,2015_02,2015_03,2015_04,2015_05,2015_06,2015_07,2015_08,2015_09,2015_10,2015_11,2015_12,2016_01,2016_02,2016_03,2016_04,2016_05,2016_06,2016_07,2016_08,2016_09,2016_10,2016_11,2016_12,2017_01,2017_02,2017_03,2017_04,2017_05,2017_06,2017_07,2017_08,2017_09,2017_10,2017_11,2017_12,2018_01,2018_02,2018_03,2018_04,2018_05,2018_06,2018_07,2018_08,2018_09,2018_10,2018_11,2018_12,2019_01,2019_02,2019_03,2019_04,2019_05,2019_06,2019_07,2019_08,2019_09,2019_10,2019_11,2019_12,2020_01,2020_02,2020_03,2020_04,2020_05,2020_06,2020_07,2020_08,2020_09,2020_10,2020_11,2020_12,2021_01,2021_02,2021_03,2021_04,2021_05,2021_06,2021_07,2021_08,2021_09,2021_10,2021_11,2021_12,2022_01,2022_02,2022_03,2022_04,2022_05,2022_06,2022_07,2022_08,2022_09,2022_10,2022_11,2022_12,2023_01,2023_02,2023_03,2023_04,2023_05,2023_06,2023_07,2023_08,2023_09,2023_10,2023_11,2023_12
ANUGUL,1854.4141348752537,1870.6407029953955,1860.3019373577547,1873.570947043179,1922.8990645971567,1878.0432309883586,1889.878949102147,1866.3061149243272,1874.7211970901171,1849.0666498380099,1877.277511058641,1878.4027183931805,1857.4360886902266,1855.167829588055,1874.4071019557803,1874.5194427707552,1917.1636453070334,1882.278852421589,1889.5140795278414,1867.1375760254607,1871.470947352801,1851.910450760342,1869.747084467037,1879.1895384114575,1850.3071318172424,1854.6747366746667,1874.4258640838384,1872.0135610349882,1913.4537630126158,1876.6781358140875,1897.5051185755528,1924.6305006644031,1875.3688043900656,1849.9274173094034,1875.9666421764975,1877.252678793803,1850.8553414497032,1862.9778808048375,1865.946468330618,1873.5111655803555,1902.0712657106128,1889.0477662461726,1876.2643650335685,1881.1370418637637,1869.5587100205992,1848.8896906354225,1875.7262514098059,1878.8159421283103,1850.7915978581784,1865.7794205536227,1874.4360516855327,1865.9887944304253,1919.3297269247744,1887.2475385869247,1880.7011957929749,1868.1619641751615,1860.4118010020525,1849.8053064613887,1876.504460343074,1878.4525868874266,1854.7958458079454,1869.411740050845,1875.1175750388775,1874.7310629726044,1916.0255900419986,1893.6522395187412,1891.0271953740328,1868.0609019829897,1872.7022514948842,1849.3845117879016,1875.9310912352603,1880.3746259791371,1853.3589658418396,1872.9221473831851,1864.8916121199586,1870.4850493146241,1916.0254728718164,1874.775013075982,1888.579344679373,1919.5405415230402,1871.757050684565,1849.1792501157988,1876.508159146438,1881.3848405698732,1857.1644815348086,1855.1249038646322,1874.3962239321972,1867.4575653099434,1909.5490421598681,1876.1539614022795,1881.6638490415635,1866.7166016086705,1871.5578051245611,1853.315604780069,1880.274942854147,1877.8861229497759,1849.817996276433,1855.0869823838145,1874.8540416111985,1872.8448178835981,1919.106736929699,1888.3695568129356,1872.8409290616821,1898.1646952041015,1874.5115690928358,1849.6896206660697,1875.2133381417364,1878.737494836333,1850.9985696801675,1863.985886179558,1874.1819971656967,1869.2980904557887,1899.0794969053609,1885.3909308615523,1885.0598517227024,1869.3709147587083,1872.0703095403708,1849.5589996345764,1877.8666397505917,1881.0829941043576
BALASORE BALESHWAR,1854.4039313410278,1857.351992488485,1876.3758456142823,1862.1904638164933,1915.409949024624,1892.9126186139777,1879.1777394586516,1886.8034982598554,1870.5455133115163,1850.0273231059402,1876.280710314842,1881.3150736208154,1850.090540681723,1867.467813901951,1876.9806319809286,1867.4229935800022,1919.0462380242197,1882.3245266437195,1885.46434643318,1869.7847492074184,1854.774235467826,1850.7092854721238,1874.088979074913,1879.3492370170613,1849.9133648702611,1875.0882865552596,1876.7619105441388,1874.1695217021156,1923.3569910341705,1887.3523936577526,1890.1107678824171,1867.1365625270112,1857.6595141784494,1848.656779376144,1876.8203373523047,1882.6043152406223,1849.9807863883238,1876.9008571275792,1876.5916884362493,1875.8249590725782,1917.3184934069923,1885.8051636377354,1888.3348627024368,1928.8579464245397,1853.3072225099836,1861.8281596835072,,1881.039856679013,1869.669505568229,1855.43337606268,1875.962773203775,1876.273416369906,1920.9775029459508,1890.0249395290846,1912.801946004523,1865.5432506191999,1863.3039994720816,1851.1825712025834,1876.2443303439518,1881.2356004578137,1855.970553480669,1857.392608971437,1875.7037458673115,1869.8517501048714,1920.4218301954602,1874.3044389826423,1896.4627252800706,1918.8033964004005,1863.573568403804,1848.073226097797,1881.7157185847004,1880.649383121745,1850.286812047101,1858.398394778231,1875.457311375061,1864.6587516843992,1903.831556610754,1888.2668043352098,1890.0936640444072,1921.3153083126956,1871.3030675737893,1857.2802673621748,1881.8526698914532,1877.3514644774755,1850.226089288918,1867.655582450292,1875.8156530820906,1870.2771073556928,1921.782743707134,1894.305582901546,1889.2622305626664,1871.3314381877829,1859.148984035708,1849.6879366404487,1880.6491990658953,1880.1836488527908,1850.579777882852,1877.778398955692,1875.8831473542973,1875.6072384246438,1920.658503664758,1895.2548312259194,1884.732200471481,1865.5023946052966,1857.6127046024076,1852.083074428752,1875.806647787218,1882.977186621533,,,,,,,,,,,,
BARAGARH,1850.433347656932,1855.7626748013686,1874.0045275317223,1873.675366918386,1905.1561137846256,1884.1671988301061,1882.8152543661952,1890.0409511003356,1875.1780361621647,1850.017471641566,1875.5601404962786,1877.9297768346669,1851.0277165630125,1866.5554270710402,1873.7550183942515,1865.2825232993005,1912.6205724361478,1879.6861455319718,1881.8574668018232,1916.0990017007432,1873.706565591622,1854.2948579989284,1875.8543063738232,1876.1510133240627,1857.3184074472167,1868.9545640892397,1874.5616902833956,1868.1712287910318,1900.9644560852712,1889.37173075404,1891.5954763369875,1865.22409135417,1873.2982325326666,1849.0548978148456,1875.3755348955092,1878.7630330357358,1856.906455565057,1866.952636709745,1873.9137207281658,1873.1386493491002,1908.0816132057007,1884.6534519188313,1897.7354872932679,1874.1630098775995,1875.5251392542655,1849.8056820880931,1876.0651151914785,1876.2506817115423,1851.1487393268212,1852.691361830732,1874.104693726039,1872.766736821261,1915.574258118916,1875.7373736827835,1897.581248006089,1921.5065828715567,1874.2887771373466,1851.0892997557833,1874.963940449676,1880.5106646691015,1850.3255154296326,1854.8297673910863,1874.502167902534,1873.6336992739803,1912.828770401909,1882.7775711634283,1892.9675178769548,1898.9001646619759,1874.5883815738766,1852.6639133895183,1875.1933188440369,1879.544518761212,1849.9086421886393,1868.3248294879406,1871.458806314617,1866.226417333995,1911.341546344043,1884.1603386151776,1878.8452824124283,1911.6555539656633,1861.530656736376,1848.7254428700426,1879.7791952538835,1876.3069910899349,1850.3727692094376,1867.8330618541247,1872.626815161347,1871.0772037893303,1899.7091481172058,1895.0221032253187,1886.8793804027528,1916.4418580276053,1867.127618352544,1856.7561465848037,1875.263233154179,1880.6562489730002,1857.5565724531928,1868.8742096788264,1874.5739918047004,1873.6806885622914,1928.3131137293856,1881.5819595322234,1889.2444584064854,1867.6649924667022,1867.4232120176346,1848.7484085413103,1876.366937436048,1876.0680931074903,1856.009778507667,1867.9157022395837,1861.6795616647746,1873.5427974311517,1920.2073788672271,1872.6234800948207,1890.06364982059,1867.6324095869136,1873.6651377656367,1852.5276860303031,1875.354999568108,1881.195864041814
BAUDH BAUDA,1859.3185846354336,1856.1558133386409,1875.0283358896334,1873.4397665639895,1909.6462729571008,1874.7548286241085,1887.9835285771069,1903.3169182204929,1875.2619910779488,1848.12564244777,1877.6492367771787,1877.055539443386,1850.9215162421988,1855.3900125673006,1874.3718151508583,1869.092192024426,1908.3517786481355,1882.5199093608035,1884.2986995426604,1902.8179480606302,1864.3839539279952,1849.5258157455578,1872.3780072119132,1877.236923833614,1850.5715672201377,1866.1503511345402,1874.9352928357118,1877.824344058604,1914.4349473085813,1881.6826105706707,1887.6861317482094,1905.9392296578528,1870.2194845122258,1849.4542452651726,1877.190975928938,1878.3499068263322,1850.4851385959216,1875.3516330595162,1873.4459801685398,1872.1788672124487,1909.8163877306965,1879.6196378961913,1897.174847169293,1872.4858387374493,1875.8008738166493,1849.2913347812982,1877.3551038293383,1877.3958113966758,1851.3471916741407,1855.4491373846029,1873.7589448805943,1873.6321881529188,1920.0899592147177,1875.871543747951,1886.5960343296088,1864.7636238569905,1874.699445430996,1851.2271636768623,1877.1748446376369,1878.6926036703633,1860.6365197471089,1855.7387210273223,1874.7315031418393,1869.2541980638248,1915.034748084564,1876.5265344222055,1893.130310492121,1898.7048122204706,1874.95556145455,1849.998741943466,1877.7299214621669,1878.2807510214648,1850.9720042614647,1854.9049257127351,1874.0493579221302,1865.4019445207298,1907.6419758362292,1876.1853274767623,1889.0983778480568,1908.1231354428317,1864.1902410948371,1848.4310752120043,1875.8476588053159,1877.4241060560948,1850.3266875827169,1856.7412340280334,1874.4195116183216,1870.5725030363822,1899.7756741609314,1884.972840405333,1887.115186557172,1903.2648945326323,1864.4369370141353,1850.3488128019505,1877.2065415832258,1877.2511874277147,1849.0049870187058,1866.1785176712722,1874.605557832906,1874.6511745171645,1920.668838579005,1886.115771778991,1870.9528075547937,1889.5516030167068,1873.4326608147537,1849.2230146090274,1876.9037963819464,1876.6268774552057,,,,,,,,,,,,
BHADRAK,1850.2287831726499,1857.8394705119922,1875.4138264225517,1862.4574138251764,1893.079455477327,1892.4841760499494,1873.090468923593,1880.2533933092068,1869.6582609420454,1850.0124901908925,1876.7727720458022,1883.6639735969961,1850.0706750710613,1876.606217330812,1876.1545702253463,1868.642086623523,1920.984521169976,1878.7663174012328,1880.5203432535725,1867.990556822445,1852.084341406506,1850.569441349842,1873.7887402057531,1880.4645900213695,1850.0760996972945,1875.6570616020158,1875.9437879404995,1875.697783043556,1921.2970883220985,1877.4956707264157,1890.7297381256187,1865.5185192630445,1854.3741461662821,1848.6452291916296,1876.1546197206264,1883.2185982930528,1850.1022450436462,1877.9499910501415,1875.451382016339,1874.962903738527,1916.688508726398,1883.3071545702192,1879.6889556114436,1924.2034127506743,1857.6953304754688,1850.0776765147416,,1878.6130555138293,1851.0142463182815,1857.7630537292691,1875.6022668833448,1876.081957535934,1927.776005790378,1890.0385665204371,1899.1609962277014,1865.5010637245687,1871.1106445207795,1852.3248238834403,1875.2238346423253,1879.6279562226123,1849.9735171450125,1857.4954141786247,1875.370350893724,1868.2281829407707,1908.9789091865623,1871.5277858173067,1898.045096924233,1911.3237588368909,1862.38045245417,1848.4047389209575,1880.9501795906974,1879.579497287521,1850.9499698982002,1865.3350585314574,1875.2609746817236,1862.6864780322687,1889.3068094779956,1880.995474901599,1889.3540077847183,1922.6667195742982,1869.7510034163765,1857.3100704549395,1879.5566988904795,1875.588771270845,1850.7425929918302,1876.004832975932,1875.080898851001,1870.1665086924093,1922.877575094013,1894.6732650910826,1884.9056308349896,1864.2991343414851,1866.7959040396388,1849.7651617365066,1878.9289431356617,1880.789020921765,1850.5977379570159,1875.552860783315,1875.2241928715916,1875.1164420011112,1922.3220348003342,1894.0022780043475,1885.4429171450886,1865.1955106627624,1867.9092963290566,1850.0886177302177,1874.8035187639612,1883.177802205491,1849.9524944162445,1855.8593168031134,1875.6104855632152,1864.9734456002777,1918.1080752594692,1890.816482038736,1891.6769396871723,1867.3464158715583,1852.490718410796,1851.3287997811974,1872.5018623079009,1881.7478126540257
BOLANGIR BALANGIR,1850.8633172976788,1855.808688736629,1872.4054401405683,1877.1558768935117,1899.4662595978134,1875.1478235590187,1887.213454037033,1891.1063750514552,1874.8919603545621,1851.6863637702554,1867.3296032227474,1875.3029754211627,1851.3686957932944,1873.87280710465,1873.3231370450533,1866.0965082408643,1903.6714038092784,1873.4239982546667,1887.8949322384249,1924.8213773104662,1864.8636135967688,1850.8923249278093,1875.4609380464708,1875.352347885346,1857.6216380854387,1867.1150151221498,1873.5587923177227,1869.7322408732248,1909.7966105061982,1883.7293854214263,1891.4554505330684,1865.5942745609848,1874.5895883517037,1848.3724133023707,1875.246260673125,1877.87703225337,1855.3199250796517,1866.4000212184249,1873.0447384210286,1872.8427296485886,1901.7041602935935,1879.471294522005,1896.378974514023,1914.214313845442,1875.5144839800196,1848.2910607467786,1875.5315047577956,1875.465985681299,1851.6621823945052,1853.0242261180576,1873.1913302196535,1872.8781260621358,1923.0348880458882,1878.3813952098997,1894.2181960522148,1909.618530597762,1872.1988898126858,1852.4627653208152,1874.6378338634436,1880.3594484933271,1848.335531416403,1853.5049291670828,1873.4287664264489,1871.9556326844358,1907.5527005702215,1872.3704082842055,1890.7549059494158,1891.2938166760548,1873.7484098869193,1855.523359815831,1874.9719634261794,1878.5982719126596,1850.5399173519334,1863.0442759839075,1872.689252505295,1868.3789235784936,1902.097471851328,1873.6243027190483,1880.3391835423438,1908.3390812428556,1864.0142507938117,1847.1251191285355,1878.5408172066345,1875.4186636344596,1851.3717629196465,1873.9043732757746,1872.089796541736,1883.213599420376,1896.7667526788402,1894.529822944996,1890.7270094791145,1917.9455068884106,1864.047072235126,1854.8888451160526,1874.9257411317033,1880.7339481496913,1857.5574959806486,1866.1568093665362,1873.4845613623536,1873.2654493759078,1925.8609968649157,1886.6515294090748,1891.49578349723,1864.566843335869,1874.3727116603848,1848.4601253226856,1875.8902432284656,1875.7814319153192,,,,,,,,,,,,
CUTTACK,1850.225395703027,1874.5822021174881,1871.9955965477589,1871.7022982681572,1916.4115918114248,1873.7984786565778,1897.1272768453357,1870.3662197729345,1873.814003022313,1849.2531026032411,1875.9506541631113,1879.0495897753058,1850.789815496567,1858.4186928859917,1874.2167639741554,1876.9770346605217,1923.3391629564615,1881.4211456843154,1890.0244242367598,1867.6326578724825,1873.399757923259,1849.0262181831556,1862.3778068794425,1878.733408358116,1857.0966535744144,1857.185926005136,1873.489162428293,1869.0915338785505,1914.527761037951,1876.8842669039943,1895.7681577658723,1866.7394713030328,1872.4405321719087,1847.8681105550145,1874.1283318572814,1877.2678129641972,1851.0582041391367,1858.028442761331,1867.7494582542545,1871.787925397585,1909.0278420973002,1893.2747943182023,1875.9830895925795,1919.090007012255,1868.8205619838695,1847.6776885677216,1875.3555713775445,1877.8115762676753,1850.1684191744089,1862.7401111047325,1874.2518204666396,1868.7923889970298,1918.6010670955031,1888.12271595151,1902.1576442861506,1883.3584570496726,1870.3837564286673,1850.0840846512406,1875.2895078629272,1880.2236743703643,1850.0694745072074,1873.407951482067,1874.6540782845354,1873.9477771007864,1912.874986995984,1890.1921599473496,1890.4190356847803,1907.9702632167819,1870.8372415079089,1849.322237919468,1875.7712704008886,1876.4839879920012,1849.3855525775102,1874.0164777310674,1874.2422565149002,1861.83555983066,1923.8160985365387,1876.2972955610878,1886.509654077422,1920.820715471028,1875.2232610739065,1849.4888208997297,1876.865057253571,1877.8974554714434,1865.9867811388067,1857.3894253283338,1874.451700230035,1865.543005744335,1915.035022715375,1889.0382623882408,1879.9437250436663,1867.3480928131462,1874.7181346933064,1850.4023894562326,1878.4116068260585,1877.1247539467888,1855.6342452537035,1856.9003288460385,1874.5277926937126,1867.5862899781262,1902.9031738454203,1883.3950744169474,1879.2525405187416,1883.953163035513,1873.5892198319925,1848.2197362562258,1875.0106874934706,1880.0128375987283,1848.3712959461252,1853.0815399315984,1873.9278806547868,1869.9544496397475,1910.186438444928,1891.4344021192737,1890.3707450264362,1891.323212581849,1865.9547544075504,1848.9420881474357,1877.550178976946,1878.7089286685994
DEOGARH,1859.9991096206957,1862.657593274084,1868.947800674951,1872.464651216243,1921.2287433083493,1880.7753744917968,1892.8888992482164,1867.0760737212518,1872.125594110602,1847.4152908495782,1876.504308829835,1875.277432086804,1854.3638355193284,1851.8792601138148,1872.249475528807,1872.2425165622426,1919.511488277988,1878.4914054372307,1892.4117771603383,1867.6745092927226,1872.6376062199581,1849.8767607806458,1878.8608520510777,1878.2154947884235,1849.1154345722075,1851.3295457539762,1872.351511448464,1872.6544863977615,1915.378785225089,1873.8176355112823,1909.0725892322746,,1871.7997949519367,1848.1805311708415,1875.9821289688264,1876.2485978285974,1851.1545983321596,1853.1543278762654,1876.7362604673426,1874.128747548409,1903.383568295835,1883.233212618031,1870.6018934304132,1867.3680941885018,1876.1438208437958,1861.7777714408487,1875.4294719314714,1875.6538908240186,1851.6385927743186,1862.0941852550643,1872.3279822126613,1867.1354093321606,1915.4607579065903,1882.2699241859027,1888.3970599550864,1867.7862549623085,1869.8216685997527,1850.1550877972725,1875.545458705791,1876.0047909217187,1861.038851583397,1862.9141146461554,1873.0737806279783,1872.530694460366,1920.2745433733653,1894.0858455937444,1890.5176210270995,1867.1723329329818,1871.7582036893791,1847.751770987069,1875.5772023398451,1877.363061875739,1861.3506843495816,1873.3580396222392,1876.1632130690436,1873.8356534366687,1914.6711969732905,1872.2420117901595,1895.0052748779067,1913.1010260716016,1872.0295130876402,1849.3415569895035,1876.687845344976,1879.1552852326517,1853.2908712013364,1851.5530832023328,1872.5018097896682,1873.6316661198666,1910.7994268449638,1873.2483772608443,1883.2293691976681,1866.480624217316,1871.5490519057944,1850.4102220547275,1879.18505319095,1874.7761101678338,1851.7177171285173,1851.4802437743224,1873.2141995273316,1874.3089951527957,1924.990851545255,1888.5210724795782,1870.5353727990757,1873.7233530202295,1871.7010822559525,1848.6987426231847,1874.945778144085,1876.6328079399764,1851.122569790723,1853.8687160839684,1871.1466174285256,1869.1338374844756,1912.444861190095,1885.0764648018699,1890.8320083510994,1864.1078059050576,1872.976562565337,1849.209445103659,1876.4359400496303,1877.5168556955737
DHENKANAL,1850.2607968814525,1875.8445642912093,1863.3673991074013,1875.2744965899064,1922.2607754541036,1877.611502808517,1891.486639864054,1871.809539436756,1876.569446118302,1849.9117379799854,1876.703937476285,1878.654200813838,1868.982630184032,1855.2182804734164,1875.3332966940077,1876.7166531415721,1918.9884089466063,1882.9151497719158,1897.1610645010633,1867.752172124563,1875.2726873520392,1851.2920801741977,1868.140059340014,1880.023692308315,1856.7006790705707,1855.6682064601941,1875.3790914672888,1865.016412879024,1917.7449935797388,1877.1940967150751,1896.4037929671795,1865.9588687765079,1876.2249035309703,1847.6613093615526,1872.720885007497,1876.5558510745989,1850.5700539814604,1855.3653807393941,1861.87095181802,1870.7897702940575,1900.3142823168973,1892.205580178646,1876.1739023916432,1923.2325689717484,1866.648536725038,1849.802066883326,1875.920639566002,1879.4573866022827,1849.7604918821298,1863.5552543134518,1875.6778910086482,1865.5881143117497,1918.3711541131568,1886.074355920683,1883.1174009746042,1890.3933105503152,1858.6766352711447,1849.3568618459803,1876.174146716362,1878.8735041924162,1849.6792623924944,1874.6464174130676,1876.9788016704244,1875.9197434734285,1916.380354474026,1892.7861100502691,1892.3524131419529,1888.006629795638,1876.0935944678124,1849.9718139033012,1876.0431510137328,1879.195938155027,1850.408910846109,1874.7289089934077,1875.6078094608279,1863.6677662752434,1933.2715200235384,1876.5311197483963,1886.6080131804904,1925.2387822990188,1873.3813990605713,1850.7763658151448,1876.467755668169,1881.4171652840687,1877.6951130405917,1855.2263994581836,1875.3606855835897,1863.1570896379392,1907.409567529213,1884.042185787667,1884.2485341357215,1868.5740108382304,1876.068432882179,1851.4029617419133,1880.230423382714,1877.472077780673,1855.1661385664836,1855.2051828669653,1875.908667559354,1864.8832855333349,1920.929781951058,1883.4306209116507,1876.8081650118968,1908.7197957816688,1875.6487768340148,1847.3928790940508,1875.114044086599,1879.5949959898478,1849.7613169662166,1854.6099180406445,1875.5335472702204,1870.294066999402,1895.4228059859481,1889.4878161921174,1887.2746407361624,1910.8869970976828,1866.4692854733044,1849.7094836371095,1876.8333766969358,1881.1918217757236
GAJAPATI,1851.8575987524177,1857.2010589699398,1872.8539621512484,1874.0309903086784,1910.3606570832524,1865.6136716942838,1882.0559168028096,1868.8115629095573,1872.2391448754165,1846.542592594109,1873.936698642593,1874.927173340716,1851.1530133248993,1862.3910757215435,1872.6687907605094,1872.091566513093,1889.2764618903866,1868.1052402637076,1899.900682558993,1870.7012621751858,1870.1903292387228,1847.0239815416796,1874.1862965446883,1876.9623742403057,1849.6992701754775,1865.5326856596141,1873.1754571763358,1872.4206384815225,1912.4164257764423,1870.4350716966915,1903.2544306957577,1886.4305641881176,1870.8478717936628,1847.2871211697725,1874.9310688103214,1875.1261197045956,1852.0327161212558,1870.434845570621,1872.3719719070075,1875.7861012573583,1895.641505821023,1870.7156863714858,1878.5689604672723,1902.5915510249251,1870.1658964607293,1848.5314012562912,1876.692970160491,1865.6779052804288,1851.7072579743076,1856.1389089341121,1874.8954600719894,1865.3697470389739,1899.6755963314076,1870.060632989045,1881.8838179350446,1867.4238284631404,1871.4076865806494,1852.7975683604927,1875.0038104234952,1875.5810167426284,1852.025721781917,1854.9611776413878,1871.4880222733598,1872.6857370442272,1920.156026621691,1866.1597276259065,1899.9627438784528,1869.0738169640922,1876.513578840827,1847.2439349772735,1876.1714300454753,1874.4717309641521,1852.2040338976935,1858.4597444696979,1876.6549840691775,1871.8629534242693,1903.7309364296823,1869.011214671647,1893.2188356044412,1896.2865163190509,1872.6394431531523,1846.6623842581396,1875.2654016304914,1877.0271724744946,1851.617830542005,1866.356855343466,1873.0662941935377,1874.1270527897345,1890.969891808663,1872.8017550850807,1896.9172622931942,1889.8402758542597,1870.653753786496,1848.4217099146147,1875.3776405440128,1874.4293788012535,1850.6207885209408,1872.9477348834132,1873.4612892454766,1869.2133332119245,1913.5400248199383,1867.9991457137412,1874.9202777892683,1881.045155369612,1869.7792813064257,1847.4095268494627,1874.9525482952608,1875.0989367201537,1852.3473217836156,1871.566691405021,1873.242404105394,1873.049591366216,1902.9536903436367,1870.0435865833576,1872.1129946653962,1871.7247688028046,1869.6191592514574,1854.933731737148,1874.9345911445412,1876.4813061094462
GANJAM,1850.5645604308277,1875.4964152296413,1874.6428016835869,1874.8828839250652,1919.6913044908863,1883.126664105612,1886.5548796727555,1867.8280183770391,1874.3449078836622,1848.680996398148,1875.7074076798888,1877.5475804447267,1851.1788452567052,1856.1834655590028,1874.6046557988532,1874.7483456179011,1895.3435723470157,1874.1595948027423,1885.7727097445722,1866.7766536143488,1866.0283966696784,1855.4924509475916,1852.6307634572272,1881.2815502221442,1850.4088329264441,1864.7308122784962,1874.7121534928403,1868.5279953026707,1901.6257532820616,1874.0020425255423,1889.9291173061006,1916.5462041015828,1866.4370625630609,1853.829576500363,1874.6383546998168,1876.2477121872214,1850.6121783986023,1874.966349697501,1865.4154978764382,1873.94750194119,1892.6234061455457,1872.611165246533,1895.0744609406925,1897.3941369826473,1865.0220568599855,1852.8768226932164,1875.3400680224418,1877.0484921464065,1850.37739752348,1871.684355464648,1871.0798578379693,1865.7590954534126,1924.6073173322839,1885.122936945927,1889.5868129639373,1868.1134532341632,1873.5349758675454,1849.997651120958,1875.4523768672898,1880.82539162473,1850.6682690344678,1874.2659564022133,1874.2300151588772,1875.0131940954718,1921.144902710964,1875.8764241695997,1892.657511033299,1869.6561089358486,1872.500811001478,1849.7029682495088,1875.4692957591612,1876.378143887755,1850.6323328611668,1873.9387776754415,1869.6347692444838,1869.8484834159717,1913.4695971411102,1873.3980318595059,1879.2601374840494,1917.319014501104,1875.366840822299,1848.9144329573937,1875.8980661018752,1881.7570895219385,1850.2397003761848,1856.1200695202353,1872.5052269531054,1873.6969654253228,1897.168106468177,1877.0749863837423,1882.7398941117806,1880.879496054159,1864.9399061771012,1854.0597542629373,1880.7154262459974,1879.984798568318,1850.155279617566,1869.39405559158,1874.88631767129,1870.320229015912,1896.0227786453727,1872.3135937678298,1883.8545793520805,1899.6683211546024,1874.7598635264296,1854.1632791663146,1875.3393461408612,1878.017646251228,1851.0230600715909,1875.0275529293017,1874.7402149144368,1866.7206554804575,1891.112854983769,1863.931841265451,1875.8696650325928,1893.2271818477911,1864.8657163789971,1853.0299650058375,1881.3886321736109,1879.705134774778
JAGATSINGHPUR,1850.3008193427836,1876.7347689223614,1874.0929788299861,1862.7535223646985,1893.356611514768,1883.8755986047818,1896.665416916169,1882.547718605324,1866.5795804602867,1851.3792595422228,1876.1617076883388,1883.4194758418967,1850.2059816943058,1873.9817769233923,1875.4561316203506,1868.330259336203,1925.354308722869,1889.1148143142627,1885.3060663130755,1865.5163599456473,1860.2175932623193,1850.1733628167708,1874.4172831288945,1879.5350593512828,1852.1115207417008,1875.4551675304135,1873.9784106379273,1873.926928945439,1913.5019288682447,1882.652991066065,1879.0228929540312,1864.4208918294344,1863.5726479512173,1850.1949255635498,1874.917026265062,1883.090693670667,1850.3642669171566,1878.1628376179444,1874.93003202372,1873.5407522883552,1925.2100073477684,1892.5922071408315,,1924.8220781856087,1861.9171425019963,1849.9279372588715,1874.6609293794475,1875.7065845018362,1850.380019052463,1857.0103083992049,1875.0242548396734,1874.1231683581884,1905.7252819181,1891.0704496283515,1889.9514247268826,1867.2642845246978,1875.2014553560493,1853.9300365679333,1874.6087986736666,1882.5113301849942,1850.449873439987,1865.8655086386705,1874.1944495263474,1862.4802169324241,1894.2076927094213,1888.3182142369756,1896.2879137688094,1899.7046875260842,1874.6141923695905,1853.6720048922584,1876.5980152307434,1878.9719541481827,1850.1921550190393,1873.316501066395,1874.331769704081,1860.4597077096705,1892.2842522558528,1871.3809679711478,1891.1209308684042,1900.7158272975357,1864.3942550484774,1846.5809575012834,1878.669438909937,1875.7147404658954,1852.0344815534704,1872.4486649491494,1874.6683495847667,1863.3262205963251,1918.1363428813904,1893.5394892234533,1886.964818380838,1863.3189095063215,1875.5115731486637,1849.9699776954521,1875.5239388680209,1883.7757909224808,1851.8857023435257,1876.8389701953245,1874.8854445100783,1873.5816434150452,1887.468750909282,1881.9252992066727,1887.6973385003653,1863.5605338951602,1863.436043568953,1850.044430787435,1875.425176599481,1883.3587174230884,1849.98311205131,1855.332989130825,1874.5531532075638,1876.2386211115172,1921.0922436620863,1885.6945779548523,1889.3351739384789,1863.0108601447912,1865.9517384115338,1855.7154152891098,1876.0695660103831,1877.6767372737734
JAJAPUR,1849.5759258033224,1869.1977996213304,1871.2899952100759,1866.1520752922995,1906.747436836536,1884.1056615491125,1887.2283575898398,1868.4708298303642,1872.2492937426475,1854.4307741063833,1875.308115419632,1879.3558158186152,1863.9731668557806,1862.577074513686,1872.8603925217822,1877.1359962347942,1924.6305966058226,1879.6818795451964,1888.054887090869,1866.314897876423,1868.9309905224509,1847.1967888290394,1873.6467975008027,1877.2349399811383,1863.4587040642555,1858.5986527468856,1872.140417006907,1870.864819668613,1919.441255735659,1871.167158488961,1900.7938590118686,1865.2872036998517,1871.2583456406326,1847.010452897891,1874.2360087296483,1878.3203729161094,1852.3359340826607,1861.2056388458705,1874.9893655554217,1871.001825567299,1923.116861663816,1888.6506150532696,1874.0951473557552,1911.881096646942,1870.7024385728205,1847.5387906593103,1875.3581687863514,1873.895805569711,1850.4832182750993,1850.6666578485833,1872.917062261408,1871.428380836314,1923.7105535280798,1887.4147052465653,1903.2244223793293,1873.5612684350851,1873.8296727146005,1850.481605466507,1874.866742737353,1876.7036596172638,1847.3146516593993,1857.7993558552444,1873.519979144002,1872.0304476556503,1914.053342579748,1884.6743461078256,1893.550295762318,1916.5728107787572,1872.7778973022887,1848.1051524791299,1876.6256813420252,1877.0722892311194,1850.2773160480626,1871.3568359891474,1872.0015235377703,1865.043890788891,1912.8080104276323,1871.8738796216435,1890.6930271158203,1920.9183863432656,1874.7005681818232,1873.5561734238593,1877.6044158093985,1875.4781849471362,1864.8374391502846,1861.0153846501637,1872.8309110458697,1870.4526416912124,1925.4372107521685,1891.462560239141,1877.441423903724,1865.9747051886327,1873.1094857551454,1847.6544252744468,1875.26618435087,1876.6754486102245,1865.429180029526,1859.1765854979867,1873.289467380636,1871.049519310397,1908.6390256386358,1887.6134814151799,1876.0662156550566,1871.2325985907341,1872.2961224389512,1847.4519184686528,1874.7737659356271,1879.1807845332114,1849.3682312843564,1850.0377611209053,1871.5169394263721,1871.3761991488382,1923.9730052285522,1894.5498782641312,1889.5403032412037,1871.3240550852806,1869.6238129949338,1848.9712858942987,1874.81724549496,1878.9127454488232
JHARSUGUDA,1873.3779259339515,1856.8200498345566,1877.3431925649654,1868.3343997104778,1902.259239589119,1883.6555895018546,,1908.8442959344866,1877.6876669058374,1849.7614043863277,1876.3248754642677,1879.3528344797382,1850.5150867753557,1857.1798115517522,1876.1484460519187,1864.447325907394,1914.6405507193276,1891.6447477861643,1887.4422403461724,1922.0687353235278,1876.581930381815,1850.0611687442622,1877.3464872320976,1878.015815746567,1849.8669747413458,1865.9185761723015,1877.6692416450635,1865.2373952522346,1906.5397118696594,1888.7073652772392,1887.1380207510908,,1877.547600964879,1850.2698324046873,1876.0330016724492,1880.8441481976465,1849.8787330166754,1877.7752672976646,1876.453438752463,1876.2197273901754,1915.0381005264653,1888.8574656596209,1890.1416910398164,1868.5015308542127,1877.8292187524798,1855.5023258190902,1878.0111886818843,1878.0117712400288,1850.9109885997939,1850.5662428809944,1864.0707529497365,1875.9619755982728,1912.61554359355,1882.2784716513122,,,1877.6553341436388,1850.7157558260094,1875.9579419300096,1880.4945714583018,1873.55477213575,1855.3204203882353,1876.4514701453586,1873.1187343274635,1911.3788793310366,1891.3245012605482,1893.7416431166607,1918.9260540865855,1877.9487072411307,1849.7040925678045,1877.1796348232313,1881.8628376186784,1857.576441811019,1878.6115212983245,1865.657366078755,1865.7103698061678,1919.716329522941,1897.2244975115898,1890.1298559522806,1923.7798345407157,1850.2702882321344,1850.5597798076005,1880.6713370043549,1878.3192655737312,1850.7945284411912,1856.9875368996113,1866.6198234291965,1871.0235984051144,1902.675605594917,1891.3409097681392,1888.6808058158801,1919.8905109096336,1877.4403679661298,1850.3350427462808,1875.7707606461906,1879.6642902323917,1850.7472484481787,1866.6430707819375,1876.7508212743282,1877.1541746605656,1926.1271405025973,1889.15803090132,,1871.6871089663832,1852.2430061584425,1850.3529926499848,1876.0997733564436,1879.0905645189646,1849.7335256530182,1878.2007774386427,1850.3608753744547,1873.3677035440355,1911.2155591140947,1878.5639566038697,1897.6349201675578,1868.658639958157,1877.8117863825971,1851.1807480193017,1874.9918828722625,1882.186679790088
KALAHANDI,1851.4892262274961,1867.4609718053057,1873.6974692159952,1868.8768564727643,1895.4510759292677,1871.9395272441275,1877.0172349810816,1903.0572991199604,1874.7920535229694,1851.8358450811493,1859.682763770321,1877.4494963215545,1851.4905134548321,1873.9923625402487,1874.309027441986,1869.9086390660618,1894.3730560069416,1877.423940331114,1880.2972815520993,1902.1187836399217,1869.4293467879247,1849.385571885598,1876.0524016399504,1876.4097409061753,1853.4210701729346,1872.0765689592229,1875.20252439488,1864.8893834393984,1909.1136294221117,1871.569802715663,1883.5084671355266,1867.460991703021,1873.2465217008082,1848.3476905779569,1876.2723362272823,1879.0711809904353,1850.9393309191746,1871.3050999758502,1874.2705684684022,1874.300383518903,1907.1927646142003,1878.7874218435045,1883.5048985964238,1877.622800944918,1874.1343283160443,1849.1056381982442,1879.2003638016117,1877.6894852716764,1851.6869433737495,1853.8849385233361,1874.323929413008,1873.9418642758958,1909.043862431631,1875.6000423380015,1891.7688837536614,1896.625018662895,1873.7294670477647,1853.821062749085,1875.5300283313609,1880.4151743625823,1849.9475943368839,1862.0401448529924,1874.5726399819255,1872.9061946308661,1899.4140397546896,1879.3065121581355,1889.6163660346608,1907.9233144738355,1874.7901295002318,1854.1192589764928,1877.0898657931268,1878.7914427224657,1851.1330096415477,1869.2095161734005,1870.8142740768415,1867.1617259393913,1897.2731135124002,1879.1568378220925,1887.8279041635258,1898.3352027299095,1865.4226157120324,1850.1270557208713,1877.2085117870295,1876.7214381213196,1851.2851742781236,1873.882128293322,1873.8915173370353,1878.8429808936464,1893.614511586517,1885.8957476225733,1884.224710830315,1913.336265739533,1865.2283166343072,1848.7067704376927,1877.4627966012026,1880.3971118247136,1853.4368495950605,1870.76207097887,1874.246652449863,1873.8142059662773,1919.627139686776,1881.5743885265965,1890.380188889218,1868.5120084972773,1870.617804949931,1849.1904871059833,1877.677739218121,1877.8270840152832,1849.4727208290537,1873.1360746353885,1875.2134107726686,1874.9800775060592,1921.9761620113552,1882.1231837516063,1882.8178840923847,1868.834574389795,1873.7095294076578,1856.078035174379,1874.6403933606343,1881.0941131763013
KANDHAMAL,1854.5940984259255,1852.4108277870394,1875.1174581434068,1870.0721369469543,1906.1895257881015,1871.3123818808238,1884.7938124621287,1902.7401467518948,1874.4430597183498,1847.2300280051973,1877.476310401653,1878.4423727924789,1851.818260959651,1860.5769555821803,1874.7065442710189,1873.2394858594034,1897.6908089099907,1879.3078673185744,1888.080501114832,1897.4991193374728,1871.6396325439919,1847.917708127269,1875.7620545864886,1877.9953035082192,1850.7928553364036,1867.7309106551886,1874.7509198336243,1872.9100387199162,1914.8227416552506,1877.1841203072609,1904.8846755202403,1915.1140170431618,1867.3012443992845,1848.155540898936,1876.9358515674535,1876.850453780768,1851.1582471632958,1872.8570288491997,1872.4655397260303,1874.4602218330824,1901.9430965681065,1876.9160268575984,1895.056529644074,1870.0472646274986,1875.021963122255,1847.9780706040638,1878.8702670155583,1878.4797431918998,1851.6508828433148,1853.9442622277065,1874.8599972227312,1871.6390184576971,1916.488728474715,1871.7811287433258,1886.9133065186088,1866.3539219441448,1873.0842426965844,1851.5207385713154,1877.5090965880827,1876.516507893471,1855.0935123137626,1852.5476565085787,1874.739093442661,1868.5733307553794,1902.1449780160551,1870.9530645013497,1886.0033773658781,1900.1068400020663,1873.1726993558063,1849.3888000771706,1879.7336561082377,1876.4972118404778,1851.5976481436028,1852.5451295943228,1873.1976217887711,1865.9944032265364,1908.621276676753,1874.9210386468862,1889.1703756470527,1894.7628603647543,1869.5739241351293,1847.3512838398533,1876.6967240812103,1877.945680120381,1851.3550515671109,1862.3171888251306,1874.7487128297687,1872.2894578700593,1895.6844861734874,1884.2335977562802,1888.122231897648,1896.0252260895843,1868.3570063685863,1848.115069022654,1878.813633915091,1875.2351559740866,1848.9563711362403,1871.2656208422047,1874.8305780556018,1874.6182320729606,1915.8536189707431,1879.2537341468217,1871.6763796977777,1896.7585838840253,1870.109368341316,1848.0010663467256,1877.928168417073,1878.0996657592489,1851.7140858251596,1873.3031272723035,1874.8546907598763,1875.378962696586,1919.3313319082872,1882.4468441707309,1880.3051005725965,1873.9400667447196,1872.9071329028343,1853.6488225656442,1874.4479287279394,1876.5071732734907
KENDRAPARHA,1850.1630263588002,1862.1564068126436,1876.8765593799615,1863.9202689383217,1890.5128977533393,1890.7140024587807,1876.4419612443114,1895.294762606272,1866.41187977474,1849.946861543393,1876.1989581320197,1883.8166828800179,1850.0005046035014,1877.9386894275378,1877.0925030679684,1868.7323243670303,1923.8724875457692,1885.4144234182504,1892.038998934499,1868.3988998797493,1846.4931640021177,1850.6836610286157,1873.9532883139316,1879.9682704825627,1849.9884393040336,1877.8294852736353,1877.7948993393468,1877.4411711014043,1918.1209050533243,1876.8311893961743,1889.5236964505593,1863.378835253996,1853.758087737054,1849.6777719236657,1875.2481975967614,1883.4845616637945,1849.9641913444989,1879.1481545565448,1877.1083068130104,1876.9620573295726,1921.4693792900653,1889.9349937708023,1889.7772617269702,1916.7645124951932,1849.23879110347,1849.903098306845,,1877.9632842275307,1850.3543710742945,1857.5751154751683,1877.8410063555987,1877.5620281562528,1916.385489397225,1890.353303743195,1891.7369753023643,1866.7100870446056,1877.4801125966562,1853.8747775936608,1875.013034207987,1881.6694312068034,1850.333551035481,1857.7022204659304,1876.7662698817126,1862.7990304749649,1901.209068846796,1891.1143680141502,1898.3827845694411,1911.0536269094264,1877.6282586505142,1850.4624316919303,1879.2962147452465,1879.6026533058093,1850.1312241256373,1870.8595123130328,1877.281546402628,1861.888630852738,1893.7793059894257,1876.9021467847272,1890.7229912674338,1908.308447521792,1863.6339646931135,1857.9903181298894,1881.443573215942,1875.7120748334578,1851.6368405837088,1876.6058142462464,1876.7250046428658,1865.205457943356,1922.020985982124,1893.7257027271849,1876.9922538049884,1863.9038898169147,1876.2066691282164,1849.8400637034317,1875.6740868658403,1881.1143591348864,1850.8318126128877,1878.2928452613664,1876.8579851910754,1877.3800472421653,1887.043369690475,1886.900080622664,1891.7491476813423,1863.2145785828802,1870.3333173813278,1850.0721782737842,1874.9627092105447,1883.2343564227722,1850.2716395015086,1856.1903005164393,1876.7015220204,1863.0985314540756,1920.7050833497642,1887.326231917215,1888.3127942147553,1866.1124075070263,1846.5717086706309,1852.2961386541324,1870.893526774576,1879.291760282093
KHORDHA,1849.8213303020245,1873.0149253776715,1874.4050475483705,1874.5533876897578,1922.5978781174783,1874.3900972895901,1894.0528650483088,1878.9784552798121,1874.8037973047265,1849.0604532122777,1875.7958577021138,1879.1826470414958,1850.3283374929767,1854.0026731182645,1874.6867474749274,1877.3572371890457,1916.2094589685366,1882.6001122327614,1888.5116624982302,1868.7604004614154,1874.9942756749258,1849.0256092061984,1855.886988457232,1879.8757383212883,1851.7676863686124,1854.1204360284382,1874.2861483969384,1868.680146075933,1903.9122048992388,1882.0731023252451,1892.3371525404184,1866.426904897215,1873.5231876993182,1848.8653899192668,1873.6082164103825,1876.2230551247237,1850.809259326323,1857.3985622544149,1874.8522963349933,1868.7569371851566,1901.1999489719835,1886.5436728067596,,1917.2476214405633,1865.3848416211076,1847.673052352714,1875.7287522281408,1879.849334559576,1849.9555573974772,1868.044165146215,1874.4107220014541,1867.176298343524,1921.9620669709248,1887.9488332958992,1904.4717135912902,1898.047762872071,1875.11823549443,1849.4103445463247,1875.1487383042902,1880.3193348342538,1849.933610326609,1874.9601231475638,1875.2990134800448,1874.6307236889747,1920.6797297576527,1887.0232069586466,1891.1992266509687,1913.4265527033604,1867.1997019859314,1848.9904073081598,1875.26440543141,1875.0968226365162,1849.2158368498312,1874.3069215399491,1871.1581091309288,1872.4992377877206,1934.9579488960223,1874.858359797855,1883.0648264585675,1919.4993369085382,1875.8485358968326,1848.2684123393817,1876.1749819432648,1879.2532481133921,1863.8958755820179,1853.706266710669,1874.9796191945543,1870.426710749589,1911.3868134407232,1885.5737138041259,1882.7019796281973,1868.8420711722458,1874.4497578022754,1852.6299720058425,1880.2177060595457,1877.4077911523023,1850.1795833483745,1853.467407071006,1875.1621977186621,1865.6542047472751,1903.9859150819907,1879.7271943109677,1876.5368927238464,1894.2214846330828,1873.7633107803485,1849.2961973040187,1875.0246382081184,1878.6010469102828,1848.3568677303049,1856.380700202972,1874.6577047432552,1869.1668081889873,1902.1929587988732,1885.0205003927995,1891.8046030168284,1910.915403027217,1865.4219048552186,1847.5387538728703,1877.5432001852985,1878.8596936417885
KORAPUT,1851.3409028178285,1874.395993346994,1872.6054485146524,1867.3376613643995,1893.0106770819075,1870.5898923127743,1879.5390898112444,1900.2541483818022,1873.8988136257833,1851.164408856894,1859.9627425382134,1875.6254491153331,1851.7338643102453,1875.2247055366129,1873.9137813182838,1868.5343074391383,1895.5787604225386,1875.057773676633,1872.341934914647,1881.1121266834332,1866.1208154018602,1851.4616661312427,1875.5264485097093,1875.9031557227222,1851.3280478149115,1868.2283665005316,1874.1080247436705,1867.8917027615084,1923.391059539211,1872.6185176257825,1888.1031889616363,1875.1840627489235,1872.7571769138865,1849.8860838461103,1875.92765886058,1875.0755836308379,1851.530204063139,1865.6207544613071,1873.5440743844608,1873.2230514391847,1895.6915259974526,1872.3994554427059,1885.5752021718602,1873.3892733352588,1873.9525516116528,1848.5305048365158,1877.9460798148257,1877.5493830516532,1852.0821390194526,1860.606227409109,1874.023616154835,1872.442937861494,1895.7471389410562,1872.0270212330004,1873.0734970593978,1894.7801952242328,1872.60323892749,1856.6902977450995,1877.2317810789525,1878.3668150091341,1850.1536050585607,1873.41257357594,1873.7238982258164,1873.6975123793138,1904.0264649057922,1867.1850684882033,1888.3957149272696,1900.6090888871304,1874.0609334050487,1854.8415130078881,1875.76945464714,1878.1144150666119,1851.1698045310852,1873.3958456556702,1874.1982724581837,1867.0726030931223,1897.5004419790957,1872.011165764631,1883.4518873854538,1899.09468261274,1873.3633383840008,1850.2972887456137,1877.294393136487,1876.2019774610887,1851.7130718262235,1875.9427230168058,1873.747656055563,1868.872566601947,1893.314152201211,1876.0054584041334,1881.2123447533054,1903.6484210915185,1870.9303874625923,1850.1441101830385,1878.3163586645276,1879.4858045467704,1851.575039994842,1866.3027875012392,1873.926268583117,1872.384713158284,1913.514975910169,1874.4022577243338,1888.1439523164236,1876.0748128897028,1874.0520501101603,1849.6847926982628,1876.857712476103,1877.0776409309374,1850.866770160176,1867.9819447297002,1874.3427620443254,1874.223321263449,1901.011455348279,1860.0339345167529,1886.9365545104351,1893.3266787256791,1873.8831852379446,1866.1175043356059,1874.5498772860715,1880.390440149276
MALKANGIRI,1851.7302393906862,1876.7645744636545,1874.6504530514744,1870.869605074408,1898.858291943462,1870.1694697873666,1877.764099683125,1903.5202137784597,1874.858864678427,1846.4144223372841,1876.902380397935,1874.8757381919675,1850.3375986914825,1876.1588316718457,1876.6360030483738,1874.0830357980553,1891.1557121883911,1876.057576441778,1887.026244902027,1891.8453698227706,1869.6388544710585,1849.4753509082655,1876.3132993928423,1878.1520459867238,1850.6036528619484,1859.0951290451299,1875.2640555472349,1867.2185117206316,1897.2589562313667,1871.0078114092591,1884.8741033045947,1879.7195604128244,1866.7839074880558,1855.1706657313907,1878.4297988038734,1876.5228475192346,1850.3829659204146,1873.8426243426115,1874.6332614885644,1868.3422333319525,1890.6313095143012,1866.2980753582208,1890.6520074366144,1916.3804509448332,1871.7441460086416,1854.362223368513,1880.2443879177479,1876.6950936719018,1850.6678225943936,1859.763045449145,1874.827145495502,1869.1268465826006,1894.5005613332767,1871.5764343633798,1875.7187828038068,1881.0569791150733,1867.7615377089123,1850.6002706673153,1875.6922848406357,1876.9038553634173,1850.830713500106,1876.480451241748,1874.9393884138128,1891.121891891042,1925.6867230328069,1872.310213930017,1888.4997755987542,1904.88798900328,1875.5768322247197,1861.1694826792436,1876.6243825290508,,1850.2348464737029,1876.5989200872673,1874.831398268927,1874.920833933905,1901.6035804703567,1881.4716208233203,1882.223374132293,1909.8456723154648,1870.5761356453993,1848.0424681436787,,1878.0896355973607,1850.5616235481225,1876.4900125484983,1875.0139363688063,1870.898514855095,1894.7859785286332,1872.244297690875,1884.2816581477728,1898.7987101614824,1869.077936324301,1848.3710439500492,1879.0411301768115,1877.1921764572603,1850.9320833125978,1861.9533656200974,1874.9093043735324,1865.7899120155807,1896.1984234453,1868.1029195026651,1886.6882590160599,1871.9697621687947,1872.2646987354785,1854.3286516865724,1874.5008809680562,1876.7246123043867,1849.8060385972867,1874.679144247715,1875.0492420955545,1869.4700499747146,1891.6412157216882,1869.7521213665068,1877.6679236016275,1899.8184087701102,1867.571620195882,1852.6213068362863,1871.251097478643,1879.0415234940106
MAYURBHANJ,1849.378351727382,1853.3140401179842,1874.6328061086297,1870.471294362259,1916.95286930984,1895.6477656047778,1896.5251585648155,1867.0039303629549,1874.7958586332952,1864.0491305762257,1875.322456974826,1877.1818096842387,1864.036784839209,1859.5382042565036,1873.8436558736496,1870.1076371820084,1918.212068236538,1875.8379541713296,1893.429900144652,1866.060421667397,1866.0378362381705,1848.8177788942435,1875.5183075161588,1878.3073978847876,1864.0303232691338,1862.4820602311643,1874.8380707068268,1871.5291144007624,1926.4211767269685,1881.8924143941474,1910.3830014016382,1870.319220633285,1870.7613288847958,1847.419224501565,1875.0533218264618,1877.4000352020598,1862.598618105339,1860.9150261199088,1874.6854082585608,1873.25660285952,1916.0045524373215,1884.0508313551074,1880.8895481124953,1910.9782743381288,1865.8582153776738,1850.340793745046,1875.0092480179317,1876.5071150553292,1861.4676118028465,1851.8234129313853,1873.4398914411079,1872.6951970822222,1916.7813307987944,1889.4253684967498,1912.0383252722618,1873.9907811855046,1871.4470920633735,1850.1771112642102,1875.8921226455818,1877.0099863513867,1848.4676983557158,1852.58394555355,1875.1760646511716,1874.7112623317726,1914.332588725493,1873.2098846337105,1889.8942880262987,1910.474626276844,1872.0445782520835,1858.9056893024192,1877.8181513148277,1878.497371893957,1851.2080102910822,1858.9485064281732,1874.7119940283467,1871.9386769623145,1914.289872379407,1882.8991491985062,1900.839474945185,1927.733810969689,1875.6048563933462,1872.3642983166046,1878.030324143464,1876.793618063902,1864.7042564107105,1859.9736751581524,1873.6169305506558,1871.0755229396939,1917.6788542726476,1890.4393569857957,1895.2502048268304,1867.3356569803132,1866.935173741245,1847.8716085733931,1878.662493683027,1875.79202887541,1862.725725133915,1862.482181725933,1873.908782876361,1873.4775017991678,1922.790309921277,1886.8611620634645,1883.213304553438,1874.5334089651335,1869.0613334499312,1847.830361864578,1875.1976901341366,1878.307991201722,1862.121951092688,1852.1234236101154,1872.9683970523865,1866.7193523200228,1921.663389237648,1894.6272737552265,1904.693857333262,1873.996763155911,1869.6385429363488,1849.0296420195666,1873.4380417249295,1877.1699077433098
NABARANGAPUR,1850.6593038425483,1872.7865623056118,1872.3065968063318,1862.646767725389,1908.602787836089,1879.1698058749005,1881.4579460841637,1896.6746544374193,1874.7782538755878,1852.282437870913,1874.7749352950495,1876.1736273449633,1852.1232456266325,1875.706912640154,1872.8420729314187,1876.4150077418196,1901.9909738526865,1883.6783998512176,1868.2688737570888,1908.4688530085357,1869.1888652847954,1850.5513170263862,1875.2054832217077,1876.5990312477475,1850.6062714751645,1853.9198590721223,1874.065195988947,1873.0867438182167,1910.837361664888,1878.9027539088747,1891.0924553224554,1869.5054869466212,1874.809923408591,1849.9894228740945,1875.7245648455303,1875.3399414481678,1850.810683465899,1853.4479721515852,1873.5173267765165,1872.6269034829118,1897.8104560412432,1881.6381501631643,1901.4871617875115,1905.4915479738663,1866.1887919108544,1850.5361084427668,1875.5235284462478,1876.1419809162785,1850.901753384489,1863.4825788938988,1873.7608585572773,1866.8672751081212,1893.421208169694,1869.211436179162,1881.6614590792574,1892.5466212699591,1863.5836402086723,1847.6719814723624,1872.766928625047,1876.6924084071798,1849.9355068702646,1873.3983581331522,1873.244894627791,1889.1849771588347,1917.243981422585,1872.513575756549,1893.882339665491,1878.1682920720043,1873.931832486734,1866.331459288106,1875.0979026246414,,1850.1766034198515,1871.6833850349994,1873.8123592628795,1873.0256976812661,1920.561421766227,1871.9943215080282,1884.1198220634844,1903.250409693086,1871.4194758009185,1848.481499648729,,1876.2469669965215,1851.3609060303986,1876.0994999227644,1871.7197575363462,1873.7940978802203,1908.872181318212,1884.0125934968612,1882.1811145574236,1892.7696597450984,1872.91142665148,1848.5024528619094,1877.2159740241693,1878.7269080549524,1850.19915456582,1854.0231872323004,1873.6075102557097,1866.6509308740212,1908.2762146508198,1880.5740106513003,1889.0738826195866,1864.932992135327,1874.785763536672,1850.8104701966881,1875.0013805404417,1875.8476348397928,1850.007168513362,1853.1852266759986,1872.4276680890093,1870.1162172503002,1900.0461078959884,1874.3788442100322,1897.407313229462,1863.0053863715618,1872.366738972889,1852.4373948333375,1877.9666509100734,1873.9336567478615
NAYAGARH,1850.354574391521,1877.2052387677606,1874.3983071630319,1877.115956420723,1924.3118342073435,1881.4742026056804,1896.6711031697118,1869.4155101570204,1876.712825600075,1850.141465549794,1877.4947208408225,1880.2474962138606,1850.4778811751244,1857.1116364710683,1875.8875899094191,1877.0167343335625,1905.9343788293188,1879.9606628166925,1895.484504664932,1867.592755175796,1877.329487706247,1852.8643067349392,1849.8497200467832,1881.3214856998113,1850.4382969684023,1857.4080705349193,1875.957517269913,1869.8225269465684,1906.9907961673323,1877.4344218556646,1889.587011855714,1919.6732051224467,1876.7564257884583,1852.991276462379,1874.6137749358882,1877.6107226296263,1850.7502925887518,1870.8695048285833,1855.1131422217372,1873.4185726362577,1893.0441554049712,1886.9514833896035,1897.9383747640545,1914.4504838174448,1864.4229994993536,1848.8855952643185,1875.825174906029,1881.4230748890848,1850.0425156134972,1875.5962854055617,1875.8086514105087,1865.2449012222264,1926.5601688039508,1888.129831197809,1899.8416895487162,1874.572643647362,1872.0144284794,1849.6783115099433,1876.8670328239195,1881.5299571427622,1850.219910803619,1876.0613352202051,1876.485248865724,1876.3595416137173,1916.4007488960865,1892.8499624725428,1891.8710575127943,1873.8707516895058,1873.9589257713194,1850.5067599494062,1875.9982384034533,1878.9086214866281,1850.5365726846576,1878.3919573207518,1870.6939620800256,1868.7160588660208,1923.274683204274,1881.3824755516423,1886.7590556067414,1924.0835141237906,1877.171503518753,1848.9818782708749,1876.8565343362327,1881.8695658110628,1849.9584571333012,1857.0141436645808,1876.1159910641345,1866.2432970221935,1903.4938388887083,1885.2688044450003,1884.4739497061407,1867.6471772002033,1876.8220464211133,1855.2331716335582,1881.3099277124156,1878.014907599972,1850.4981933816207,1857.0010453260168,1876.2219611988576,1868.7158963085094,1903.0635983152752,1883.7953064129576,1885.1686829314792,1905.175782977867,1874.3100133009834,1852.8186571598885,1874.4942927294262,1880.6414126480176,1850.8523140966713,1871.7024889425982,1876.2644745833725,1865.8708928352219,1891.8307716298448,1879.0507272769437,1886.2561359362257,1901.2156040562058,1866.4577740648265,1848.439032447648,1881.4380273449945,1881.2925184846376
NUAPARHA,1850.2079259694035,1871.1471579570766,1872.8868148442855,1875.4269350579057,1908.7414161248698,1884.9717866240915,1882.4486874324214,1893.690502291208,1875.10227776741,1852.238881281952,1876.6429718814788,1877.685655921771,1851.1696279122343,1872.1014229966427,1873.5071418166524,1871.4957617207049,1906.368222002045,1882.969894815308,1877.3096432983393,1900.0641647001346,1872.3484900526496,1849.0504495705727,1874.9490533263022,1879.6530429871616,1874.5968560591787,1851.8578830025378,1873.2505808517142,1870.7737345862718,1914.1414518321117,1887.4749293717723,1891.5207958087306,1867.3361524829884,1874.5228935447394,1847.9773979009892,1876.1919973477325,1877.2248089336158,1851.6770437167465,1851.9553739364305,1873.221130108438,1874.2674601133906,1902.3112132914368,1886.1723834385812,1892.126327576281,1931.1928273191868,1872.2433288022733,1846.2618482030118,1876.7381045118673,1877.5082708404134,1850.663000403632,1852.4456787333443,1874.4620848957736,1868.7861743671688,1900.1088461632376,1888.6784081682247,1897.5516375635752,1910.156688740783,1869.0029451131402,1849.1375751279961,1872.5040143396977,1881.134063203862,1848.783280055729,1869.564529638107,1873.4747816245044,1875.6565918466772,1915.0353917442505,1882.8773990445432,1890.479511635908,1872.3934011357655,1873.9810339576734,1855.6195969422233,1876.5302585382774,1879.6502206767043,1850.3263260083552,1870.6890987245717,1873.943674065786,1873.325094040588,1919.1184641882257,1878.0303322205302,1876.170309895486,1902.2985412635028,1872.6660974145814,1848.1613691164237,1879.305290311156,1877.6867758990652,1851.3340678479428,1872.6182018660973,1871.4695858103419,1878.083384184181,1920.3338861376244,1888.632169620838,1887.5564490991624,1884.567456786417,1871.3274349961823,1851.8239490464161,1874.1309760449037,1878.962254178121,1874.9247802841667,1852.6436483713649,1873.4946318298416,1870.1244752437872,1920.8379559108716,1883.212668386303,1891.9603617256143,1863.2734788716268,1872.9122268170272,1848.577614590303,1877.0348464097513,1876.2451988147268,1848.9607778540067,1850.6737940155663,1873.8624772243213,1868.584281100586,1916.2537891748366,1888.4277428823777,1887.203686069743,1867.9192431360932,1873.7991884691767,1848.3064031117897,1880.8514982840093,1873.0621612409775
PURI,1850.0081762164211,1873.5725941125602,1875.32231568984,1872.433351450401,1915.8829078662482,1872.4789727765528,1891.53209015448,1881.530947615536,1872.4493575889849,1849.0255565357336,1875.8820186912235,1877.7302543976991,1850.3337825104581,1855.4247088373259,1874.391578580259,1872.5106534968506,1920.0899069772877,1882.8282544927079,1887.7712483453047,1867.726026357179,1873.598425377219,1848.3619546443647,1864.0025792379568,1878.4164834010396,1850.969448555855,1857.0179368782053,1873.506299986552,1869.2944730113823,1915.2119445107776,1880.9888729310653,1890.558662945459,1870.9215235946776,1872.9882609996698,1847.6431580898268,1875.0889383731997,1877.917749649927,1851.033956777448,1859.1159718074762,1874.4864412895565,1869.3796037880436,1907.0468542028163,1882.4419427219118,,1908.3306029626087,1868.5243436726946,1847.456267054144,1875.331510187865,1876.9614595239013,1850.2969503408294,1859.924111437784,1873.924345432286,1870.4979540866116,1918.0055099671108,1888.0355701443427,1901.9927302976453,1886.9152106266422,1874.1114589633082,1850.5864277597436,1875.2892666360563,1879.1691867644101,1850.1966179517517,1873.153520715301,1873.317839444899,1871.3308047582564,1911.7638045212348,1880.1779931276005,1894.8700266239598,1918.8947682162295,1869.3621150677297,1848.9956405707321,1875.378060359373,1875.8252623051326,1848.0597838385977,1870.9935711425605,1872.711767166788,1871.8233294998138,1920.2308815256079,1872.2238441730894,1881.9434848067951,1909.1532152496343,1872.6592054352977,1847.3279449935242,,1876.584766224987,1861.985484805482,1855.6681887736095,1874.4494651032462,1865.085270026288,1916.8417968807926,1884.5093043861832,1883.4779302853133,1867.038245196386,1874.4546719027355,1849.9461455104913,1880.9328783403816,1877.719174960565,1848.4854700359538,1856.760061175289,1874.2424771304065,1868.8748659874263,1897.1041368347303,1875.728184800833,1875.7657495219469,1878.5297357647867,1872.0497486337274,1848.922221908504,1874.6719793399673,1877.8834670530412,1846.1303528902897,1853.4919859374252,1873.7719063540853,1870.8172604385852,1906.719641899137,1878.3265015102506,1893.410671088325,1887.21507006625,1865.9065765158086,1850.1061833270944,1879.6910629951094,1879.0240261764468
RAYAGARHA,1851.0923071470065,1863.1209200428534,1875.4904333465136,1867.5107478791367,1891.0707642453103,1873.6987001071125,1882.0066884929345,1919.002384319549,1876.7622839322555,1850.4709957738319,1858.0952562333948,1878.6892685014768,1851.3425141227283,1874.7077235514605,1876.1012711899523,1870.719276362558,1890.8146220546257,1882.85254224843,1882.4868444956187,1910.2730074368112,1863.7862074305,1849.1017488462849,1877.0419231448725,1876.8686079111185,1849.9294172398988,1874.419292960622,1876.6430806278577,1874.4434496426736,1926.1432078628352,1876.8027889728023,1883.0033107582021,1897.1819194685286,1874.4849220082913,1849.703222413841,1876.0828017777728,1879.29764097111,1850.6353211288997,1874.71645807748,1876.0656754803913,1876.2073072453966,1901.1057999984762,1877.2023795967807,1876.995708352301,1887.7923689376157,1876.4470063706135,1849.8555934103813,1879.946602017854,1879.6345335910687,1851.1972716894827,1855.8535982737988,1876.1635516356373,1876.2591650264665,1901.5691963743961,1878.82312716442,1880.9608106267249,1922.787274446347,1876.6005866932237,1856.3395845759273,1878.831304638495,1880.5418908731551,1851.4544413274975,1858.9118110104037,1875.9237182819734,1865.6661164584727,1893.0968751144674,1876.6719939069217,1886.601091972685,1921.2775212496854,1876.5158691346758,1854.2119204751684,1877.8539223155956,1878.672597061265,1850.528769554756,1871.5346558963333,1876.3483369392493,1865.6218018006887,1890.127205899885,1878.8642933815383,1886.9123520608284,1889.8473611165964,1876.1358170338738,1850.7815378788903,1878.4329903212615,1877.2428884072556,1850.8443756348388,1874.4633487245885,1875.8084273496684,1878.4935106686505,1889.273864279889,1889.5357849674328,1880.379449465199,1900.0511705429474,1862.3029011976355,1849.5040525317672,1879.9553461551723,1877.9908156273673,1850.3145716626689,1875.3918548464678,1876.0537356398704,1875.7318767691668,1918.4044270611744,1880.6917351152779,1868.9403314361703,1897.2597311356076,1865.5767092843355,1849.8815102926173,1877.9427726192343,1877.8564147226184,1850.7746985565723,1877.6328869388112,1876.488702586604,1875.9829552930482,1911.2252517321406,1877.032792727187,1877.966704494903,1898.4765029957975,1876.4377808156937,1857.448959744866,1879.135962885381,1881.4186590754489
SAMBALPUR,1877.550364061766,1853.1546986441754,1874.145021898627,1868.363492117996,1904.5643106269347,1875.2599169433806,1888.3409353574589,1914.0655847957069,1875.4077932970556,1848.5082620759965,1876.9527261355513,1879.200436028097,1848.7597938159895,1852.9662346348134,1874.8251794712116,1867.1613026655145,1918.2063445576532,1888.464873072628,1881.5469803538522,1907.5581668299694,1866.9527261582543,1849.5581226658396,1876.74143084087,1878.057672858304,1848.5829256269992,1857.9667248709814,1875.340648653855,1871.0416171260897,1904.5521769929928,1884.1776908163406,1892.852678637923,1926.6725048372982,1874.6247364319972,1849.0103692755813,1877.4109126231567,1878.952121548251,1850.0537773970905,1871.173632699725,1875.319260505717,1874.8253625020286,1912.4251119914252,1885.7497108326027,1889.2650547464525,1869.8922207842334,1876.305944689872,1859.4922887864739,1877.9003039869233,1878.0875120635342,1851.4234565465354,1850.400010541986,1873.7904576996625,1874.920984161578,1919.713455612747,1880.492524392962,1881.2994236054974,1870.3987837866873,1873.950555771606,1850.3147494901084,1875.9752903602102,1878.2878629694726,1878.485519488558,1853.304670220411,1875.3071727270715,1866.660608436967,1910.6420548342437,1889.7442300039258,1893.8766282862464,1904.8355502937675,1875.2598505177211,1848.214007779728,1877.5962532215572,1879.5680132350487,1863.148232841358,1877.228882912433,1874.2710311906096,1865.4853231779332,1919.775567652935,1889.554533032816,1888.568954700614,1915.267922490823,1867.1159581401741,1849.687838990778,1878.3910470759472,1878.210719914302,1849.8941961324665,1853.365447448841,1874.8165817672586,1868.6150511186825,1901.9140652373462,1888.3530431272934,1888.2645004452534,1913.0226545453784,1869.9327114403548,1849.1950245644894,1877.0378454012284,1877.0631936110512,1850.748231390347,1860.0220175768652,1875.3913768135092,1875.0775177984144,1923.7708385674869,1887.3824080099878,1869.9853755781985,1887.1199916413352,1871.3918324093222,1848.7357432730605,1877.8068067289082,1878.5739965787732,1850.3590118490113,1871.1558415149177,1867.4520930883825,1873.9787453435572,1914.5371923535529,1881.2265563800445,1894.8634514339776,1867.6120675578854,1872.9763354968786,1850.0052653393975,1874.383504789783,1879.1487255649354
SUBARNAPUR,1854.043118118558,1856.8391746467198,1877.547076470989,1870.0441492987925,1903.559431449584,1872.1811173082058,,1928.126037239791,1878.4078733509552,1849.4134173603004,1876.3810039403172,1879.129926474673,1849.8252211978033,1860.904529375884,1876.73750009296,1865.6842699287065,1907.136540372815,1888.330395153013,1877.839426668697,1924.6288007280157,1849.141494847535,1850.6142903623277,1875.980167724712,1876.5447589221105,1849.7555565096054,1878.9936760401267,1877.9050701660417,1870.803265843892,1911.4110980558542,1888.6779972478628,1886.7686394413322,1879.437964352505,1875.95332468692,1850.2738684261956,1876.479686181429,1881.5121650792,1849.7369364197184,1876.6948109571215,1876.7570813682626,1876.6685229624748,1911.7917597989886,1880.7514193396028,1897.9629828412806,1871.6312149901728,1879.2006839216926,1850.245864322885,1876.8661462420675,1877.155193728854,1850.5999737519076,1853.5051552847622,1873.5799809882778,1876.6266013277914,1919.04358810909,1875.0310808955346,1889.8430895928846,,1878.5272771901418,1851.8892641093341,1876.1767384828604,1882.3964648506417,1854.4880671012818,1857.283109575523,1876.9595066094325,1869.0060881333916,1918.3025998203348,1874.8124262950378,1896.2455231196502,1908.4455897718335,1878.4485340921392,1850.5736969094967,1876.2170344711503,1880.1733526783935,1849.9961228352206,1858.5006300758453,1866.9210455941798,1863.777538571174,1907.7860898015667,1877.2698567271948,1887.4545236416045,1906.4024112403386,1846.6037163618112,1849.767727649221,1878.9243284364895,1876.5686231651123,1850.1997236346283,1862.8971348552427,1876.6261309806036,1868.8664304491492,1887.5638633255369,1891.8074813487285,1887.5994728275534,1927.5311534184032,1847.6514163372183,1850.1104095049102,1875.8360377786232,1880.7524778417257,1849.4539722984096,1879.686130570445,1876.6361478012905,1876.4061894778288,1927.1753863759566,1890.0858582709204,,1881.232676897243,1877.4259019324734,1850.4090469895673,1879.285222705098,1876.778353774966,1849.697734987268,1876.6158620843755,1852.422521667983,1876.4039893619502,1918.94370044489,1877.3810550382505,1886.6103535964003,1865.3644838421303,1877.661565203307,1853.7696878926865,1875.7334624433763,1882.0794765000776
SUNDARGARH,1869.235351398271,1858.3423514151777,1869.0891742238152,1871.5840908702357,1909.3096422296553,1885.9106296148925,1897.3591474522314,1882.8436255858282,1874.7644317020552,1848.7456119369256,1876.9514794390134,1877.5764230662342,1865.855887525734,1853.2693445146601,1874.276669121851,1867.9822565438485,1915.755919526439,1881.71003399544,1891.0331051691528,1895.8885462086985,1872.7641391943696,1850.2545560483372,1877.4841999202424,1878.3828982641724,1850.7398152728597,1855.0419621618319,1875.1602004314311,1870.650742183683,1910.3640594003966,1881.5201229660713,1904.0509616584588,1869.1124839978074,1874.534963545214,1852.9206204363093,1876.579348104822,1878.4173895324311,1850.8175226970031,1860.4801491107607,1873.8604109903865,1877.378847920769,1908.4980018294525,1885.9439786685307,1888.5108151663205,1868.0127629910148,1874.2380888233183,1863.63829156386,1877.1278499037574,1876.9267579816294,1851.5343613927685,1853.6782618186828,1870.1331730493823,1871.2553851422701,1911.0284891235578,1883.9675704542808,1887.002565092047,1883.4311448514798,1873.8254287318973,1851.1165787507805,1876.6909542833594,1876.7348079489639,1869.8052502026842,1857.5948651564463,1874.847671004374,1873.6860478210294,1916.3909641747607,1890.2175993935905,1891.0639593039627,1892.8269895113938,1873.1216568000916,1847.9583399921298,1876.8457468184201,1879.6554863770202,1863.8833754509744,1868.362030914108,1876.3300038894681,1872.6316166157849,1915.5895331803156,1879.8254425501436,1897.6546065406949,1915.193676369273,1862.8627490270312,1849.6017060472843,1878.6718879145726,1877.6111708116143,1864.4759811124206,1853.1453871567471,1864.29675487341,1873.7367570889628,1911.1112563224483,1881.5445614091907,1885.3320771741792,1895.7872753535883,1873.434035156818,1849.548431061675,1877.733709146279,1877.655834703764,1851.6152598154042,1855.762634295439,1875.5110163331221,1874.3174377969865,1922.6102148625066,1887.8984795738297,1898.4691942515542,1873.362566092245,1870.7225137706218,1857.332433776681,1876.2393797393925,1878.6133038194898,1850.6898350238873,1861.0768720753567,1862.52103038245,1869.567551916995,1916.881963993649,1887.244043660737,1903.4289080365224,1866.858996989058,1875.2981008060747,1849.6119498179328,1879.052197964147,1878.8189288542285
