state,2014_01,2014_02,2014_03,2014_04,2014_05,2014_06,2014_07,2014_08,2014_09,2014_10,2014_11,2014_12,2015_01,2015_02,2015_03,2015_04,2015_05,2015_06,2015_07,2015_08,2015_09,2015_10,2015_11,2015_12,2016_01,2016_02,2016_03,2016_04,2016_05,2016_06,2016_07,2016_08,2016_09,2016_10,2016_11,2016_12,2017_01,2017_02,2017_03,2017_04,2017_05,2017_06,2017_07,2017_08,2017_09,2017_10,2017_11,2017_12,2018_01,2018_02,2018_03,2018_04,2018_05,2018_06,2018_07,2018_08,2018_09,2018_10,2018_11,2018_12,2019_01,2019_02,2019_03,2019_04,2019_05,2019_06,2019_07,2019_08,2019_09,2019_10,2019_11,2019_12,2020_01,2020_02,2020_03,2020_04,2020_05,2020_06,2020_07,2020_08,2020_09,2020_10,2020_12,2021_01,2021_02,2021_03,2021_04,2021_05,2021_06,2021_07,2021_08,2021_09,2021_10,2021_11,2021_12,2022_01,2022_02,2022_03,2022_04,2022_05,2022_06,2022_07,2022_08,2022_09,2022_10,2022_11,2022_12,2023_01,2023_02,2023_03,2023_04,2023_05,2023_06,2023_07,2023_08,2023_09,2023_10,2023_11,2023_12,2020_11
ANDAMAN & NICOBAR,1856.9078687328847,1876.4937724182128,1876.5883948196624,1869.102798487355,1878.8194085098285,1868.9992999193005,1870.3649012862184,1871.0914716211469,1897.2074561010177,1868.539928660781,1854.0376798578864,1850.9524039895225,1858.508711742277,1876.5525942848897,1876.5717043358889,1874.7610791520244,1876.355120167459,1870.761564732496,1872.659762483464,1867.9489788517312,1870.4677312646,1873.729429582344,1850.6503370048456,1851.1700080427447,1859.0384117130309,1870.214549439512,1876.7030830707936,1892.310665885092,1879.2466452205929,1874.604082388989,1869.59262031676,1870.6313102144936,1886.291226538303,1867.222424935264,1850.6753743387465,1850.221720723113,1858.9605594491627,1876.133029357908,1876.518601928297,1866.6707025355229,1879.9177451486223,1868.0102294817227,1869.372020621798,1866.4478899836013,1877.8464237115072,1862.346384951761,1850.7886814407875,1850.631629045952,1864.3847037604603,1876.083045222619,1877.1162094853053,1866.984397775436,1875.2261116250347,1866.3425064586288,1870.391645973927,1874.567293599673,1870.40728271484,1871.362199221528,1850.6807709387504,1850.5445030376604,1856.884803355455,1877.0669862516988,1876.7826982369315,1868.057565603724,1875.025687630402,1870.046722047472,1869.1766718608783,1868.8352986464563,1883.2512372518515,1875.7963391585763,1850.7567669492155,1850.9250616061065,1857.8973998691904,1876.9559206573203,1876.8541621721945,1867.55258520248,1874.0587139520592,1865.982379212532,1869.674185426465,1867.861158615663,1901.431212538968,1872.828265671276,1850.109214475696,1867.108584644188,1876.326961024112,1871.140835375048,1884.8658337592328,1872.0547075943784,1867.3272556433103,1868.24709403366,1870.8555252103608,1871.1590193064303,1871.8933221142188,1852.4171087362424,1850.8948123294488,1860.058099979616,1876.335702580216,1876.3815607116635,1890.8991399100453,1886.2292379321216,1865.801020238356,1874.3462776321887,1879.5942049867808,1869.5679941230064,1871.2404987041964,1849.7950033546133,1851.376946864888,1860.7050701252624,1876.059738543052,1875.1056180573007,1865.9468390549737,1878.150389216604,1868.53005388474,1869.027583440583,1868.0391532461265,1872.808292772612,1867.77144809082,1860.2365952964965,1851.164718285434,1851.612276298929
ANDHRA PRADESH,1850.075451161588,1874.585410031504,1873.1775945564725,1876.0269940094763,1891.970704468228,1874.6509015552188,1871.189841659601,1884.077669849492,1870.629579855562,1862.991707657436,1855.4746634914404,1859.9971712345296,1851.4067170788228,1874.8171996484648,1874.4539772090443,1875.764975333832,1889.1786200453048,1873.6532363741096,1871.946324821988,1879.085649314149,1867.602676834834,1857.746451469037,1857.772391456081,1861.2462669551849,1851.885184978257,1873.5289146620253,1871.762424243023,1878.4176111079803,1890.4986845870849,1871.8255509800867,1874.036743903681,1883.2237748012872,1868.138265068864,1857.570824801732,1858.6586124288383,1860.828752700584,1851.335974415661,1874.3110434353048,1874.303274307787,1871.1989444651133,1889.3721802377,1871.6988301385609,1871.0968231367808,1886.3469525652367,1872.4047883737355,1856.716764069779,1858.899936263019,1859.658761935991,1852.0907088799472,1869.3942891199183,1875.0452076343213,1870.904200419895,1888.5970914398133,1871.9174120463665,1870.1607587485928,1880.104525085978,1872.026006168229,1857.7616592439592,1859.2196629103616,1858.862487642972,1850.4905636723693,1873.8138605535755,1874.4767707846927,1875.9738025951824,1890.922504262574,1875.5372912328592,1873.2856225750008,1887.0429706641044,1873.36771956146,1856.258445691948,1858.6396559045445,1857.16443465106,1850.7736178841208,1874.931285044658,1874.4552620505988,1874.683353498381,1889.552423930345,1873.1093718418213,1873.15636203868,1889.3248008066128,1870.7664780068787,1857.7549799179176,1860.4702483415167,1855.833624891202,1875.2399769670988,1874.9927133369229,1874.079294687123,1884.7340133279663,1874.690889465866,1874.1668551724824,1882.28554572379,1867.5932255608875,1856.869746471536,1859.667743096369,1861.5232833457287,1851.919680330493,1874.818932612567,1875.1416037587844,1880.0338262389048,1890.543530596136,1872.6740521864624,1870.639725922157,1888.33520703058,1869.005072326564,1860.9441319175544,1859.036571498996,1861.034798563664,1850.9188678880448,1875.2611219270327,1873.389935026339,1871.686847908618,1886.976761537436,1869.2855039245253,1869.983775234982,1881.564723626717,1870.2826570903253,1861.8131144199183,1855.7021717865805,1859.6036999275616,1858.739928233928
ARUNACHAL PRADESH,1873.4232638428928,1849.6020465740744,1869.073572541972,1865.7031928347449,1907.819229371296,1920.067687577681,1922.533401041408,1882.8863897618344,1875.306460136461,1874.641919923663,1874.2267462621296,1873.629649164842,1873.8410315478743,1850.6899625301376,1867.4426805853127,1869.604263545268,1907.6183947364573,1924.290914069228,1918.973584094667,1882.9653830304555,1861.949528974752,1875.892797802392,1874.1349141033568,1873.7044299235429,1872.6352067581447,1849.523719894895,1865.576548656829,1870.3326506333383,1906.1623340912245,1916.2753872836915,1915.1718049221204,1872.26878835184,1863.9181488865315,1875.4495076846429,1875.3499579477725,1873.580362942996,1872.9701819451168,1851.2992610482988,1864.120513361061,1870.078456425368,1913.661763618473,1921.3888949398893,1922.25031635168,1873.184216836754,1862.0187072908009,1875.880971050865,1874.55686082367,1873.024044995088,1872.24711493346,1852.5982751340505,1860.7915643184544,1879.822733983548,1909.264389492276,1917.2783533950496,1922.2943256567023,1873.638017213097,1859.0744401045013,1873.4505282640607,1872.9852046631995,1873.5639678302327,1873.362405932677,1849.77222240614,1866.249738493534,1870.3358821596696,1909.0087805895928,1917.6237211867792,1925.723834490623,1870.4851876571304,1865.0685398000448,1869.6311156399497,1874.3340283630405,1873.0159120899427,1872.22655990414,1850.641628614236,1869.4874243751,1868.3521685761784,1908.3328564221747,1917.8217469962265,1920.58914580721,1869.200139046989,1873.2230470084903,1874.930940430393,1873.541847997404,1872.6649439045227,1851.2428231962056,1864.5579970433475,1869.2190035553488,1913.5908038294465,1921.634051911112,1923.1284637835363,1883.0170225492247,1859.1288317309447,1870.237635652528,1874.549865834435,1873.6765014793727,1873.0088545947008,1849.923087073784,1870.0467724862967,1870.1331752400813,1915.138232187663,1915.6537987604904,1921.006728070432,1870.1724336229183,1866.0382636090524,1874.157430545741,1874.9833626991744,1873.02662108314,1873.0144643438755,1851.010775812961,1864.9699188125123,1869.065126066032,1912.5714783509293,1917.4698597112367,1925.1766683597543,1873.00681994228,1864.9820073108333,1874.0933653951208,1874.8026713461627,1873.310665766652,1873.465219960064
ASSAM,1876.811453647558,1850.1912145155209,1875.173311281736,1872.512607659116,1915.675411086989,1921.548091139496,1920.8753003363693,1882.8527438324093,1870.971470256622,1871.7602638707613,1878.735464339824,1877.2589489666864,1875.9322471163912,1851.342487713112,1870.0955422060088,1870.141964445636,1911.655915896576,1918.3333766634648,1919.8448785804103,1874.654361024356,1867.8949873655213,1871.6727716171988,1879.000535901166,1876.035194128123,1876.1218854926828,1850.8594655119737,1872.3552560617727,1871.7779764297773,1915.7621019362543,1917.526199531816,1915.679837847896,1871.7576857422105,1867.1968355201896,1870.915591472127,1879.0990500877133,1877.8749535229128,1877.6380462814643,1851.3376664088864,1874.392131397829,1872.516616349555,1914.8277717496635,1918.9223238063803,1924.1179400515744,1868.3825814052584,1869.332060825216,1874.18911854848,1879.003256324062,1877.6532740625312,1875.3236594404848,1851.2572593781767,1871.159372913612,1876.9850840514007,1914.84022083357,1916.296012369133,1926.9158666375413,1867.999109538327,1863.8342496340715,1874.0833593235727,1877.9596867724863,1876.7586156890368,1872.8104104402,1849.7052951324831,1873.86610012914,1867.016107115384,1915.32181672974,1920.2768431046184,1923.6571417579585,1868.7259005764463,1869.038959178772,1860.94153005986,1878.219215792604,1875.0839914865585,1868.554952650148,1850.980810504382,1873.0161248736256,1869.0250110628008,1906.659774572198,1918.4126417699383,1917.4023235789125,1877.1624034701683,1871.7137545067487,1868.3808774480383,1877.116696565492,1875.624363518123,1851.748246862857,1871.9696084903828,1874.3161322379465,1914.564636223524,1916.385185038553,1917.2549571481725,1875.426303304082,1862.3730279810927,1862.8839517384847,1878.916043410143,1877.06793680174,1876.1367387700925,1851.1706875402936,1875.350171394327,1867.5644229084653,1917.866900706849,1923.6604009738187,1922.3454796795545,1869.968038314249,1864.08489793812,1860.048363461843,1879.4790765049147,1879.0997020591635,1876.760227557683,1851.018428816492,1872.7326615412137,1873.0220984490195,1915.722876165802,1917.2429947883224,1917.1808699890933,1871.4084868906289,1870.7233986597528,1869.437242064375,1878.654570413911,1876.6164771106369,1878.406937623517
BIHAR,1871.429686172126,1851.7074636551563,1874.7164712191595,1873.8582170353184,1912.139653189089,1908.308252527044,1925.3377833793024,1883.7946539653665,1868.029482680921,1871.4053931745696,1877.416074527936,1874.5060490215103,1874.880827740744,1851.6960601266849,1875.41502330188,1871.4563281455248,1919.5702642059773,1913.794667559343,1923.913281507225,1875.428264131168,1870.3595953512013,1866.684829297909,1878.0179752632705,1878.685962652128,1876.8706548758948,1851.6850916135245,1875.1570333534512,1872.6574393465169,1918.6297149433565,1915.7553312704104,1923.3122345851928,1885.5242794272665,1871.9650868047893,1870.15762365016,1876.267800210928,1876.0074304190025,1872.4660496001104,1852.7473751320767,1874.6295905669297,1873.3504262019644,1916.9012814805303,1914.0190931698828,1923.2695470302945,1871.1976386299184,1867.1226477115465,1873.0883897122976,1875.8982194597409,1878.623161749081,1869.9197899734977,1850.8487761607312,1872.127490416809,1874.153564444244,1916.0513265424152,1913.863319837633,1921.5639414135867,1868.1239741457684,1869.606925352532,1864.3702415770229,1877.7005330467696,1879.684290705599,1876.3362500385845,1851.7872360532897,1873.96455831954,1870.3015238631224,1915.2557273728933,1912.8313661239008,1922.9730777511609,1876.8335024224384,1872.1276719020343,1864.701178275952,1876.2275832292755,1876.1078044023848,1871.7858435884807,1853.043041661709,1873.286981245512,1868.7941939219213,1909.3208323535416,1909.860854378366,1921.504660690691,1873.437566232036,1861.4041772804817,1866.639424620184,1877.3791696153264,1876.36958925336,1850.942997935775,1874.2662214425663,1871.8225086030068,1916.00529983714,1916.9208954809155,1925.5267887908624,1870.7475575289425,1865.521914862302,1870.1901153628924,1876.145428162285,1879.1810855872336,1872.8972602210747,1850.795684891472,1875.3405505244727,1873.8923411468752,1920.6653592469409,1911.9279063291017,1919.663001739972,1869.3573786793504,1862.5019630204176,1871.067310701277,1876.2526197111083,1879.6377785632253,1871.141289003696,1851.878751882728,1869.2943378781024,1873.0522284119093,1915.5776405877136,1905.921582681968,1923.7722856444504,1870.8183995142963,1865.931100566277,1863.630956444837,1877.3009903143795,1878.6273409767707,1877.8756125219447
CHANDIGARH,1874.9999176697625,1850.213211239933,1855.747524640449,1878.23220033344,1977.8198171608176,1904.657533865936,1917.48983129896,1880.4011878523936,1850.0291669180924,1874.745116725235,1879.89657170032,1880.8004145300845,1874.1712630755128,1850.8173586253945,1856.59502814958,1877.4127919486823,1949.4133495178808,1901.2293557961225,1907.188740153316,1878.8615320188137,1879.9471286264209,1876.633058866486,1882.1485236415,1879.748929342415,1879.8810903634976,1849.70391236864,1856.888447348552,1876.8050818113768,1935.702821587178,1920.938334894502,1917.0715032160592,1879.7887036494028,1857.4558401525824,1876.638059727622,1875.8233622987707,1879.244346966896,1875.697465205081,1850.580139578209,1858.9313987081773,1877.296158228228,1928.226636606294,1907.387717042038,1918.040950841384,1841.491460321535,1856.4699474985443,1876.703823624734,1882.2265920298548,1878.944521076128,1877.19304632667,1852.1988376011657,1869.162703515388,1879.771401809724,1874.0949877417656,1902.222593954614,1917.717437886916,1833.1057825401,1879.9598010029763,1875.943004423702,1882.040472648715,1875.988893990484,1876.889985202764,,1879.7475227578657,1877.828872049521,1955.6332104355308,1932.8332863106723,1935.0058113497955,1834.189370860996,1847.0043863022368,1876.1546094195253,1873.8940220557809,1875.7830287149127,1873.128346310129,1849.702033618745,1857.1815270281245,1851.9346196501024,1975.4272909905003,1931.1726411447069,1920.320557703439,1881.349698720336,1849.931935721591,1876.135044427385,1879.8137089717493,1877.217970789222,1849.754269050636,1856.898355110953,1877.348878702225,1910.1679918032523,1914.32907512392,1914.0434803395667,1880.062264920972,1871.9597454015016,1849.9550874609768,1882.5640999290129,1879.3918618989128,1875.68480766299,1849.867241844007,1856.5537079650453,1877.1514501540807,1937.9971473235191,,1881.8727473785848,1879.76535249386,1857.472193421599,1876.3009556685768,1882.8326924900084,1878.879105661248,,,,,,,,,,,,,1872.76972562416
CHHATTISGARH,1858.52475461266,1861.0135149550504,1871.0366511628663,1870.6594784598065,1913.9225946173592,1887.368347641538,1888.322324597645,1878.7059147180253,1874.7176163130923,1851.6338553199785,1877.5522435483456,1874.6567899655165,1853.6338335518128,1864.338963625457,1874.341175821998,1872.4398080600977,1905.982017453208,1888.4257104344624,1895.221472949884,1891.515029521213,1872.99886892782,1853.1291963623464,1875.6890124666536,1877.22486905122,1861.8622902906416,1857.09633488576,1872.46401318068,1875.863216987172,1903.4724668140589,1885.127628864596,1903.745713704432,1891.141536355265,1873.8673298348613,1850.6117643000248,1876.4695250061973,1877.745133523625,1858.8282780968475,1860.75452807438,1873.9118027905645,1874.4145255761368,1904.9577038019315,1888.494991186717,1887.891996109773,1891.3019062881085,1870.4081660589368,1854.221358927977,1877.186559898124,1877.8817928136248,1855.6665396087287,1862.1501227030208,1873.8741785720576,1869.705350469536,1908.320299873624,1882.342814694856,1883.775075865795,1887.2630889470247,1867.4201151839163,1851.1958228227863,1875.7965755633147,1878.8127567207853,1859.65628064294,1859.7688939921047,1873.5083490841,1870.1565667831844,1909.641034623979,1884.7993754370616,1891.721759906138,1875.0199615224208,1871.9414835100115,1856.7111050299368,1876.30003134712,1879.111194435743,1856.077243715682,1862.3247111652863,1874.9570453265903,1871.3855873077723,1913.3942196113608,1880.483443974202,1894.3765705802205,1876.2825511354613,1868.017442292428,1854.559172637188,1877.0026562430687,1852.718856801637,1864.858217998311,1872.395521178699,1873.320373688016,1909.5098740812743,1886.0236568515088,1889.892205881796,1875.2685644059416,1873.6351122924068,1852.213089741248,1877.01857800892,1878.97258401872,1860.512956877713,1858.1297661887943,1874.46737346408,1873.9272497165111,1913.908818487309,1883.7359428314871,1893.148506525535,1899.428433155458,1872.3426178430743,1850.93649558572,1877.097275456388,1877.8084590395515,1858.2203921455573,1861.7121833808324,1868.808346294636,1869.252422080556,1909.0848320443097,1885.779203273116,1900.0722678304649,1886.3600728106128,1873.863380455391,1852.3264751315303,1876.7949492180528,1876.2415342185943,1878.539024141188
DADRA NAGAR HAVELI DAMAN DIU,1850.797506971398,1857.752039491532,1874.792309455613,1868.619838796341,1893.1363480159027,1891.8848422156416,1885.8217007218395,1917.5542713099608,1874.3579609123224,1850.09443860128,1876.7249683673133,1876.8556625425072,1850.3567196372112,1878.6881332132848,1875.3769710423296,1864.3041659757816,1903.1924199045848,1893.111268128762,1885.0203080460487,1903.390808622556,1874.4597566539903,1851.021038208936,1882.3607950365688,1876.482979161838,1849.770883239249,1872.1069742398345,1875.30325608722,1875.547731416259,1917.9033075922584,1887.163283665008,1900.6695186767893,,1873.2267426759456,1850.4859234790035,1876.671389693568,1876.6509546437449,1849.6637434553213,1874.4263050706,1874.977854456428,1874.7428575649049,1914.6026230675564,1886.292648482225,1883.6288918297296,1919.7576196914133,1874.379959515596,1856.626103089888,1877.001940234732,1879.245647736324,1857.368969504853,1858.1041610378256,1875.1841757524728,1863.628638120784,1907.3722233245712,1881.60558280217,,1865.950919336924,1875.458397779645,1849.5961445022388,1876.686159814022,1873.3589478160773,1850.071340474096,1858.3576192089083,1875.7110772717813,1876.0773707146395,1900.3260635853333,1892.590394894557,1882.886671007413,1863.2857303125843,1874.1587165351973,1852.1871280049963,1882.823531989688,1880.058588685868,1849.8496098127328,1859.223643095552,1875.080016518919,1870.320228053995,1895.2092661678803,1896.127914889846,1878.44809501878,1898.3914976293736,1867.101006935648,1850.2274631231544,1875.060212455332,1849.8792769253669,1867.973527126128,1875.6322872795247,1872.278050263828,1926.3804102235408,1891.1445287764748,1892.613731098633,1866.1155535180203,1865.03617582086,1850.5689908872776,1876.727781446037,1876.797960319004,1850.1661069563727,1872.468477140913,1876.04012637226,1875.7474753279307,1913.377002464981,1886.236185848744,1890.6920682771088,1906.468135270169,1872.3145465532773,1850.3145184887808,1876.685388255139,1876.878850541268,1850.6766392694703,1875.112712422049,1875.1112904597496,1874.5912801458671,1918.2217498940456,1888.378402422172,,1872.1436056191187,1874.9231278520065,1852.7616195425423,1876.6780656101623,1876.586943368945,1877.1747975377564
DELHI,1874.321982821986,1852.8479921457968,1878.9681345830995,1869.286373577268,1909.689245835713,1920.498352295024,1923.798247424901,1873.6166448063043,1865.486713850772,1879.9202238573816,1879.2221862540569,1878.6584794300368,1874.6451168322044,1855.940369936506,1865.0681802014244,1866.545025000681,1905.447574794172,1918.774013729214,1925.14013341652,1876.5307982187287,1864.7053036241248,1879.30184824165,1878.2527402245648,1877.538530278916,1875.5009264396635,1854.6145231118487,1862.9999995727944,1875.9986387429003,1907.9346828342912,1921.6455304856108,1925.419555291391,1873.5764049529737,1862.94796116691,1878.982712553296,1877.9759854590704,1876.945044982584,1876.495161173284,1853.7195698036608,1867.990970560247,1876.57935717367,1913.0376217642315,1927.9604629645348,1925.8202356563727,1870.731708854648,1856.967096024308,1867.9272220653024,1877.539098544905,1876.768342844319,1876.011557450273,1855.389516726687,1873.670109779148,1868.8932268561089,1899.551936780873,1924.682539505122,1922.2975084604263,1874.9395707862543,1877.7682551403448,1878.162266464845,1878.977086054308,1875.591405114152,1875.2583463482715,1853.036666911756,1868.647617754333,1876.4767359218083,1905.5948041944832,1913.9226119574048,1924.033429396505,1875.2222373839425,1867.375307396564,1877.3523540676144,1878.634471902775,1875.770184400742,1874.939188682598,1855.653574528364,1863.8031994924504,1873.971184554911,1918.8779714408668,1916.6004797037392,1925.5649090169804,1872.715820090548,1863.0478274203203,1879.26390171927,1876.7257466532164,1875.84471151186,1855.122137613024,1861.293349298877,1867.3682842631167,1910.114657074256,1912.0333201076453,1928.1335195812185,1879.275017878596,1861.943216756127,1877.1522989309783,1879.2494611029783,1875.431162707801,1874.979838269116,1857.6607875865448,1868.979268037209,1870.4043559838456,1908.4455655529184,1918.8064554363573,1925.1678133193248,1875.1818918690087,1859.05681272539,1877.826053583265,1879.3750281801376,1876.2576290475868,1875.0006492503912,1856.227438114044,1872.383584590796,1873.903809627241,1909.630988118021,1927.415177913012,1920.9978328703744,1864.4819433745413,1864.1002995388,1867.8021886880035,1879.293973152611,1876.1149339171031,1876.4338242147053
GOA,1851.851722370528,1873.7950554587223,1873.769639210528,1861.497526444056,1885.917660263177,1871.949449990234,1867.1268475435247,1868.1085652732493,1871.15593459318,1870.8035462763933,1850.7457410923016,1863.9390501422645,1847.907576030703,1873.554724103096,1872.845822672912,1872.906602369311,1885.015873884737,1866.572833933144,1867.911334921553,1868.1894691243465,1873.9814095731224,1850.9940328301368,1850.8901575783352,1862.514475193595,1852.805649372743,1874.6499437567184,1876.1687527002616,1874.496755991376,1887.455835881212,1866.7184865659444,1870.426464623413,1866.7930601243609,1869.96745833617,1849.861686744476,1854.086888412104,1862.301286162728,1852.6169971147783,1876.9476484084423,1873.2572250774303,1877.8099282823696,1883.1742013864207,1862.6327660386728,1867.9947753432068,1871.0467491988693,1869.2196943711072,1846.0381042411248,1860.972842509553,1861.7435719986809,1852.2002679054865,1875.7525772773392,1873.342608645278,1866.0885634531064,1879.186639864036,1877.682896767004,,1924.71477208647,1875.8664460116545,1865.522389356764,1861.6196128462004,1856.8322270660428,1852.6147133950192,1873.901100731829,1872.923778191892,1865.3639751724947,1886.168696264138,1880.945083782434,1865.7719236676144,1925.4918670973093,,1861.0299347717269,1850.6613115202424,1853.7767998003344,1852.9691196415984,1872.8027252813747,1873.784287874848,1863.235018757,1871.0373830156143,1870.250659874553,,1922.525163996308,1868.6453028066665,1861.012283559965,1862.6726659097849,1852.6207815144028,1876.8272412689007,1873.9139806830465,1872.558036343076,1879.0878493562896,1867.7751998258325,1865.593235189106,1865.6809935569693,1871.9469421116348,1852.2059569634423,1848.8051127596527,1862.675613343662,1852.2114722260728,1875.0581346991405,1871.62802984188,1878.2012132802613,1886.2973605301004,1871.8686336160108,,1865.28765374137,1871.6845014519783,1858.5272142259453,1857.8549456370567,1860.8956321823905,1850.9246713284667,1879.0835729502885,1875.7797565577296,1877.9769806207653,1883.045328860098,1865.867792186456,1865.5558713756188,1870.1054049507788,1866.5537647982053,1873.2447921660355,1862.3895330807345,1862.7658325665525,1851.39045242807
GUJARAT,1865.849800806712,1856.6803634274163,1874.1984171284328,1873.1967334684605,1907.697328811892,1892.265856394272,1892.8300461804151,1879.127672820514,1874.6642899365584,1853.2904640410245,1876.6254953575665,1876.1727104740744,1856.480608547228,1853.9216303666296,1873.7726759625084,1872.4049167835365,1906.3837133210927,1889.0837438293383,1889.3997636762288,1874.205345106438,1874.079922770261,1851.366185630937,1876.1525672782689,1876.1169908057584,1863.4794908540705,1856.077051892332,1875.6685835430271,1874.419131265092,1909.931360425037,1890.470109685593,1906.70436579523,1881.562794476208,1874.5108304489108,1854.1982861107133,1875.859268219108,1875.971664523072,1860.3978557467813,1858.895238916637,1874.8510622751228,1883.740800612499,1909.016513171993,1888.847492867972,1891.2243655119469,1888.5946897202111,1874.845797374028,1855.257588822644,1875.81839105449,1877.2652366059704,1864.10284951439,1857.158120724857,1874.5897438042305,1876.967678442248,1903.0640225095308,1888.708242232098,1894.8359984347885,1890.3136768841896,1874.0065644825056,1855.1859252588808,1875.8108584632275,1875.5357731273807,1866.046298795292,1855.748295377204,1872.972322941777,1878.326094954844,1902.9787839383823,1892.560767683021,1897.069686843304,1877.850457779496,1869.892897804806,1854.5604967014856,1876.1536992953097,1878.2584789513312,1861.838695069938,1856.5651868507184,1868.2908345109204,1873.707229575909,1903.3807858063208,1890.1384649840588,1902.1484234716872,1894.423016296873,1872.9912841865369,1859.3215501512784,1876.3236041217613,1856.1452241405884,1853.8629709180195,1875.803119784881,1876.6112339408653,1920.8297501370969,1887.718796805211,1892.1187977780007,1880.592543956942,1870.9096933757965,1851.6459963342224,1876.091653734774,1877.055766690225,1863.881472110332,1856.0982210605143,1873.7753914735788,1882.11014691018,1908.9700974416223,1891.2242757525264,1913.67049054163,1888.2975428792165,1874.4774128807471,1856.252436923089,1875.824797365827,1876.407634581005,1858.515407702458,1859.5098173685385,1874.49268161572,1872.868735241354,1906.542828259553,1890.665462559064,1892.5535079120864,1874.0232774824788,1872.5516392219083,1855.369897795175,1875.54516656046,1876.431893766495,1875.8207151977565
HARYANA,1873.3204140399912,1848.444050607936,1865.4971073797428,1877.774995466904,1918.9824008097503,1908.4418722568987,1921.99841925818,1874.5787705509947,1853.331609159917,1875.3353230751773,1876.0794535266568,1876.4183102861807,1873.572634017916,1849.2037246894467,1863.557115187104,1880.5418470886684,1907.9834832826168,1913.780606180111,1921.397542218746,1868.754658647525,1867.47118832546,1875.936432333075,1876.24186881814,1876.982657751594,1876.637559385696,1849.0915869266016,1863.87714261343,1869.8276623604104,1914.9692883872224,1910.9456724853533,1924.9561305202792,1871.1189025128515,1863.183457097504,1875.2431491427333,1875.3313860267417,1877.416522774366,1874.0502277994624,1849.11952563697,1866.579439692362,1878.9992502427376,1911.701785706932,1916.005879617179,1924.2356422098148,1867.7932222344325,1857.536148956923,1875.6949340605893,1877.445926376092,1877.989386496024,1875.8272541011968,1848.7788770779696,1865.97493762006,1875.4009461364933,1934.8964154194948,1912.3469729780768,1922.1821049922323,1869.988481155092,1875.1262018714383,1875.694589317147,1875.983031968148,1875.7133315281312,1874.266957019628,1848.2272300167303,1869.8786040984623,1875.402747249828,1907.8574515668984,1910.728048581197,1924.4250860994432,1870.8007659199627,1855.8588700866835,1875.579650927872,1875.6308664330425,1875.028059190901,1873.403393164622,1849.561793422869,1857.9584862664592,1870.149636141396,1918.169431235268,1917.508414742692,1922.5268868504168,1869.240474300116,1852.600506844197,1875.791680874948,1878.0955914539136,1873.073147859712,1848.9530638292547,1861.9844670326845,1874.5872420219223,1909.738569770724,1917.4110012128176,1926.5891911438853,1868.5130148191863,1867.710295708068,1872.088495963796,1876.7565715628232,1879.020151849776,1872.0858245213408,1849.663665749833,1864.5327882972103,1883.5066558211104,1912.716930101911,1911.0355611923817,1915.4790916489408,1872.639923001745,1861.5592887303444,1874.552402376649,1876.4720427627176,1878.6296499317768,1873.5842428006256,1849.499896659904,1864.5705266878035,1876.4756347156456,1911.17745543076,1923.44858263178,1919.7649724581952,1867.02080334066,1856.2545821850103,1875.533490192968,1876.4237087925885,1877.199986728932,1878.706300994944
HIMACHAL PRADESH,1869.6319951192208,1849.8826056265648,1855.276846952627,1870.091092388309,1956.6178396724745,1910.308585866304,1905.304490313409,1872.4950685785627,1850.4250758277403,1872.68366704426,1873.578686202833,1872.338881788092,1869.2578715771272,1850.0063502460537,1855.7334545473168,1869.3236991324425,1910.2931378690405,1909.5657652185653,1908.860937270245,1869.4766875255984,1858.392308292861,1872.174272225352,1871.84504907067,1871.6018298613187,1871.73479324785,1851.524352017609,1854.1611067568308,1865.0396723965696,1943.041540816472,1913.301348122388,1911.2024672887503,1874.079121816062,1851.4827519851567,1873.4580933485463,1873.612802419225,1872.8063896340896,1869.7579175715043,1849.137274947184,1854.3727284748388,1870.1061287380576,1954.700489591872,1911.386573202772,1904.877329331103,1868.418881981975,1853.3568723557005,1873.6241518070285,1872.4853201740195,1872.2093148022127,1869.9897062007128,1855.7314965237213,1855.4452965241435,1867.4913013910275,1916.853106326325,1913.5503332165783,1910.774371147736,1868.7542330830324,1862.058576483021,1872.0247452969184,1872.5835879983465,1871.71724159796,1869.1867614844264,1853.0265599654847,1858.2612180082929,1872.4820506530964,1940.019979136888,1912.6687062963745,1908.627898348864,1865.1157416205224,1851.4888916036068,1873.005257797876,1871.185233546952,1871.8165761549708,1869.1371343108444,1862.309062847768,1854.8923142874444,1868.5502245386624,1959.754517867891,1914.127565905262,1906.51108160892,1868.9799883492603,1850.9133096477976,1873.172301471637,1871.3564115321951,1870.0220157498773,1854.985675351936,1858.3929371027127,1867.8175076556256,1916.4521101747948,1914.258110628852,1907.8843103410964,1868.913552067478,1852.3261888001905,1866.259310296274,1872.755832516668,1872.226813271224,1871.03318950305,1850.560991730908,1854.2352547919568,1873.591689969377,1956.6143250542243,1908.6445507871729,1903.982723578546,1873.8217655456224,1854.613405242867,1872.6843247633687,1872.815945886016,1871.9865542146608,1869.9331695333376,1850.1639717642047,1855.0997498061624,1872.112951055316,1951.800337031264,1918.9448111946656,1905.5689175871764,1867.3124473378568,1853.307831672519,1872.165584957236,1873.2499840803905,1871.260276034908,1871.307674922975
JAMMU AND KASHMIR,1873.375580660572,1854.3165118513737,1855.1750232519528,1869.5667716764333,1914.86127320924,1902.376153976704,1914.9721500317376,1870.81247678056,1855.2519305106207,1877.1752906382296,1876.179877968341,1874.869059645204,1874.33649324816,1861.590432396366,1858.1498113603416,1877.349165786895,1887.1670807147343,1905.996461923844,1904.7444741747177,1868.731038668531,1857.681389843524,1877.0712585351407,1874.83067931441,1875.1232955355129,1873.690416383084,1868.6694008506736,1857.4503185967208,1872.272747992519,1912.240685942588,1912.0664329667368,1906.9039386235663,1872.139852198633,1854.0606939200304,1877.8948854777573,1877.4674555838023,1875.725004561099,1873.336661264084,1865.79767048678,1856.325168797833,1870.8304325209408,1920.694757676232,1901.298905763039,1905.507081460942,1869.4089207487189,1854.874279318927,1877.6759768236689,1876.2513219455143,1874.230257533224,1874.161801326403,1864.644830037182,1857.333741073489,1874.6724529012367,1949.827626134914,1909.0033562970136,1900.2864068266656,1871.2381695550848,1857.882931033072,1876.591624095989,1875.8987579573045,1873.591646125892,1872.953234147098,1858.4297090094565,1857.7850832907727,1872.9567152810064,1895.4023063395848,1907.961839526536,1914.596554678635,1874.5959752330912,1854.6208506989587,1877.3048615997604,1874.221741596669,1877.77025242802,1873.6271712329644,1856.5771200516608,1854.8341409352608,1867.60738570782,1916.371869258609,1905.1692420582988,1912.771322729911,1866.8391799112533,1856.340268401228,1878.000234311276,1873.7645896515244,1874.08742865816,1869.4677233822813,1855.422037726081,1863.8880452810763,1896.245103869016,1902.0778061496376,1905.1934013991845,1863.8841369921715,1855.4443153507143,1877.6515391984176,1875.7959387664384,1875.170136044401,1874.968171139884,1868.9211460349563,1855.8740057835607,1871.5350682218527,1915.9266318043103,1906.5539403134487,1905.5807030925453,1877.6800574891029,1859.4273312558507,1876.716957773508,1874.807753265445,1874.8290567322167,1873.2640394840064,1866.3182556149693,1857.048534194904,1867.1064483801888,1929.2039939066733,1903.493941102083,1904.9068523638311,1873.918224392232,1855.2510985170045,1877.923695410441,1875.3072667547472,1873.9433880183567,1876.312962648504
JHARKHAND,1865.4610558280428,1853.6610955764588,1870.5913407121595,1869.368904044229,1904.957426307128,1893.0901404824283,1914.6892158101136,1875.8694340583888,1873.114404640681,1856.46185542877,1877.433259641266,1877.8319949625889,1875.1260137277943,1852.7373965872955,1874.479114967702,1870.8495286139728,1919.129572117917,1893.8126958016176,1921.483086260968,1881.7297268778243,1873.0856532961536,1855.5312679574345,1877.865535886176,1879.864819353016,1870.8669974164663,1854.3382609079783,1874.318979266261,1872.8239211137725,1915.347680886629,1891.7512750037624,1909.971396516372,1878.420395591476,1873.904289873956,1861.930301916797,1876.7038981536507,1878.2601960559264,1863.334987405217,1854.576126059596,1872.046254119372,1874.9923727765524,1904.449390361105,1893.168337917548,1897.517359921548,1873.6094920644257,1870.691711192604,1862.9860396949616,1876.654761140141,1879.3539153236247,1863.137290033523,1853.101275833582,1870.5663479697564,1871.879414055962,1911.0883887378989,1892.892376403415,1901.148038501785,1874.8905393824523,1873.0992920826868,1855.3679645439845,1876.7388700652364,1878.417824673604,1868.0230279612183,1854.439178386636,1873.1751275771617,1873.8248306669464,1912.653102066021,1892.3144744142685,1904.6433094488589,1877.120626079101,1872.841182154072,1854.9551770057976,1877.175481788218,1876.8970154533,1865.4859680432244,1857.514331872131,1874.9885536618287,1868.5286504358064,1904.95558981388,1889.5307107621409,1916.318933702763,1897.2582966042,1866.7679784470715,1852.948301412862,1878.5321064352968,1875.6728961679592,1853.1440944474296,1870.6177144473893,1869.1469332561928,1917.6759022019987,1893.86570105637,1919.9549161482955,1889.6912415326165,1868.101161464272,1858.152434349233,1878.3488825643783,1879.153006176698,1867.1484080919568,1853.913733463051,1871.306150477624,1872.880130140539,1920.16131945688,1894.9600392866416,1911.2664296430207,1872.9118470076648,1868.305781402258,1863.0722926259136,1876.457078573144,1878.6447596595883,1863.4360828884687,1853.3349845175728,1868.8111316583847,1872.2994770066389,1911.0615098624128,1893.374757523627,1914.323419753756,1870.308704551232,1874.939397366534,1851.780784486593,1877.776624307716,1879.4754189585665,1877.7696797547512
KARNATAKA,1850.9876043220445,1874.2375579198035,1874.4065166217044,1875.9690887977,1883.085401222051,1871.1948011866857,1871.0490214088,1880.115315246659,1869.401508283571,1866.9143262391133,1853.6758511419048,1856.919100782196,1851.8333257736776,1874.2860398062096,1873.8671313398845,1870.408096303552,1885.823538745136,1871.8505143797383,1870.8332857002792,1880.753107588613,1870.5028848358047,1861.9748757362368,1855.091355886246,1856.6468482125483,1853.4048001421309,1873.785456361534,1873.248651612513,1873.410551557561,1884.50562888604,1872.618527076756,1870.7195022445053,1877.6098619294253,1870.1079131797308,1863.8580175349207,1854.556119950206,1855.967682359156,1851.9056178523024,1871.4419156607391,1874.619533331872,1876.3846318216056,1890.314376887325,1872.7273968887705,1872.301142144024,1877.3729960168585,1869.528703304157,1860.602955503092,1854.2691672012013,1856.783755832636,1852.191142047456,1873.801021848336,1874.9290015031493,1871.6695762162155,1884.678576751128,1874.3355584644744,1870.526102313382,1875.6944345939896,1870.9137639686576,1862.3509720932689,1853.933388875521,1855.5452786096128,1852.46529273431,1874.993722494448,1873.70850923466,1874.3630396765464,1887.2006564252747,1871.2008118235449,1870.028650865848,1882.3262770657889,1866.3602857768865,1867.746580420458,1853.162252477092,1856.2976865281964,1851.528272201393,1875.222083832,1874.8606988909416,1874.26984213865,1887.659626901304,1871.06030771402,1871.1364037363537,1869.7518437491383,1876.917721204897,1866.4432223719807,1857.106263370254,1852.2361118437525,1874.3568076504696,1874.1550104894432,1870.5845223685503,1885.481680408747,1874.251010730865,1870.548237721602,1883.733046977516,1870.4398145354585,1861.660269644384,1853.750876877777,1856.6307587810463,1853.014790158301,1875.4552317230225,1873.2025424792384,1876.1045992130112,1884.3548118260376,1873.5062161386847,1871.6255912839724,1888.4609628919347,1871.3159626156323,1865.9025912969173,1854.2724699947912,1855.7926507926315,1851.5165912244545,1874.50087425357,1873.978569117796,1876.9398612798084,1888.3655938779152,1870.601931885796,1869.0239558248272,1875.6594379189696,1868.4787371157845,1865.914977587154,1855.1971883387048,1856.7123932608824,1854.502885986352
KERALA,1863.5871292009424,1875.4474283186,1869.2866234255928,1870.7408717334904,1867.322375363672,1864.5344160976977,1863.488052344252,1875.0183812149687,1875.939997006218,1872.216700473245,1852.49558138523,1850.9800621154843,1867.656560181485,1875.936210998703,1873.865796633764,1868.7236854555767,1867.549088439357,1864.837257733584,1872.489384854171,1872.540363952267,1870.6551623559924,1869.6468770460235,1851.3201529532964,1850.5755591568152,1868.127771587596,1874.5007596509824,1874.9133526436765,1869.6913270450536,1865.5262113268625,1870.81421212444,1864.3540793051384,1867.9403759331888,1869.1655636533333,1874.8591086438907,1852.7810464137303,1850.9831388516384,1853.134315550573,1874.582043021199,1874.9979767752416,1870.7824491716908,1870.3069509231395,1865.406024916664,1868.9910857563764,1866.912752316898,1878.5149141053323,1864.705051008852,1852.0431080476144,1850.0646535161973,1853.854539596756,1875.735836997708,1870.8554222361995,1868.48270865914,1873.267740952664,1873.8639674241656,1870.361684690807,1867.8863918682457,1873.1594122868444,1867.9974074100344,1852.202666146973,1850.1103879825423,1863.824874682861,1871.976391688843,1874.6169185888111,1869.6493996605109,1870.8544869805503,1869.6737882665464,1863.8528265063264,1873.4960236046293,1876.1479231427927,1875.371595251955,1851.8251720931269,1850.1812349957297,1866.3609592204773,1876.195993900296,1875.6650335942163,1868.7500341380387,1868.65548425361,1867.16265155484,1868.203745867306,1871.504112214942,1873.7331286736403,1871.6756190897977,1850.977833354556,1863.6149753288728,1875.2455693543827,1873.323387901112,1869.3904884330595,1867.4022515087524,1868.2623547279784,1869.1911136107487,1870.869252362444,1871.3707201517925,1868.1611603315137,1851.413422160618,1851.01135754836,1868.687068907379,1876.055067447432,1875.2016891594533,1866.0598665455807,1867.8196894147816,1870.8929226763464,1868.357716325209,1867.8988089255247,1882.722385607659,1875.212420379925,1852.4058666036528,1849.3396807149832,1853.006172926652,1873.2297613819885,1873.8962099359924,1870.1912670904885,1870.937417078916,1872.100900724544,1874.2203754872069,1866.0610197661847,1879.6307079106853,1870.1374926101344,1853.040997382103,1849.890145665625,1851.3277757691344
LADAKH,1869.5359375990288,1859.2400620614624,,1857.560311120808,1913.896816382508,1915.3535438098068,1917.8834274996448,1865.5369202457248,1857.899869147431,1871.4598231686589,1871.158510936173,1870.181599984349,1869.5186667891223,1861.105470620556,1850.749769380437,1863.0335421930424,1885.180218146438,1916.842272993562,1906.480479896179,1866.1706580906107,1852.3649423520365,1871.366860035018,1871.1197247099767,1870.6661302535065,1869.359116582374,1862.1488724873857,1850.3794999471872,1860.2190247130184,1891.4306032477505,1917.6365223973469,1916.980040876669,1866.0777769074427,1853.5899682422007,1872.0537241651407,1871.5547278452475,1870.503443141044,1869.1827246787288,1861.9170440345856,1849.9124366850344,1859.030798026944,1905.0063283856616,1918.4374962892227,1905.651655926512,1865.3752914779936,1857.3657679885043,1871.7782063436423,1871.1662445650568,1870.045345040573,1869.4954855931835,1864.951335920572,1850.613366553192,1861.726147480216,1896.3025007236065,1921.0827711400489,1902.393045432479,1866.5901588174968,1856.213539969288,1870.3444747400297,1871.0298453052385,1870.0850990243416,1869.3070403739475,1863.1008789584469,1849.2991446934384,1857.823813183157,1899.920979280256,1920.4011866719432,1925.6279929624,1867.682370209744,1855.579026026498,1871.008749242603,1871.2440197818385,1870.187563027372,1869.4457036246536,1866.087338837708,1849.5469750099671,1860.651607453874,1913.157512930913,1913.8443749771448,1915.2578567290104,1867.8639682923583,1860.2388131409507,1872.019516596532,1870.2544502042365,1869.481722218188,1865.882881637095,1851.1653060132423,1858.7351220164755,1890.029576468176,1918.9324896758087,1911.1478885745737,1863.6781299831853,1851.5069077936555,1872.0440846303768,1870.9792990757053,1870.439886046586,1869.441015469348,1862.947611266116,1849.3173928600345,1860.95878329712,1895.265773004917,1920.1338391585464,1910.7958191439304,1864.6359089501912,1854.594268173337,1871.069407341332,1871.1390479304016,1870.2427606660528,1869.4925096374384,1863.6429044159504,1849.9700796595944,1864.8700124262823,1906.711682575311,1915.134871917152,1901.8692145894288,1868.62418030352,1858.3995326651427,1870.8987443824856,1871.0640933142552,1870.2641178547983,1870.816819397824
LAKSHADWEEP,1871.139383664367,1879.6999589382533,1870.734501401959,1867.75868277129,1871.962161243184,1867.649741185254,1866.1720338659816,1880.9198227948216,1866.921198619337,1865.5211471604257,1860.452090230225,1850.458513353395,1863.212882221069,1877.9353713380333,1878.212139428324,1871.521323760533,1864.9842313868407,1871.5735170770847,1878.1200321693616,1869.397553775256,1886.224461355048,1874.7383991840893,1851.823593988032,1849.719439460848,1863.89317461752,1877.541867119976,1874.1929400148729,1867.137077894992,1866.59139083892,1873.209170862683,1862.2789979126992,1867.14773822,1886.3101502558368,1874.855643138797,1853.445804328148,1850.5425711089288,1863.5744873032545,1877.923785488255,1876.3047055580264,1876.8188151762024,1872.6489899154435,1867.705220128346,1871.3361424917832,1868.1441550623,1874.9617401691664,1877.1797700798647,1851.9005442019595,1851.2232332998387,1859.0943015503149,1878.5999631349805,1879.2752809608708,1876.674046207878,1869.0821416961128,1856.3141430227297,1869.962650839368,1866.372492533568,1868.6538242294807,1867.232793905084,1852.60569417516,1851.112742819438,1865.6469667043064,1877.9843551341928,1878.2068083533304,1864.203511666804,1866.927467357548,1871.968189607655,1867.856536342872,1871.193261852845,1885.742145956013,1870.53106098372,1853.8709546289208,1851.175624595243,1873.3503784408645,1878.3520959697007,1877.8395672533893,1863.6840656219945,1869.7555598602328,1860.761692373669,1869.882431125685,1865.8624443826711,1867.5857877392389,1866.149864882343,1851.7134612790824,1863.81562596168,1875.5313149884537,1878.05665981686,1866.989579732248,1869.1153900201568,1861.971117935032,1863.392824266429,1866.940074379881,1880.394273014297,1869.48108923238,1850.3782292172216,1850.7366912150164,1864.1091016945857,1874.6477962533825,1877.8070117356567,1877.2222122519247,1879.9038184454505,1860.0659931460389,1879.349529142147,1867.3187383068905,1890.0821675091056,1870.6816308467696,1850.8237136989053,1851.2371496648848,1855.20625419584,1867.397130695728,1876.8301238600409,,1871.7853312089144,1867.2200885560003,1872.472145027411,1868.772018335223,1872.149581204685,1877.7644993311887,1851.513477653079,1852.435452220781,
MADHYA PRADESH,1868.0445824489643,1853.863984099176,1875.4007482708,1872.793538618243,1904.13462765132,1894.2443099119416,1901.2836753938648,1875.355548044568,1875.0582453662184,1855.262554179628,1876.0221605945112,1877.1407833477545,1863.5566611722943,1854.2090828495125,1874.121370835151,1875.2741268315367,1901.3769941989256,1893.9822700697,1901.1556733996176,1869.952273772068,1872.76580942765,1859.383997093288,1876.156848265573,1877.0159483952227,1864.803169298384,1854.905248434129,1872.4866155308443,1876.056457043913,1901.0526371053973,1895.189855285481,1902.8807450092656,1876.8254377650364,1871.8032402844008,1858.971493429194,1876.0172424219784,1876.8022158906365,1865.0552886712608,1852.994788178016,1875.090396025892,1884.9724815438285,1903.3245660166765,1893.0882740547463,1903.6120147242705,1878.087462497252,1874.640288940208,1857.5261907502315,1875.885203881957,1877.4163086498904,1866.086779795402,1854.9858363925043,1874.35705782354,1882.9294412626589,1903.921216102265,1893.4379535415503,1898.7061805071305,1895.214734634832,1874.9103311225567,1858.135986428874,1875.7912906272704,1877.9224791669187,1864.898485129953,1855.6548930423403,1874.1525820934296,1883.1874456561825,1899.072937678356,1897.5024062553969,1902.0952101474056,1886.7755250698365,1872.2091479496016,1856.8374008201129,1876.215542462572,1878.5230220541885,1866.3952872366403,1853.3088041311207,1874.5512245332736,1870.983533516688,1899.063498763581,1891.54911215334,1916.741536254589,1892.5068121207405,1873.9083695193672,1857.5120003423883,1876.805752983112,1865.365271396476,1854.961884949441,1874.1379686454247,1883.658541250746,1905.7853122262247,1892.6920310555224,1901.0833414673743,1878.490241541291,1873.342654667921,1860.990534408693,1876.153746967764,1878.846280690458,1858.525494810402,1854.557180020602,1874.3188022310603,1881.8882830150665,1906.198824492427,1895.8294821274949,1904.0518917094075,1898.383565167191,1870.252330973962,1854.773020601372,1876.10934844822,1878.0016803550584,1870.6717483153009,1853.4125766159923,1872.902465967604,1871.760924786996,1903.8214051906548,1897.871694067914,1910.9642265224104,1890.23497171882,1873.056186395855,1858.323172222796,1875.1258655388524,1877.2477089596728,1876.464456419772
MAHARASHTRA,1852.983198492523,1866.6972893056247,1874.3767974556788,1870.1143907095443,1895.8367058920387,1880.6291775344152,1883.6824094010635,1897.9669909445577,1874.8846131304203,1855.7120686757296,1874.2747357940088,1874.8262296783475,1852.1822159113733,1863.7417044549047,1874.7302757619968,1873.723493220959,1893.9359129339327,1880.9942766640204,1885.1283469296727,1891.7633839499908,1872.77190409944,1852.2658091314047,1874.4700237915008,1875.7732118529948,1851.5970347107973,1867.422807088407,1874.5041194247283,1873.4585850610483,1894.4127834047204,1878.04015746892,1882.6046621445755,1891.7502838788648,1871.4355435328453,1850.756342406651,1874.09564902352,1875.858302095486,1851.703896799915,1864.716556478304,1875.2995545360363,1887.1434523653304,1898.3433465974056,1881.896036654712,1882.9331561983377,1893.1746386798936,1870.4414154050007,1852.5864382037007,1874.840112498434,1875.673791443588,1851.977253280066,1867.237565496852,1874.607947565723,1881.4800814672456,1896.0711114233416,1878.880131013444,1894.796457694625,1891.1550631435707,1874.6305412759527,1852.1693698955128,1875.2932125182715,1875.4081466390023,1851.034641764257,1869.164751695332,1878.3555819180071,1879.9345480852407,1891.42195220804,1881.2560886430688,1883.864011536961,1891.9572140821024,1870.5162983301675,1855.015312866652,1873.909942350228,1877.278276977541,1851.168226016588,1863.335667993773,1875.006779309267,1870.477555125108,1892.230819523094,1878.9230139573629,1887.9827428213632,1893.1218182612404,1870.867458848504,1851.250997155436,1875.6111586972968,1851.7957953482687,1866.692156006372,1873.8204135399403,1876.0056192114205,1901.4157014455488,1880.3226363781548,1882.565871555672,1889.5783883668344,1870.365970457965,1851.4065066260032,1875.438230930896,1875.781412629197,1850.2044011888715,1868.274004513853,1874.433639186438,1873.7971786477408,1898.4676082503129,1879.9680070039308,1880.5564991404688,1894.9109323600544,1871.2921871605315,1851.2946986655888,1874.470560380362,1876.058465226346,1853.060868362153,1865.6728142805457,1872.913314855248,1871.9376193973392,1902.436195015261,1883.8263585744608,1884.8735528474504,1895.504772558912,1873.5691758181536,1853.5958641198213,1874.4862732906709,1877.0973749527752,1874.6102128402329
MANIPUR,1876.467025218623,1854.48995393241,1876.35982202311,1871.008417653469,1918.211460207345,1911.137942551088,1899.446040086424,1919.848096155888,1873.742353428252,1876.6449098511,1877.6155070430184,1875.57636536253,1860.1986233665675,1855.627559660098,1873.9685915374605,1861.123020838493,1918.6351450189984,1901.1575434733136,1925.081182826265,1869.076363543863,1863.527595590936,1864.2023565969928,1877.8528231542457,1875.9990256368685,1876.7690814731816,1850.177429303399,1865.031472469056,1861.2337596519687,1920.750824749037,1895.775725077824,1908.265593413244,1872.5153119879308,1874.174446875056,1852.671039569413,1878.1066632172367,1877.282235569894,1877.564817898508,1852.1580623687871,1874.471974922933,1869.4292034383056,1917.574556220103,1892.5027277261315,1916.853111395704,1881.7935837491711,1875.8188771556952,1854.611556541856,1878.9060091413523,1876.9800572310223,1876.8253392685133,1852.1368321602984,1872.1924575186256,1875.7768437254608,1915.9276085187416,1906.0704643648844,1923.3003017611647,1868.024455053208,1868.2611139731544,1860.1389589893847,1877.5643272468,1876.9140298006864,1876.4226992884512,1853.720957086108,1875.383882383244,1871.797961582264,1913.287269339284,1909.2359631794527,1923.505070195345,1867.423474869808,1868.95141018622,1868.0969930627468,1876.5997005178167,1874.7603376486816,1868.1496314290223,1854.096869657305,1873.3415258188431,1871.1083585689323,1918.818007147956,1898.942529641812,1927.112577140598,1865.2893302322025,1870.5434484642185,1878.896571465808,1874.8838504649111,1859.560471140085,1855.5304801185496,1871.7836660509904,1870.526097279953,1916.0553110414744,1903.015374918475,1919.7934727557003,1870.3013321181425,1864.3241795311949,1851.4785522690336,1876.5671716924096,1876.70763085548,1876.620212402524,1851.0832023862256,1876.749045356123,1872.4731731920629,1922.348513226225,1888.1081835131204,1927.2410393621549,1877.5269302813729,1874.4584631018945,1849.8476032206845,1880.4647924770904,1877.486504336822,1876.627760285392,1851.5168270310576,1873.242268633751,1875.063858178661,1919.3917242675973,1905.0622882673624,1913.3111085774688,,1874.014969357512,1855.800007166937,1878.1330029873225,1876.0280587793927,1879.9495468311363
MEGHALAYA,1876.3025015853937,1852.2998831660807,1874.94812491414,1873.360056624868,1913.880516603992,1922.3731657803987,1920.1154791960928,1864.951178966987,1867.9539194764363,1871.183716755587,1879.092805129992,1875.5553964991689,1873.2981872184776,1851.7787557833533,1868.1620745897144,1869.8958914771408,1915.7792910490405,1913.2210262073168,1917.388336056204,1869.92639136321,1871.687175775813,1872.540667079668,1878.6672007567256,1876.171755290425,1870.2771015709368,1854.1395202390809,1871.678760554635,1872.4569348491227,1921.8388496044136,1913.3249950285715,1907.8061351353613,1871.298270508691,1865.544839043416,1863.373799299057,1878.6789301178017,1877.7274707164129,1876.040525401672,1851.6810354524057,1875.5767640949528,1872.9049402507344,1918.1612897689524,1913.8058037968008,1926.178533454846,1869.9865556251,1870.89710395466,1867.4129819281884,1878.245845896614,1876.8669051175789,1873.4112667973616,1852.700207849453,1875.5643296981043,1868.407808874637,1914.347401446632,1915.6820322352555,1923.5561294740328,1869.742266322867,1866.2291969030368,1867.346010959584,1877.802726365068,1875.2941164640515,1870.2071394465536,1852.35198299728,1874.5761241072744,1869.544101480822,1907.4193016386928,1910.1816676095016,1925.3451633620955,1868.5131858485488,1865.7033013089783,1867.1520364260869,1878.3953672702464,1875.8326796633885,1868.998798948672,1851.485474581037,1871.0585283129749,1869.6496094140675,1910.4955791413563,1918.158919941552,1912.211863899172,1889.2706222554505,1867.436930580434,1849.683006349208,1876.400320376027,1876.105116227949,1852.648882128576,1874.8274053770103,1874.9668891818849,1918.2443081904628,1914.979097517488,1924.150655107353,1870.959130175277,1869.8224505592004,1873.0147643459504,1878.467049372475,1875.9193201600908,1869.9624714424504,1854.890678703372,1875.368575173007,1873.760104480639,1919.3610537993943,1914.7311189437448,1924.441796765102,1875.886254613881,1859.134466540908,1853.9191270365145,1879.0086153324244,1878.03770391927,1875.836043916476,1851.428397951144,1875.172718359389,1871.8360322895264,1915.170659563804,1909.930325279824,1916.882271089019,1869.9946113048584,1872.407784554857,1864.1546138850629,1877.6354802226217,1876.243334231797,1878.165857794268
MIZORAM,1863.8062357380368,1853.277701065265,1874.4428148459888,1873.541483201628,1921.3215803318035,1893.6474539981136,1901.2669403382,1867.3976824459305,1872.920847915544,1850.0706091335296,1879.005069097273,1874.970701041299,1864.123017318176,1860.0603730602409,1873.6212131506336,1871.8258417568168,1916.1231656906248,1894.0213888023995,1903.605638186536,1878.095229753052,1874.2564915392825,1849.956186286893,1877.7426584901573,1874.681287277262,1875.5940632109068,1853.6375709452432,1872.619544715841,1870.1884972142325,1919.4124213911591,1886.95317938082,1918.1494284829005,1873.2940054376293,1871.451339411686,1858.979611050775,1876.93785310538,1876.5144342016,1875.4205070339128,1852.9477852706475,1874.6597105528087,1869.523993834573,1903.6081215104336,1889.7032009506056,1914.544877414718,1878.035474034292,1871.027447194561,1863.7805449818509,1878.556526385645,1875.7585939009653,1858.4186321865084,1851.741470063004,1875.1658496570485,1874.2840157306653,1922.501438582431,1890.736914644468,1897.18383014178,1865.7904907526388,1871.868640107864,1849.2455876989125,1876.5469995044912,1874.8010074408896,1850.7935815352248,1851.697228007375,1872.4789147744973,1868.3340753184373,1918.4383846542105,1892.4879582406888,1902.090257354916,1885.8476413853816,1872.024249715981,1848.0701660505288,1877.46712624162,1874.0549369429275,1859.7841677095787,1855.5020467253423,1872.742481645596,1870.7390538235247,1926.0388938975327,1885.9749783929387,1904.3418409343592,1875.8538181025551,1871.88973551093,1851.958664869,1875.5771796641952,1864.3987516073248,1858.5412845038268,1874.435793063639,1875.760514808735,1921.112958374234,1886.780883928217,1895.867751309554,1869.094433243189,1870.747953912978,1850.6251866082232,1875.475724831132,1875.2315684374569,1875.479339198381,1852.424304168074,1874.9078955147288,1872.092728674123,1907.9605501493947,1889.378568682048,1919.6780635963944,1895.0328253843093,1871.9715180697567,1849.693725362141,1879.881419546609,1878.2632299905704,1873.4966929726816,1852.3838346800685,1873.1389340337523,1871.3459238797625,1920.9063964625784,1892.7825955313267,1908.609269817428,,1872.0042522678573,1866.5569467374416,1877.5785911158569,1873.7659627555288,1879.0822450365872
NAGALAND,1875.2495887437783,1853.5945223098267,1874.7430311001087,1871.4583615753943,1910.036586160125,1916.9946475530512,1919.8054571342627,1917.915391510743,1871.7884934989936,1875.3490117696333,1875.0771801803296,1874.523555970969,1870.9369377826288,1853.1000738541488,1870.0685326390185,1869.7311590994527,1912.88642918206,1915.70693000896,1913.445529616312,1873.9653047501183,1854.5330512625449,1874.34539789272,1876.0610827959704,1873.3619128482435,1874.628235422316,1848.6533936710373,1873.9709524952737,1861.2153801613304,1915.8704072509563,1918.5158063753915,1908.7636134904344,1876.836523455296,1855.0900197853696,1859.1313519174164,1875.7346470637128,1874.7717047091724,1874.9224146023348,1847.9246105427003,1874.3529920221729,1873.5057390070235,1920.0017175517607,1918.917118592339,1918.52099658052,1872.20084543746,1873.169174843175,1867.7022814845925,1876.35291081376,1874.35500173365,1874.6211184585864,1850.096848771274,1866.3405986756188,1875.4713567699696,1923.703084165188,1912.9733542873869,1928.5118457930416,1866.7416828459168,1871.401089214604,1875.353365658427,1874.9558326964136,1875.0172425758844,1875.112665419438,1854.0729534643635,1873.310103193216,1868.5872790971528,1907.5465497263551,1920.1711187987448,1925.2936642814352,1866.1712123550567,1871.8659336848968,1850.395017241491,1873.7457775023445,1870.727581487001,1873.9553715793625,1852.7566257541043,1867.740289534842,1862.542594886069,1911.85350205346,1913.9146012460849,,1867.0379062347613,1866.151467417188,1876.3656520168915,1874.065483000296,1871.730872563965,1852.722211026233,1871.2688013019288,1872.126823631884,1916.0846892407649,1907.5464690953463,1913.172220970091,1874.6903882902768,1857.1299354256928,1878.4834340724376,1876.2348212138904,1875.1948852738576,1874.3061636694688,1849.162324370624,1875.1778969348568,1862.9455362269423,1916.1929417128613,,1915.44377115782,1877.0384309062783,1855.347981305432,1860.281847798103,1877.3629030243017,1875.5326608092605,1874.008083996932,1848.891704864347,1875.0605694476008,1874.9264919243155,1919.45585394066,1916.5899219812272,1925.6663219863344,,1874.341295617463,1870.09096149514,1875.977241784976,1874.1072014006504,1877.15407259176
ODISHA,1854.3039695395173,1864.4842482360111,1872.828356842976,1870.6834885013843,1907.8362890277656,1879.1059014900168,1888.0015882035725,1888.4265196458823,1874.3602946706624,1850.7394842682647,1873.202596770397,1877.9210603336344,1853.9777804605303,1863.816796644547,1874.5504580295665,1871.116047363906,1907.9277217334447,1879.9083349101063,1886.646186636432,1887.7747048938288,1868.1471281297463,1850.313226561223,1872.4688401222136,1878.102140983556,1853.3535177320896,1863.3926233788115,1874.818793066792,1870.544779254336,1913.088263527184,1878.810725903572,1894.1000592381183,1880.011835466272,1871.2995885520893,1849.6401007848383,1875.7614485546965,1877.8966908474968,1852.0816453951995,1866.9066064816927,1872.4728506713243,1873.6942127674545,1904.957352655396,1882.255733700191,1886.4723963127217,1895.9830559603708,1870.4696451999407,1851.5464123896627,1877.0097735227669,1877.263464050707,1852.259285067668,1857.908003417876,1873.8077606251693,1871.1115144143787,1913.1361222797373,1881.135108459733,1891.7376278321813,1882.9996559006509,1871.5045420902643,1851.4524407517565,1875.87058648601,1878.9034958648988,1854.0663477462435,1862.9511615349488,1874.701805253328,1873.3824644572703,1911.944640683729,1880.0238631446343,1891.57856731719,1897.9548353241053,1873.3939156439749,1852.323018138016,1876.817889180798,1878.400289772052,1852.4655501766624,1868.684575083155,1873.1984748966763,1868.4309508812216,1910.344944602087,1877.91402673056,1887.65881804106,1910.8168946886576,1869.813826843752,1851.4302789783828,1877.7792618842936,1855.1066390823296,1864.114732259928,1873.2883843720804,1871.8309031456224,1904.579445603018,1885.099536780248,1885.5893842920752,1889.5466561324545,1869.106402696038,1850.518066597018,1878.1367341446,1878.2267768753684,1853.28613702382,1864.2474153313776,1874.7481180375096,1872.209908531968,1914.981086366032,1882.4293708467003,1882.9899787603872,1880.4391495643856,1871.0674474447487,1850.171398086792,1876.052077278444,1878.1480280057488,1851.413416224232,1864.649215601444,1871.824719419908,1870.987623203546,1909.7176531561813,1880.293232815265,1888.7224058973216,1879.4561653289347,1871.002124281578,1852.5078042868547,1876.4984738654227,1879.0732998464432,1877.8102456808333
PUDUCHERRY,1859.9976073478056,1873.786690009105,1874.1118204891616,1871.693200298204,1877.988013421651,1864.968240419548,1866.5292582073064,1865.5337772612463,1865.493707340724,1861.5244854520909,1853.995239094644,1849.520114827305,1875.1926112861904,1874.5843688708244,1874.1451279191683,1865.9753067675608,1865.0096481812527,1877.8583773590697,1862.143420295704,1865.7196326493272,1873.021329783328,1861.1564760496883,1849.2843606786023,1847.850154605672,1855.2117890952013,1873.915498752905,1874.272712137774,1864.444608983146,1869.2798999967624,1862.1298178819543,1874.143900974508,1864.315980830993,1873.6352099591,1873.3871206808324,1852.2834423658285,1849.01047907622,1857.5213511244945,1868.24073376978,1873.714932025553,1861.85133016858,1868.966095729092,1877.28761170726,1871.4426016759007,1865.099469778828,1865.0217277474048,1876.773075029844,1851.768442580862,1848.3820713351688,1857.0429639637573,1875.1853134783605,1873.998340482898,1867.5099302199203,1895.6450663329035,1875.8312492237253,1875.5290816680483,1877.776971242697,1862.8246505841344,1863.9346502449605,1854.0718170353268,1848.0542741395543,1857.496173493941,1868.1476329663333,1875.712181362709,1861.4410641114416,1894.0170430600228,1869.156633935736,1861.419085968472,1866.803610359644,1863.6573288236027,1874.3661169690213,1849.1545634373365,1849.145477908708,1864.568109542815,1874.7099232631656,1873.981183275112,1871.865372300891,1870.8243373299947,1860.53532378592,1863.3977609987865,1864.308328552312,1868.6497505538505,1862.8849558980555,1848.460556357065,1853.1243352486813,1865.1887899543908,1873.034405527116,1862.26265449682,1866.9879294022244,1864.217783348384,1864.889062913352,1866.864158387136,1872.401298979523,1872.6035092927243,1854.5877885307225,1849.5931431123547,1855.080917978357,1863.1125634197192,1876.1998521971327,1866.4029739683065,1865.2229521909508,1862.7206976874795,1862.704379261975,1866.0420544366743,1866.5739189357344,1862.5200042684685,1853.2083746511653,1850.716910569292,,,,,,,,,,,,,1847.915045241066
PUNJAB,1872.591331266372,1847.9278818287053,1854.531344268519,1872.2404303947044,1936.082843136082,1910.5550708623225,1917.9229892733613,1874.964374252028,1851.4107717950496,1874.784535411204,1876.3098719909144,1877.794768026098,1871.044456455597,1851.8787818672704,1855.300963856764,1874.276950343845,1903.7983754684367,1924.336455807776,1910.3251422030608,1871.344100647236,1860.3303123020048,1874.2976595403,1875.8685516550884,1875.336815436812,1873.2945264469308,1850.608208985066,1856.1600601636,1862.7701651447453,1933.080132879252,1915.6897113900063,1914.745603236916,1874.511463237685,1851.5533079493955,1875.416847170707,1876.5160013423103,1874.4190256920333,1870.3809606654693,1849.0590744317765,1855.0994840959484,1871.5651519339967,1952.5975959138875,1910.130411185496,1919.817418904264,1869.8452372896504,1849.5970805715813,1875.5375138073343,1876.7094592856668,1875.1540994292468,1872.44830692092,1852.2849442375148,1855.1535652091216,1873.744147813312,1915.3915434919552,1917.9291631412168,1909.3785716207865,1869.9680811189564,1851.5619756036567,1875.4685367908023,1876.1279805240968,1875.564201553168,1870.5890401170404,1848.3116743765177,1856.0340158421232,1875.3332994008365,1919.9463505460265,1911.626466743605,1920.8488047839128,1871.804638279264,1854.9755630163208,1875.1791798781696,1874.1833784823027,1876.7378711259485,1872.22327195306,1848.611064885268,1850.784865154208,1869.043832587961,1926.2866402076163,1904.672196934148,1919.469866926957,1867.378058369089,1851.40068243522,1875.336042876875,1876.6839888693933,1872.39351767442,1851.9278330468128,1858.79399869496,1866.0007439209487,1903.2240511512348,1926.9532099061,1915.634178372998,1866.7024320452751,1860.7266875361809,1871.7221777814248,1876.113118946045,1877.9916601854063,1869.861717243796,1848.575797573307,1853.313670674204,1874.080142823863,1930.406978587044,1920.9177404980649,1913.200750916506,1874.4541145556543,1856.2460717608944,1874.8353592528083,1876.0047754998184,1876.2299885140312,1872.234363338076,1848.912683366602,1855.581305850372,1874.109914921584,1954.222723488524,1929.7629809221128,1913.8772382650243,1867.5627035195173,1850.2700076805504,1874.7788525139028,1877.077639149543,1876.5869643303213,1874.8497709825688
RAJASTHAN,1875.1594875719245,1850.7995882607204,1867.9217408701445,1883.8617201153927,1902.765670264158,1906.8066239095424,1916.480496719712,1870.649402784968,1864.3102321450256,1870.9392109223347,1876.252505657551,1876.735945145008,1873.2578976091595,1850.231814063841,1866.8039857418744,1881.4508624663845,1903.1887754168115,1913.3855415218693,1921.252589283777,1871.0700960386832,1870.805773072236,1869.8952237934568,1875.884698948276,1876.70843975877,1874.851204682287,1850.647023765076,1869.467622525561,1878.040808214504,1902.971700061652,1908.1206145560843,1924.7142817509944,1871.7817701842569,1868.6560618921253,1873.2022365215075,1876.2499167293745,1876.2270831608853,1872.7666198679465,1851.4376456518733,1869.247461830456,1891.515132186821,1900.750394375056,1909.87540388395,1921.263293726601,1870.3111174106243,1866.3387187745525,1868.168659816905,1876.2233395801245,1876.8829229429264,1875.5752769049875,1851.030596971254,1871.4233743328973,1892.6054319689888,1902.9871387165333,1908.5826374950789,1922.7717998155968,1872.4289764059567,1867.9996789882075,1867.8680619081567,1876.1812738552417,1876.676345549196,1874.8100946044824,1850.4643795492748,1868.5151478475348,1888.1328955093225,1901.9986213720813,1904.896843763092,1923.2776674024835,1876.2053570609933,1868.0311707864705,1869.737289733581,1875.9530923477173,1876.543609845595,1874.499560806908,1850.91897981948,1866.1007335904608,1872.2482396192795,1902.7568873087089,1907.4893372583813,1922.795548892312,1883.144704815977,1864.0993158642536,1871.0728588191143,1876.525330545218,1874.5078405021256,1850.8340203321416,1871.253087233085,1883.5270484301263,1904.5061037012567,1912.3629367302829,1918.319806318148,1879.1060269673544,1868.8730547183973,1871.037178697784,1875.9376021481728,1876.4985283739445,1872.361069129191,1851.0937078909672,1868.8939610545124,1894.8487495197585,1902.70572348216,1905.261110066551,1919.1227864146229,1889.84250751535,1867.2669610023013,1871.985999413345,1876.2389042661184,1876.3134177803247,1874.851000364194,1851.3859670769527,1869.5527422610808,1876.8557939933903,1902.056857971564,1914.0452384603432,1921.840470107027,1870.3319299659483,1865.52957316646,1867.4438929345704,1876.048182230012,1876.2144547361056,1876.6899354430263
SIKKIM,1874.5770574826297,1849.5919365193763,1866.5784396271567,1855.7903705445835,1902.8427581742608,1921.885200649938,1928.8922606930864,1866.104185266728,1876.8497353537505,1877.5513081299969,1875.8215907578303,1874.912579649617,1873.3414411864744,1851.1184990522847,1873.0212310331503,1851.2957867819173,1903.172855688784,1921.0951404851896,1929.591522886045,1874.3012939517864,1867.2604692502164,1876.235236498397,1874.515204256208,1873.5615513377109,1873.069902011099,1851.5944016367907,1857.9566557160915,1862.2303261555408,1907.508674841289,1925.3975691335447,1930.5563665759023,1869.1567937570248,1866.8224983495563,1874.919024134296,1873.2765898747664,1875.3105040954124,1874.722248076762,1852.8209817600537,1858.879784637848,1871.713840026283,1906.7381358524715,1926.346529337649,1927.0193878329032,1869.6223809551293,1854.1548782076584,1863.4764956535985,1873.540369488445,1874.6671072863544,1874.904427178388,1850.399377219982,1861.6047589539044,1853.0606387807472,1908.867412508508,1923.0238250397329,1927.1143991202407,1867.135579132544,1873.308870075046,1873.7103592742155,1873.395401252173,1873.424560922794,1873.9496196679563,1849.830042639345,1848.632900743664,1864.4444671413448,1904.9963446438564,1919.16026956012,1927.8820438736773,1866.7471387341047,1873.500504640985,1872.4211410408109,1874.1162482848524,1873.220485006268,1872.6183159133057,1848.023549351218,1867.4593094356253,1869.1048053049624,1917.292590343232,1904.0414859417365,1929.3101816839007,1866.6027974215792,1869.5221088770656,1875.6499306305243,1874.4668949933744,1874.144925828984,1852.7522913255104,1867.8171534436465,1855.8756424630417,1905.3581944373184,1923.1285817857104,1931.7433336159067,1874.5010658986048,1860.89704914027,1873.0544198483267,1873.9489955166416,1872.9234473676624,1874.108504903748,1851.757905543896,1861.3137198030656,1856.9830404021448,1905.990362426921,1921.7203334092403,1924.4887459103768,1871.685610469939,1857.0409356286773,1874.231400819209,1874.5418591236355,1874.888735832404,1874.699328057129,1851.600232041408,1865.0807867220071,1857.6619917286475,1900.3754632241144,1922.7105665522167,1924.3151191410443,1853.9184834258424,1874.813857209121,1866.8609910250657,1876.0694802804203,1874.779643366718,1874.181256228156
TAMIL NADU,1857.1828341151847,1873.8671243774893,1872.438200961749,1871.837605477111,1869.3521953715288,1870.5099344488124,1871.205878114878,1868.2993383806624,1872.4166825445195,1869.128043499287,1851.00533853801,1849.4944299107567,1860.087050447756,1874.364238103666,1873.1282867160685,1868.623756915611,1870.039113546504,1870.552144144395,1870.4383517601725,1869.0145686547592,1870.726528673018,1871.2775240296005,1853.5887827554136,1849.981643512536,1859.737051270121,1873.0504596347832,1874.2832993722736,1869.584851560187,1871.6282056629364,1868.1133791032173,1866.0046187053133,1868.3312080823016,1868.935260618043,1870.4373212531648,1851.0860810825227,1849.2158086309869,1855.9868028353617,1872.486968641532,1869.707311609494,1868.7101127434607,1871.6181232910128,1866.3502103921485,1869.6776011487195,1868.227613071479,1869.5849321826345,1869.024205267554,1853.8350746057483,1849.1803571901005,1863.255852245972,1874.0734198687649,1872.388814187896,1868.905000698826,1870.879892054814,1868.6810111339096,1869.868924384849,1869.7549757885367,1866.335231713619,1872.4897676351209,1852.718934218067,1849.8132758835209,1855.6367591628448,1873.5983603727343,1874.181681681421,1867.848792650977,1869.973600418862,1867.025770198351,1867.507519952428,1868.937773360553,1875.4369160784977,1868.6416095492448,1850.9792234104425,1849.8206092856967,1857.7068485099428,1874.4327003081128,1874.0038548307643,1869.9769408612387,1870.0012823869115,1868.950381309808,1870.482035037629,1868.526949232806,1869.983280001864,1867.369930327235,1849.7085442370471,1863.3066073902044,1874.347505222339,1873.0485842596536,1870.853450251428,1872.5335287141409,1870.791754814108,1869.2483657257967,1868.561760442984,1871.8341320559955,1870.3589829485743,1851.47612575078,1849.4317586375569,1860.5651742208524,1871.0289613019763,1874.7140949353768,1869.640615178777,1873.3571106135084,1871.5957331644745,1869.098377064332,1869.3539268751013,1869.3858592381105,1868.3873564942608,1850.951074127916,1849.0195166743288,,,,,,,,,,,,,1850.516678728528
TELANGANA,1850.4556914221027,1872.1171647441304,1871.612619504326,1882.4545262619524,1899.4621800455643,1874.9811867749709,1880.1593900481712,1896.1505898576024,1870.6895389759911,1865.7836921477503,1872.0782961746145,1863.606154144429,1850.950790145317,1873.54772378078,1873.4840075140555,1883.452228010216,1894.936990852392,1883.4843995559727,1882.8769487903,1884.5024166281005,1871.883018005208,1852.658421066993,1866.24975444729,1872.497753072743,1851.6706673020303,1865.8191982072976,1873.0565397225105,1877.020992580388,1893.74973465961,1876.5628001832863,1880.86077922758,1884.952409359728,1869.9572201833048,1859.3401174547969,1870.30953373134,1872.6449204206228,1849.718334440112,1870.521362836713,1873.928071721308,1874.624802205846,1896.2003828368424,1877.0226700471449,1882.7312063145364,1890.4334197378696,1872.9821835871253,1854.7984728462925,1870.3507454551984,1873.6087292144955,1850.63521261582,1871.8150074230268,1874.1167604519808,1871.7035909561696,1894.53561204772,1878.4889907882496,1881.7685920673464,1883.013425932352,1872.0925609412627,1860.3980923745644,1867.564725560728,1871.273883230966,1849.9415965706803,1872.4332689199853,1874.1054691981365,1873.3778465796584,1895.895214101257,1875.7470030348104,1880.6491941235224,1901.7647633330355,1872.4753758061245,1854.993799688978,1870.884748055728,1875.2591198280445,1849.9158028568047,1873.4741512176013,1874.3666551018875,1877.670017949462,1898.3656985854448,1878.367838669376,1887.1293472785155,1898.285827208111,1869.335852882124,1853.080125358664,1872.8249943256665,1851.822591290581,1874.77065635548,1874.784817992682,1872.202985375224,1895.0691461866843,1877.941219067464,1880.9521332973425,1892.1541217206263,1869.0507825370423,1852.488427127668,1870.124537563496,1871.4984741560925,1850.0053286933548,1868.5929381608044,1874.346275883268,1874.7592673081333,1900.244559878441,1876.4625652195243,1881.767901266855,1891.2229686998644,1868.3800266244189,1855.7360646699487,1869.6632765386128,1875.8817547855149,,,,,,,,,,,,,1866.3745290232364
TRIPURA,1884.6238168275213,1859.2417286879177,1879.969996462037,1878.7725311678848,1922.7032557397845,1895.9782806199016,1898.2078649827968,1896.1911209099624,1873.982184734944,1863.0217222526733,1880.9699519315925,1885.2738470769727,1882.076291570956,1861.069885406288,1879.8771130439995,1872.272111311531,1914.925484007418,1895.9788569882064,1907.5481737041907,1917.0368217660705,1879.699300172103,1862.977215422242,1879.4352353557424,1881.3938035776664,1872.31804563819,1860.8373710569897,1873.592270853425,1878.8929011620808,1918.8661709589007,1891.8006980337736,1893.058897008432,1871.8152573308407,1871.2033888152887,1857.1666203935945,1884.8386388170973,1884.4675424829888,1867.823080936528,1863.0039589995968,1878.6714245949809,1872.646003759497,1911.4249908010088,1888.880416130548,1921.2899374340648,1871.1856881531849,1870.0033563377183,1865.989101097145,1879.2043875571044,1884.7701907025607,1861.56583618662,1864.00152004764,1880.1435599536435,1877.0382663356988,1927.9151407029872,1891.7700176732783,1903.57223666422,1872.324851334278,1876.3468685572884,1847.925354291394,1884.207122876072,1881.0088591462247,1863.923846055876,1860.9760146089964,1873.619125526252,1866.4802314816257,1922.5025512573989,1892.39806696036,1909.9065735806453,1876.2761286501125,1872.415765913271,1862.6994156017947,1879.4577853938245,1883.210443709064,1875.9020168256432,1861.9490852809245,1871.241629865632,1872.50145334436,1923.170430423728,1887.2132169722508,1890.58145860184,1878.250000406333,1878.9540144958585,1856.9251553308748,1883.0304539536496,1884.8125797800128,1859.3612002148875,1875.737405594583,1879.369884847151,1916.4078551091893,1894.8356287416964,1908.457673430868,1875.6388392737072,1874.541809048748,1862.8221267283905,1878.936426573993,1881.835785435477,1870.812424847528,1860.835475763748,1878.934308461587,1876.6864950052056,1922.8566586438576,1899.123724424545,1906.1645115999804,1872.424810257609,1872.8221465103604,1859.457037419935,1879.465532122185,1885.834221016324,1866.6121114572347,1862.406686403384,1879.179392150408,1865.318338885706,1919.9140913015829,1893.088729454104,1910.409332032195,,1879.1419559131743,1868.3651863192645,1880.065331963959,1881.3622454749063,1883.9529531399944
UTTAR PRADESH,1874.0136358070365,1850.1451588605664,1872.113515568486,1871.2883812348127,1913.746106396828,1916.391401591787,1925.2805973803552,1870.646341023472,1869.180562459477,1872.9433843237905,1876.060240544224,1876.032504179524,1869.0344325403903,1850.515087385584,1874.8670045642407,1877.2651430353887,1914.7290818270544,1915.250175372959,1921.8566956335144,1874.500825061937,1863.0627631796133,1868.2620318933807,1875.871161951276,1877.059958189652,1875.0940791633368,1849.898349062438,1864.796340321791,1872.4937095302653,1914.4614209107235,1919.4050101090847,1923.6695650687168,1874.627201579953,1863.407520878584,1869.2656412156527,1876.1789871911808,1877.629470362025,1871.7547819653585,1849.955786493914,1872.8766513554567,1874.8878933654016,1915.8349975208,1915.824336791932,1923.9921575695807,1869.363743245568,1871.308971287226,1872.3994655979784,1876.9734299741697,1877.7517254727777,1872.9372019679788,1851.0073785823167,1870.0601021348043,1870.599268229247,1919.217409946261,1915.210441340956,1921.4657572996616,1872.546985884912,1865.1071458470228,1870.006921796612,1876.1888942276137,1878.2876456605368,1874.813493339132,1850.980226481392,1870.7381257636948,1872.6624155015447,1914.7447122736392,1914.9443314462208,1924.112487002043,1874.3378271735187,1870.7596419690208,1866.9638151774104,1876.2304475261567,1877.195283540604,1873.4001467938265,1850.1124088813392,1870.509509102381,1869.6215703974904,1915.0145733183924,1918.5068137752028,1924.373908435414,1882.3436838185128,1869.5692432875485,1873.379832092624,1877.7911454984733,1873.103354032888,1850.4816066856863,1872.1183828421688,1873.012314432704,1920.3316429845097,1916.425010324232,1926.552391985507,1871.9985877845968,1861.6693636879995,1872.267401881861,1876.460473762305,1877.286879569917,1867.6567952679509,1849.3931743571327,1869.954618997437,1874.4622934981128,1916.090140494808,1916.3274041063464,1922.829616673612,1873.869007914794,1867.7540873090736,1869.747546976589,1876.918169075596,1878.4283219786896,1872.0430067371287,1850.588234563963,1864.7906242145,1869.5713144175668,1912.340739352359,1928.937299339529,1922.4177930395867,1890.3390640380533,1868.5231687356456,1875.213853854556,1876.1568908599904,1875.7660049512776,1876.446393107622
UTTARAKHAND,1872.889809568202,1850.5154981713747,1856.7282111789643,1869.9678466119628,1903.582181449928,1922.0365071981864,1914.904584006019,1871.027950094336,1861.3988659681636,1876.2217906910812,1874.4178945687645,1873.801617527253,1871.7614894483415,1850.5722923946205,1861.9981251320237,1870.255858662591,1944.2677217259377,1919.1556427142211,1917.124174929676,1871.905089528425,1858.9148834576367,1875.2023935214272,1875.4640547724675,1873.421749250216,1871.963030290226,1850.09056572691,1855.9182533614928,1869.3728833137388,1932.908194282056,1922.834459542479,1918.0611988866356,1873.750347582016,1853.0573063082727,1875.3754037515644,1875.6129608789277,1874.456525883343,1871.51931696084,1852.159495328128,1860.9545313728925,1871.9418175362189,1940.772987638276,1919.9720930724968,1914.8996509222509,1869.970034823829,1872.0053023622304,1875.8862864957084,1874.923242606177,1873.840745520184,1870.2638877442191,1850.378178692741,1854.2475375065603,1865.944316564215,1946.304327585725,1917.5895557545,1918.619602012389,1872.5113817917324,1857.836385393431,1875.152274517483,1873.138768741858,1873.32478087312,1870.9506980886415,1849.499947646336,1854.33793888982,1871.8366678579423,1931.506899666135,1913.8512425431663,1917.5884546677012,1880.412656225048,1852.2534042687785,1875.2633781859183,1873.967500738548,1873.7980227503724,1871.430517549616,1849.6130299432944,1857.0623488268557,1871.7232581288165,1900.417128584124,1921.838840829748,1913.6947909773232,1871.2207320346024,1861.5758035467995,1875.7669509417865,1874.5635145747667,1872.038838613178,1850.3011394411196,1864.3548476928936,1870.424330529572,1951.254884928323,1919.5753084361847,1914.7307953969528,1871.228139141748,1856.4216159579669,1869.9634536620551,1874.1309430893689,1871.2235104649883,1872.1090507824197,1849.9980364146436,1860.428521588237,1873.5359465634333,1933.5523304163369,1914.1773281230887,1914.1344416320096,1872.150104512964,1851.9776178045045,1875.2667977870287,1872.527113885879,1873.8672472736584,,,,,,,,,,,,,1873.712412770697
WEST BENGAL,1874.4170590686456,1852.203084779219,1876.7362833314455,1871.9246837359399,1914.7005279722168,1895.4474603394046,1915.5246854467946,1871.2154920653447,1867.8393482698755,1857.4057094066825,1878.2052492199127,1879.1401635428397,1867.1679892753789,1853.0874600209474,1875.6360126260772,1865.9916587829564,1919.4201605401252,1898.3194170982765,1911.7927726028595,1878.0097494118293,1867.6979247787215,1860.9423947574621,1876.53624354565,1879.2567503082514,1864.4228721006261,1854.8075583053699,1872.5710379728393,1871.547179253082,1920.566486031175,1901.1527853516889,1916.9206631009474,1887.2379114510152,1870.4379543026657,1866.0395120733149,1875.9277139320086,1877.540784824316,1859.0151359451936,1858.3212265170766,1874.4987071939552,1871.7610625886512,1915.4730299408097,1898.5088386997602,1902.7685706089335,1873.1247122853529,1865.1216832460984,1852.9261315816673,1874.5969702168688,1879.6891677770157,1871.3106256282276,1853.689123333177,1875.1922255351483,1873.6789042904709,1917.8893957096595,1895.70662507539,1900.6168108598488,1879.2196531512552,1869.1714178670102,1855.6581995190525,1877.4296642770435,1879.5990668545564,1869.8629838599957,1856.8077591201682,1872.0492629131827,1872.7932011854425,1919.3297360111792,1896.1471625741622,1907.2238089548268,1884.9089101631585,1872.28913612795,1857.0259961775328,1877.9747630846489,1878.34248089005,1872.8128422510651,1852.9057631091084,1872.5127248551028,1868.4213838585047,1917.0529356470208,1895.871834533001,1915.577153436017,1885.6660917033498,1865.4536439578126,1858.3335988720116,1879.6722100798352,1869.8277891874448,1853.2806717014105,1875.074061780126,1871.3323868737752,1922.3078805677515,1898.495667709156,1909.6579100961753,1876.3338551206668,1870.09481894283,1869.6015392023503,1877.4070378585998,1877.8814023017824,1862.896455525822,1855.3941562705572,1874.8153398345191,1876.8235257020187,1918.8763620472575,1897.565639400891,1905.6293530988005,1871.2354859217692,1868.6629459649434,1867.0346676861511,1875.9489458353914,1879.6213316967207,,,,,,,,,,,,,1877.955309599048
