district,2014_01,2014_02,2014_03,2014_04,2014_05,2014_06,2014_07,2014_08,2014_09,2014_10,2014_11,2014_12,2015_01,2015_02,2015_03,2015_04,2015_05,2015_06,2015_07,2015_08,2015_09,2015_10,2015_11,2015_12,2016_01,2016_02,2016_03,2016_04,2016_05,2016_06,2016_07,2016_08,2016_09,2016_10,2016_11,2016_12,2017_01,2017_02,2017_03,2017_04,2017_05,2017_06,2017_07,2017_08,2017_09,2017_10,2017_11,2017_12,2018_01,2018_02,2018_03,2018_04,2018_05,2018_06,2018_07,2018_08,2018_09,2018_10,2018_11,2018_12,2019_01,2019_02,2019_03,2019_04,2019_05,2019_06,2019_07,2019_08,2019_09,2019_10,2019_11,2019_12,2020_01,2020_02,2020_03,2020_04,2020_05,2020_06,2020_07,2020_08,2020_09,2020_10,2020_12,2021_01,2021_02,2021_03,2021_04,2021_05,2021_06,2021_07,2021_08,2021_09,2021_10,2021_11,2021_12,2022_01,2022_02,2022_03,2022_04,2022_05,2022_06,2022_07,2022_08,2022_09,2022_10,2022_11,2022_12,2023_06,2023_08,2020_11,2023_01,2023_02,2023_03,2023_04,2023_05,2023_07,2023_09,2023_10,2023_11,2023_12
AHMADABAD,1851.8801156327763,1852.6223266414102,1875.774395619016,1874.4196808528586,1906.5042924359827,1890.6946347364546,1887.7533862712694,1865.999949500858,1875.3307650267373,1856.7317443054956,1878.206897324159,1875.8124052901453,1848.9186656354248,1850.6270089323343,1876.2465838426021,1874.8652384452519,1910.5638627284986,1890.794921420793,1885.8776143749967,1865.592425032273,1874.6903947335084,1850.1203786398091,1875.7241940729032,1875.8540839786142,1875.529874025983,1853.1225011042661,1876.046055912278,1874.8180504908057,1913.1840760680082,1889.0042886133815,1900.1557490393907,1918.9254665111182,1875.3651256616379,1847.5526634184548,1875.6832122787096,1875.7617155405362,1875.3634747339431,1852.905320361856,1875.1016487575023,1888.8986993521264,1912.8794033421377,1888.5391348283752,1890.069111083992,1898.3990132560732,1875.635691245683,1849.5552828735483,1875.6743958643926,1878.53067805146,1872.3311197352893,1853.955816755103,1875.0421415914254,1877.6946881141246,1902.4639017566712,1889.5559911992843,1885.3790801050295,1926.203397959786,1874.4343064579264,1851.1475933725096,1875.6856657386127,1875.7251275398423,1852.7733834702094,1852.8385015173847,1872.6306996195651,1876.6712597465378,1900.8212214595958,1894.2992010688538,1904.2897912784777,1873.5633692399826,1874.960692611232,1867.870353145981,1875.2098688453495,1878.7222940714792,1850.1487503959127,1854.0098479306885,1872.9591160982336,1875.5690646232322,1901.8086698947056,1888.4663381199357,1909.5961336641376,1892.4287157073577,1876.2407881419088,1875.4836652928072,1875.5531370356773,1849.8958845975803,1850.8287847228478,1875.242519893353,1880.6967123041372,1923.6052711117898,1886.931292596355,1886.5568910743896,1866.9986239250934,1872.8505915579194,1849.0607490436598,1876.2741027743855,1879.1438528033993,1877.5720680993434,1851.4643187404201,1874.5664002092608,1887.6872331878874,1911.2977790471484,1887.6829186190835,1921.4123686792805,1868.1715522821144,1874.4292016052077,1849.1237524555559,1875.6243822060237,1875.5871326925567,1890.2525491718593,1892.7215922681596,,,,,,,,,,,
AMRELI,1851.3330416961096,1875.3172943404275,1874.891643665379,1872.819595369159,1898.6843235799588,1890.3448362309755,1891.2705273365573,1868.0679028792144,1875.0747317543037,1850.4558438295353,1878.1029692522482,1876.1254176569441,1851.4005628679881,1852.9199512160267,1875.1543169695155,1875.7060222973835,1900.8811171476427,1884.8633919837982,1878.4086665292107,1867.0115887601978,1874.3258503726286,1851.2700848379266,1876.3107225693036,1876.3433255287612,1857.8697428220637,1856.600118169632,1891.560276534924,1873.2862667932893,1906.0510177900478,1880.0584749219306,1886.4351249970155,,1876.5046374014855,1849.698742450802,1876.3420236663787,1876.2994093192642,1849.9174773772809,1856.5363161574778,1882.3050351437096,1892.8492926816941,1913.1768076480303,1890.100324548451,1892.5752101337932,1888.3742233469236,1876.0973742078831,1850.6465377135203,1876.3024371587087,1877.5937701764374,1850.5934141868968,1862.199829752879,1875.2752767574657,1866.4318170037438,1892.77579833908,1886.9349001765115,1903.0880186469092,1873.203070223176,1875.3278797522992,1850.147049968344,1876.3134733510851,1876.2843027629563,1851.8922818042763,1874.3589274600038,1874.8530644236373,1886.3468422608978,1893.4271897655124,1892.340375959239,1889.0752673513514,1864.9799657708402,1875.9370398848869,1849.652755319924,1876.2170978801116,1878.4088372288234,1852.2222782887204,1873.3015987160666,1875.1681977916076,1874.8763345820907,1896.753524078972,1883.524475377999,1890.5468310139056,1867.4272998167314,1869.1774226575967,1850.6918897991718,1875.7909812890937,1851.9644999669024,1853.621773175513,1875.154257793147,1888.8939619294683,1910.9727365549509,1880.7337108055115,1877.7408456226512,1866.5373520691396,1873.7732947770114,1852.3850274942329,1876.1422199056556,1875.9220943338223,1854.8239353154836,1856.3593054230976,1872.5164156229991,1888.2380136087525,1902.4014731708878,1879.6477688152627,1899.1682420674665,,1876.5069817062722,1849.8591660571615,1876.2841859166579,1876.2705209071787,1887.54638089868,1880.832331101262,1875.3962876874482,1849.8264107508014,1856.6805632111848,1875.4077058182415,1871.2624436419856,1896.4564266188966,1897.428165515031,1873.486248214244,1851.0808382557286,1876.2611395516763,1876.1877880833767
ANAND,1858.829865776096,1853.2410793802026,1874.2328969949094,1871.2965642706222,1914.5062509188338,1891.8025795232586,1890.0348470556564,1863.460939141228,1872.6439219448378,1854.3944887844998,1875.4967055167458,1875.0533326931097,1849.6568522646792,1854.833598014331,1875.1303176193273,1865.9982842029535,1905.8163837678774,1887.9666192395,1884.3211888344556,1867.9997829408003,1872.3748332600906,1849.8829775698102,1875.5237836895817,1875.4784364874913,1858.5318940777925,1864.216397240693,1873.5773420831747,1872.8267408439556,1907.270718648939,1893.7071883702292,1899.8692523918887,1920.4535107066995,1873.3880404991255,1847.623978650263,1875.5298230228884,1875.5297874405453,1858.0130691053303,1867.2844958396531,1873.4048102682832,1877.993510355241,1901.860948684723,1888.5712969892218,1890.0064959063445,1908.338485782835,1874.336362112886,1852.050076181701,1875.4972822665993,1880.6958751248596,1875.3329346583268,1851.230424621219,1873.6177970358583,1880.860029597275,1905.1047302222441,1890.230510552378,1889.2491820859748,1920.019488409141,1872.943951674747,1851.0866650340447,1875.5309749395517,1874.8502025860948,1858.781642618051,1852.743258209079,1873.6412067585143,1872.8972021650654,1912.4800073675935,1893.3174666646732,1892.4311347372918,1925.8950992006646,1871.96038422921,1858.1624878014613,1876.1099390114096,1877.9198223792807,1848.8701524003015,1852.572419990416,1865.6210473853157,1875.2436239354272,1904.9988669758222,1891.6089001931105,1894.4334720708555,1916.2505841417208,1874.0690618851004,1858.6682741345926,1875.4344444388362,1850.0663715853768,1854.895551477358,1873.9029406351453,1875.0644795119624,1931.5768302418248,1885.2151383154292,1892.759373633215,1904.790961105031,1869.5119307915936,1849.5554973024036,1875.470154535455,1874.8168147010003,1859.3105673874422,1866.067623115283,1871.9693083188458,1873.9310612322124,1910.9411427965063,1893.3795029785992,1920.614315346017,1866.176232156551,1873.6950296473672,1848.9088191811788,1875.6264743608922,1879.6444524397486,1897.4050324697173,1866.4455165477405,1875.5469036043996,1857.661354841251,1867.7408915541748,1874.043589167342,1873.4642807411667,1909.514761113992,,1871.7105446378828,1851.1729546079619,1875.487482707364,1877.574173145028
ARAVALLI,1882.0437452007857,1853.4991428390613,1861.6792742434802,1873.3917295309557,1911.4861692834545,1892.1645707673995,1900.6275022252846,1864.1630062916852,1877.2920135211261,1850.2290567150264,1876.323792242812,1876.6865761638785,1857.9021205937145,1856.742184217225,1868.1710537808278,1864.00849727199,1909.0043977967784,1893.8908694177387,1888.8100400973067,1867.5175052080967,1877.1045634822967,1850.238111124821,1876.3415441856355,1876.023485439044,1849.9331472401734,1857.4263974327419,1870.800369853159,1869.1736091533296,1906.5243429250404,1901.3612885365326,1908.2990618037768,,1876.887693198348,1870.8546853762164,1876.329292120753,1876.0680313178877,1850.776016130129,1861.8232310325277,1875.6389363768046,1875.8297100328516,1901.7028961107385,1890.9724844099496,1892.2798056129534,1912.4404559548893,1878.5497696511554,1847.9399366098135,1876.2721758198024,1883.0565578217345,1876.1988468535358,1854.133098078181,1875.3369208664624,1893.8593683367749,1900.4339897844554,1893.9476148829842,1930.4776313947011,1877.522520867684,1876.817336982799,1849.9842227722086,1876.3411790707046,1876.1282511322831,1873.945990499061,1854.3119325902767,1875.4560604985832,1875.853275526172,1893.910209060717,1891.7297459648685,1894.1148869898038,,1869.8477436398039,1850.2329121861762,1877.6815337374594,1882.5174917839367,1881.8369087930657,1855.0953585339996,1850.4397209763465,1875.4028907519685,1909.0730003818019,1891.728642389101,1898.7362060333244,1911.6365848263033,1873.7984203873327,1850.0469861033507,1876.2691685490554,1855.3440526664224,1857.10677698568,1875.581361960235,1875.6974514323736,1921.9476178917341,1895.1060412112063,1890.1319981851764,1930.0357424639512,1855.2003348250032,1851.6335966235883,1876.344859243496,1875.55479822357,1850.2020673404033,1856.6567551211638,1875.5550349779285,1875.8061561699972,1899.3909481143712,1900.1108365416324,1892.8958370414387,1929.1175325396432,1877.6332357099243,1875.3872485516201,1876.3403224481076,1878.8896236573069,1892.8240663509566,1866.3208896309661,1876.2251823608997,1850.4914067447285,1862.6788500892908,1876.5896816976917,1874.270487794006,1909.3994528113667,,1878.6100673255514,1849.6682545488645,1876.340609184077,1877.128332362204
BANAS KANTHA,1868.4800458859586,1855.1019566529542,1874.5940780996175,1875.3130535253408,1906.890837105713,1902.277531784383,1896.469374645648,1867.6620258170244,1875.5517009028615,1851.302695882014,1878.1587581049503,1879.458813228334,1854.5957309965445,1851.2366120305805,1873.502182968323,1880.9156430264982,1915.0770520509134,1894.9952212122696,1899.829369651549,1871.2958794319159,1873.0981976040632,1854.804707800758,1875.8994322998617,1875.4852663121073,1875.1285529537283,1852.3080102911833,1863.2915534714355,1873.4219692376328,1914.411433848676,1892.687119485146,1926.6494719264147,1883.0571807745876,1874.9785394544404,1855.4608748444637,1876.0793553092376,1875.5821181127071,1877.5840914006405,1852.452931702884,1871.6724526569024,1888.9752563185932,1909.191652809679,1895.3085162823472,1897.3243429435847,1869.3880302684865,1873.6160457653807,1856.6382027870025,1876.0346921642965,1875.6414656669633,1875.6335535863059,1851.8054847678977,1873.4058055261662,1875.1940351223925,1908.5533588502008,1895.1081291466915,1895.5077847094365,1868.3071411156307,1870.2885826095817,1859.8632839086115,1875.9156161163005,1876.2335475656935,1867.516414154297,1853.9874359703897,1863.3638050832997,1882.8517879059752,1907.815929117746,1896.3924009768796,1926.175604658283,1865.793909036378,1864.8364968551373,1871.9839504636489,1875.4774224991086,1877.0164528068567,1859.348214602049,1854.937543364951,1873.1751226777606,1873.6580598994803,1904.2542367736312,1896.57660742946,1926.6546464979572,1897.6746217510572,1875.3425964913004,1875.7738909456348,1879.9692591441742,1854.8466986957988,1851.6541107240096,1874.111589061741,1875.136514263864,1917.8084453355812,1893.4002265314255,1896.2466532051785,1872.0205035554345,1873.9233387955546,1854.2467529035514,1876.1265094373184,1878.9186308680123,1879.9831279112384,1852.1721397310332,1873.3390064297575,1883.499945822673,1911.8332081445424,1894.4278099628905,1915.5379047471183,1883.4199324747635,1874.6758566118554,1856.791079814616,1876.0231668893343,1874.6592111685154,1893.6777776328859,1869.9596622230913,,1878.474579640437,1852.1654909568183,1872.9990206707366,1870.6677312580505,1905.3338713224225,1890.8954901490206,1873.0885453910291,1857.4619845088598,1875.8415995309642,1874.8887532175174
BHARUCH,1855.9029813480886,1857.0174685593502,1875.6085065739428,1868.466172555906,1913.407080566428,1892.5722031933187,1885.558064428459,1882.3551449573692,1875.4644395606201,1850.8375116819402,1876.391930463465,1876.360216682126,1851.9262705733215,1859.0163810291056,1876.4156443849845,1864.5156362029347,1901.1807027791585,1887.7934853797979,1884.7518416790263,1866.0780303760307,1875.882074063907,1850.2400667755587,1876.4414403170147,1876.4214458815152,1850.4581535140433,1874.303034795746,1875.3971865038297,1875.0060739340604,1907.5979658282513,1885.8979761926732,1924.6393988889283,1918.165299081366,1875.5388392183702,1849.9948441095778,1876.4041144459165,1876.443414744126,1850.2557198220463,1873.9641629220482,1875.1814408293064,1875.0990707212754,1900.6838967210315,1887.6337077563212,1894.8417360898363,1922.167229184465,1875.406555688158,1853.6781787531722,1876.3375947678255,1882.1121770877087,1875.3178271164522,1853.6521645099463,1875.2547345131168,1889.7386903892118,1904.0935064764726,1892.8176857904184,1887.188484476364,1901.9757770132528,1875.9923734740796,1851.4938673182378,1876.4082178571891,1875.8036471758737,1857.8192370112777,1857.0365327966842,1875.2710046986256,1870.6304546380566,1902.5019948500485,1890.2961638988543,1886.4936901526692,1910.4641737565992,1866.2594470813324,1849.3383973142322,1875.0488100127225,1875.302549986125,1850.028465447058,1856.814436481156,1855.9789015390913,1871.6049523270983,1903.835414308686,1891.0006211620644,1886.3144891405855,1923.0750807633779,1862.4716047695629,1850.4826673835612,1876.3805717247096,1849.9504018678592,1860.563095140882,1875.378052800012,1865.5059311694326,1933.4833760624238,1892.5992743958254,1897.8549920423714,1922.8861673021631,1875.3691457518216,1850.2912719115347,1876.3744277637397,1876.566956623548,1851.3074563048406,1875.0167266676465,1875.3143814989364,1875.4235380305802,1909.0976168486611,1892.8633732569544,1923.3862128111202,1864.9004607931968,1876.1142054560578,1850.0387479375725,1876.3721660800898,1880.8994920531088,1894.8880104379468,1864.802117646108,1876.3847347206097,1850.7976136490581,1872.5200500474891,1875.792066304178,1875.3713114641419,1904.1657262597237,,1875.805602537849,1852.0258399216634,1876.4171960802328,1875.9880109906596
BHAVNAGAR,1850.3502589129228,1867.2275922312028,1875.9078479166844,1874.9501502868472,1902.9144239276584,1890.4616476625229,1887.9101673281423,1868.7574945331066,1874.2234967206853,1857.5548381981341,1876.6273402074644,1876.1327152662077,1849.722077633614,1850.0011683552643,1876.000688622191,1878.7526498983696,1901.955769183559,1885.991650223115,1878.0157929256943,1867.7309430175314,1874.6555230158206,1850.0767138675837,1876.0831967334318,1876.1932544941778,1875.9340822225786,1853.9845822771367,1877.5308511568883,1867.3413530953014,1912.7929380371136,1885.1968783487607,1904.1246033194877,,1875.7974545023644,1847.048680783441,1876.052007615048,1876.1238706315169,1864.6089146743616,1854.4791710103766,1876.561134680659,1892.4857192235952,1917.4531112512836,1889.0667055072197,1890.4362101341574,1914.941629069727,1873.5999426390065,1850.5285055044292,1876.0158055165296,1875.4632519256113,1849.9678108608095,1854.621786863989,1875.9276558203585,1873.901865993367,1897.826534778933,1889.375543044917,,1872.7202922487586,1875.3501859034857,1850.5091331326696,1876.0603629909128,1876.1581619003073,1850.3693097643372,1861.4499388203965,1875.0540928890448,1884.6546706465904,1895.0425821813285,1889.1393133888484,1888.3910495514638,1880.7210834333193,1875.287898221816,1849.7008905250655,1876.0968100048335,1873.8589987198095,1850.7790119288802,1872.349898842549,1874.9739080998004,1876.5520041562193,1901.3067622664157,1889.3432229919742,1894.5252503381175,1873.22637759332,1871.5455081716862,1862.5029172513027,1875.9128656722858,1850.487231602444,1850.4207553630674,1875.9461201997055,1883.9115351923906,1916.5607968368329,1888.8027263882175,1874.7559359828022,1868.4665218079638,1873.465427714949,1849.4813452053747,1877.3402427631304,1878.601705667361,1876.1893119269323,1853.7202522466025,1875.3461338642624,1880.9196877472875,1912.968129875142,1886.3146262056846,1906.024976986186,1866.9279321066376,1874.9292881803342,1849.3964426301736,1875.987049040048,1876.1668449426797,1888.4695746281611,1911.493090450061,,1863.3767191237687,1853.4963140878488,1875.9938995379975,1874.7696707518085,1896.7947547226152,,1866.9713967732416,1850.2598330527028,1875.997903313532,1876.171184153656
BOTAD,1850.290045572369,1870.234514410787,1877.0857572261095,1876.8100731751672,1902.6911074705727,1892.2585396234244,1889.6181177852188,1868.5240363748114,1879.6231569137185,1855.339783808558,1879.6694467935781,1876.1016611288524,1849.6925978452894,1850.318490645181,1877.1354834744182,1873.2398959877585,1896.7666653245947,1882.580354648652,1882.1650003170296,1866.1114693524214,1879.5358478583873,1850.27178472097,1876.629763718029,1876.6325474886107,1876.406219816665,1853.8730893947545,1875.9989562427427,1876.82250730941,1902.275652983184,1882.0408474681985,1917.3411203740097,1916.04401240153,1879.1841170091118,1849.2338939451768,1876.6459533793104,1876.626473604515,1863.2733377077425,1857.3337076947828,1879.4201125506197,1890.8487580540877,1920.01844725912,1891.8394606442748,,1897.125651057266,1877.999939855478,1849.9732708468778,1876.6311512789161,1878.4248205429294,1850.0428870835626,1857.1924238247248,1877.1390636332437,1869.8882076963953,1901.177741885487,1891.9384098514295,1877.1332874814582,1922.784725730217,1878.1742892394018,1850.5698633871923,1876.6276891962275,1876.5558350384945,1850.0380688212913,1860.8261446915733,1875.0305772591312,1885.0665256938412,1889.9485474676999,1892.804986408468,1890.973171453244,1867.3677938022288,1875.2664668379591,1850.2453220215993,1876.51197138856,1881.1475054807495,1850.7722706391348,1877.2436235438636,1877.129222916615,1877.0167353904903,1896.6101384817803,1888.5952899772658,1903.4169466568655,1868.4894091674012,1874.7695436656488,1862.1351416673174,1875.8313089190667,1850.5388552860225,1850.7927904440287,1877.1120341638944,1886.5606970311746,1913.9557770028212,1884.11906236334,1881.2487740742743,1865.6831691905695,1841.6001568186205,1850.0472004825122,1876.4577744166547,1879.3082102586848,1876.2303408143448,1853.453183038858,1870.9346414039521,1898.2428350276443,1911.473251289017,1884.0910740040229,1920.5824325009444,,1879.0208778644271,1850.1678856843293,1876.6233614424518,1876.550072530879,1887.9818646748681,1884.5701775175505,1881.171651095344,1861.821925167547,1856.8450944517565,1877.135861477668,1868.6314641845606,1895.2796177032642,,1871.1482544269122,1850.02645085162,1876.6394862113418,1876.288642931628
CHHOTA UDEPUR,1872.9981421668372,1854.4857588340888,1874.9588717921947,1873.2303243209894,1901.997784541341,1885.361664045379,1888.1959556772522,1884.917701466059,1872.4592233258963,1850.3894813574848,1874.8199519054956,1874.6338820223586,1861.9098593649746,1849.1932910959858,1872.7578661770794,1871.3254382739772,1906.9801533085442,1876.3509685399533,1879.8128198246577,1908.3391173354075,1871.3021834374379,1848.8522093296906,1874.9518000713122,1874.9266661880627,1850.9032303548133,1848.946975894232,1873.275952391376,1869.0746169056274,1909.621634882732,1887.3735951405636,1898.0638064298812,1867.2421717807642,1872.097089926499,1869.3925086093277,1874.8723174495447,1874.947726464101,1850.9750289254107,1854.5144883286882,1874.0365804481114,1889.9823746021182,1899.0880056248968,1880.3545719304839,1891.0274224428147,1913.5426408423598,1873.9865133794979,1846.3007214049858,1874.8606583333856,1876.8047625045085,1873.092169573119,1853.1116165648905,1873.3068743236704,1892.0448939367425,1894.9717084790864,1886.2639626751786,,,1872.9197337233861,1849.2106105816417,1874.6312007451222,1874.9980739196706,1873.0180102075094,1854.472884324127,1873.4076864044036,1871.5438071733008,1896.3664242667646,1879.5655609004593,1895.1886589646451,,1868.8975767537806,1846.015366466807,1871.8366985587572,1876.8734380491085,1876.9333857896418,1852.3570420745534,1870.889769068333,1874.1514462193995,1895.2343576830353,1881.194462061245,1898.001355981513,1887.0105089736899,1872.6262961625794,1847.2280701695831,1874.9709510639495,1858.8581062533246,1849.177783227677,1873.4317054452542,1871.6016121495113,1924.9022723031692,1874.2821463306918,1883.6610082391624,1917.796271768757,1871.345586161649,1849.3104243661487,1874.6807052671684,1876.9115407230422,1848.6739679601644,1848.8285573870364,1873.1979485607242,1882.5364086382026,1905.5598663257533,1893.6042939109186,1887.7775967617133,1909.161080157244,1871.3613184813744,1872.0261598374561,1874.8887657084215,1876.618066517692,1893.5124946401788,1872.985355846558,1875.1490721918783,1850.193539854519,1853.8344099610533,1873.4056996737224,1872.0838086764722,1917.7378380690795,1886.0522947495851,1874.7067918135149,1849.3495655341592,1874.946732171489,1875.91306668023
DAHOD,1870.701207471468,1855.6183517261725,1874.562665563743,1876.8576554613549,1897.7630009514664,1882.6898298118228,1892.1823060282804,1877.3561324188886,1873.3873005416215,1850.9069356239208,1874.3352986119926,1874.7406386462183,1870.767041260041,1850.1432453915502,1871.2437842649947,1872.1456267743574,1904.9326074794985,1891.261713659573,1888.0539398876076,1877.7348481087877,1871.1473939480713,1861.6507543349596,1874.6258520687657,1874.6981689412116,1857.6832342639468,1847.9042634182438,1870.7835797293867,1868.7354588758521,1908.7112989594864,1896.5125888440755,1908.5786434746578,1866.0715325382052,1870.3324868239743,1870.076884154321,1874.619467193684,1874.8906931093325,1849.345885026655,1847.9205361696543,1874.1612550942366,1896.4828912429582,1901.7661517047163,1883.6300273988822,1891.869563511268,1875.3712923274363,1874.5301317748492,1845.7696351083282,1874.6782145687687,1875.58420318188,1870.5709508844327,1852.0259126632736,1871.880378779806,1895.5196708897777,1895.7152566654347,1887.5231522353465,,,1871.939861318548,1850.322843605385,1874.4083780453932,1875.4605640759978,1870.3000280823387,1856.8426656072932,1871.979538192309,1879.8393475263474,1895.4288004983182,1890.427330283352,1906.2539179300954,,1870.2472892020457,1845.6209887951877,1875.1788838742914,1878.4645172610399,1872.720288444627,1852.1960879542592,1868.800786914142,1877.2930815935392,1895.619585678421,1888.4897549718382,1905.5421994690976,1879.7188897737542,1871.6352311245525,1848.6293021077015,1874.6726922852727,1875.5367380819882,1849.6375520352694,1871.8255935259456,1876.3798483652854,1920.5769586714725,1888.8697008765955,1889.5153615504005,1868.3180636643328,1870.9775969703974,1866.9406479206648,1874.816436945313,1877.0899083605918,1852.7402137048173,1847.7463187508156,1874.2887029340275,1887.4615510865353,1899.7023651261,1897.8625365391356,1889.2107461307016,1928.869477311408,1871.2575675938058,1869.9290863462181,1874.6124103701627,1874.7052682010544,1899.4692328173146,1872.286245354474,1874.815729062416,1850.968783198049,1847.4693001144217,1873.7332440592209,1870.9759152784604,1921.0805837491266,1885.501774168193,1870.03952121351,1847.8895836067923,1874.6675919565585,1875.945895808384
DANGS,1867.125135540151,1854.6631604737647,1876.0090278147159,1872.7743280009531,1902.002775466478,1877.4117741734283,1887.7469876281175,1885.0414921341674,1872.0695596700475,1849.2344305778577,1874.4656510660802,1873.4726380838415,1852.0035470133796,1848.1201613614105,1871.8711520231557,1871.494826541793,1903.9726663874562,1881.3590142652426,1878.839721904196,1915.6511803653134,1870.2468195801102,1848.8019827631194,1874.5504245724157,1874.6426097657693,1852.7056169971231,1850.5860530432294,1877.6087323249199,1872.7758358132323,1913.1547238698192,1871.2442844300315,1871.2916800621604,1868.8831182580543,1870.5105324832884,1846.530249959773,1874.632690455977,1874.638867758103,1852.0677240031303,1869.375712521914,1872.5790698467388,1896.9953219223407,1913.7558254943917,1876.1419920434798,1889.4428954229534,1924.672253281003,1873.906006156445,1847.2555507659358,1874.456174221052,1874.5337591562738,1868.1379545465425,1857.2335981074464,1872.1304094201998,1881.0513479316567,1894.757585455788,1869.6168474346825,,1875.9187285337878,1872.1825647189287,1849.198814901025,1874.615158201648,1873.0121785104118,1869.5896956351535,1852.12197800175,1872.246731809736,1877.2971892566845,1900.5510498649899,1878.932160390189,1888.4812107174225,1867.8079142613306,1874.959067058481,1845.4410523678107,1874.9098913611383,1877.6588857482395,1851.7124563022871,1847.5964345208843,1872.2859167203144,1873.2687298111919,1899.1431818271303,1876.330800544231,1888.8141750929124,1897.07765829901,1870.804940533414,1845.7460903420015,1874.6589246899512,1849.9052792715884,1847.3979087409296,1872.2980531147614,1875.5337621316455,1921.888965711788,1879.7348439163086,1885.5423600691788,1925.8723348460644,1865.9650778346543,1846.1010137526855,1874.267362454741,1876.4531575543544,1849.2264500687781,1856.1760000772201,1878.223033470885,1880.0355422616633,1902.0167490138338,1891.5198884769459,1886.8400011976594,1920.1294169295563,1868.2481571596868,1845.7013565732993,1874.28055810645,1874.6674484559428,1896.0430395028677,1899.3938617138672,1874.5100347216403,1851.344040682554,1865.2457249660604,1869.6918957113653,1872.3164493531924,1912.181695724543,1870.126245306271,1871.3055893697724,1847.1738453034247,1874.6124535531512,1874.5973412688008
DEVBHUMI DWARKA,1862.8463560285597,1851.8892724023513,1872.8592653296503,1872.942046254591,1907.283018004758,1890.6375024428874,1889.7350434055488,1874.3582754366914,1872.0761683715518,1855.5078663073648,1875.499684305071,1875.814589830941,1849.7252846310887,1854.053766510803,1871.6217800861652,1868.9883467785023,1902.2293111669467,1888.3849360188049,1889.815280412308,1867.347779633197,1873.4949297522714,1850.3942983141571,1875.5990223806853,1875.8676338746125,1863.2304694609268,1856.5321950782043,1873.4025088458186,1869.918744735931,1907.3765631511806,1888.2071800348615,1902.0298928524885,1882.7124496167587,1871.9605333996403,1848.8234680141359,1875.5601263056542,1875.63323758707,1862.8870542243174,1861.0610044767568,1872.9396268045934,1873.6415721895842,1901.7780033536899,1878.017159929837,1896.5102814432614,1874.54947952321,1871.9574369380775,1849.9987754702506,1875.4776859415542,1874.1763478214302,1862.5066684946314,1860.8851899750696,1873.8461710511046,1875.4465007274669,1907.6563736497667,1877.1387853794356,1901.47553401725,1876.3655932473673,1871.7059041558196,1851.5407477525519,1875.5665115002016,1875.3069587833552,1865.6650659559405,1852.8239645286303,1873.2438162581786,1872.8211616988317,1908.9501423853596,1892.5497389433865,1888.2255863639816,1913.8323498117852,1869.4300501774678,1849.3163463219612,1875.5148223273782,1877.0521275803815,1850.8527174242292,1851.5413199575814,1870.848948542434,1872.1948200197314,1907.1147950720792,1891.9027477401319,1892.4442999255546,1916.7886517483753,1872.5642786357316,1862.624018963276,1875.7205401595033,1850.9451564920575,1854.5272340906922,1875.3763297494659,1871.189013550932,1920.9646789317615,1885.1530760771577,1891.1492127257445,1866.496413014239,1871.9594211499011,1848.8559357244635,1875.5628772563246,1875.9817330046742,1863.5928601429557,1858.608937828271,1873.4422402815405,1868.6309003467657,1909.3592307362544,1893.6887451729197,1906.753408989801,1918.6849256401358,1873.4479847037214,1850.1276162518884,1875.5296000508145,1875.644869843891,1886.6669870667613,1874.4800408193917,1875.7890173432877,1862.5647652110513,1863.5291511475386,1873.2496203925914,1872.846944589039,1914.9140704713334,1895.4379600009636,1872.8684396909744,1848.8687366574943,1874.435734563847,1876.344454807055
GANDHINAGAR,1871.2893591112004,1849.0322785040958,1874.5603843676522,1872.494521097937,1910.747168525895,1893.24333078467,1896.5538809833313,1867.2471792671174,1875.0973721593791,1848.7743968023865,1874.83764842426,1874.5423936263073,1846.8892366032362,1852.0497070789872,1869.3192476923582,1869.7702980099532,1909.931626049238,1892.240208541357,1886.5722849253016,1866.0866217351713,1871.7891433170282,1848.5940755228755,1874.7835700986834,1874.8377898229296,1869.2242077421386,1853.3560236215114,1872.4443005255766,1869.4716661385062,1907.8314133125875,1901.6368044652738,1905.3373796761266,1916.9804299268055,1872.2765322474518,1844.7590260054126,1874.7755133988348,1874.858301662647,1868.5680577157443,1859.4196377073931,1871.6847672395859,1883.0311257546928,1900.5937638708813,1886.3848381899106,1889.7290497580673,1887.1060059527572,1871.9537783619714,1863.5260843085582,1874.7092862184338,1878.3249680341046,1874.7326399155531,1854.0918485805587,1871.8383519566669,1884.1418561214762,1902.9757805409088,1892.586829641755,1889.9434010152083,1925.6481713727676,1874.7058450940594,1863.2003260739884,1874.7878462984263,1874.9173863502356,1872.0517361955149,1848.3551917258883,1872.4969500830555,1871.9786543380687,1902.4672265881545,1891.0095570034339,1904.6125705864426,1868.0291495439997,1872.5801843647318,1867.1639092854207,1875.6441570378988,1879.9915203490136,1849.2574758597088,1848.352226212216,1868.9918021711717,1872.321529042404,1908.2568943195672,1890.9995854540523,1917.6983603272708,1918.4827650216891,1872.3356218349738,1869.15178248332,1874.7510556731695,1848.893942511504,1852.2453165839831,1871.5783001897762,1873.5056259318742,1923.971638870678,1895.7046891962264,1889.5920932766485,1866.2935790156346,1867.0160967398613,1846.9249156104736,1875.4210817935025,1874.7144244007977,1869.9075664792356,1853.0543775427063,1872.6210626629738,1875.9502586180374,1907.7227699745595,1893.7827847465394,1895.935065709911,,1871.5304600612938,1847.689688870747,1874.7578785801866,1874.8071555198385,,1878.1922342992802,1874.859417042492,,,,,,1891.7400287532064,,,1874.0516948168586,
GIR SOMNATH,1862.3153713074762,1860.8450907246342,1872.7650402787542,1872.419144524656,1911.6357668578844,1881.3444184046718,1880.5236860706011,1895.389022817965,1871.2971929030439,1850.155297428102,1876.7944383892404,1874.9249509589329,1851.3993394333954,1851.6332195848393,1873.0979010723538,1872.0639475489545,1915.4734337232571,1881.1471670741464,1870.2078055994293,1870.6896958845523,1871.6637430100109,1851.4639870729418,1875.321373532443,1875.3757909507733,1851.378534201042,1851.7946425844052,1882.2350385482423,1873.832592668627,1914.8821951712237,1872.171146802759,1884.4380963435985,,1873.1767892283658,1849.4887011536111,1875.313251159663,1875.2760719889002,1850.1129412934406,1857.2254801870417,1874.6574473615972,1885.2358716551526,1909.5919857198962,1880.345843957956,1885.6014101087142,1874.506709791141,1869.4592853506529,1850.3916695465277,1875.2963849576827,1875.7543552615084,1850.6853723561753,1873.601159827693,1873.1658893050112,1871.8104348142913,1898.978702283161,1876.194516824362,1889.3482144267462,1875.6938244774944,1873.025772079416,1849.4355980526725,1875.3332623264816,1875.1231938974443,1862.496610056228,1862.2946584347571,1873.149749169645,1872.008049751529,1907.8920284675883,1886.9594763656205,1886.4473860961402,1865.0373898217094,1872.8823843747714,1847.4776452125557,1874.6683713760574,1877.1527299074571,1861.8665547836624,1860.1885354004473,1872.4957737460486,1872.756310230175,1909.6226480509931,1881.247741804806,1887.6379850327671,1866.3420161402173,1868.5941990425138,1849.355879070261,1875.1459301631774,1850.9308630375765,1851.5129583522264,1874.3031503894028,1876.5931672498969,1920.0172000110128,1882.3280758295612,1877.6072905841659,1870.8724798959015,1873.1514492145657,1851.7011865104876,1875.280378597685,1875.4075914729656,1850.7531824414739,1851.8349318876596,1874.2568157275587,1873.561350093315,1916.1975874275106,1873.37776736363,1891.840226140736,,1873.942978741957,1849.3764639746782,1875.2730621133576,1875.3071435248523,1881.9879748167766,1887.629247635917,1867.2873923266034,1849.3751235215366,1858.3473846983609,1873.105325118397,1871.1672823453673,1902.1528640927404,1887.4367374183737,1873.4837128434679,1850.2956667464543,1875.196092134167,1875.3018242194942
JAMNAGAR,1876.9234714899055,1855.206186624556,1876.8210557185469,1867.543420521916,1906.4760013332116,1889.0336684929932,1888.795972185381,1915.498298754085,1877.6707203464837,1849.9947714984762,1876.5509713711774,1876.5631188529446,1859.8495441625025,1857.0199672212652,1865.8149580534691,1867.3757344061055,1900.9854867729007,1890.4215868852637,1888.1888227985312,1875.5851095362818,1876.801954922781,1850.1220179354987,1876.5641776989219,1876.5664115975335,1850.108240669398,1857.372769013055,1876.6851600217785,1875.4535888893972,1905.7163421179262,1889.3347558428084,1891.48080221821,1871.844036564572,1875.176168114441,1850.4253478068197,1876.568321507129,1876.5752406452843,1850.6849381584016,1864.906551975451,1876.532157513578,1876.557311651015,1891.6989286897021,1886.157586984838,1895.02383019487,1869.2378513300937,1877.354843144223,1859.3458066011895,1876.5471274903796,1876.5426218796272,1850.1953373301108,1876.4721171156432,1876.5985970570646,1867.6558944464653,1898.8503719535545,1879.5670930969736,1908.4670116259135,1878.417642694096,1877.484240624173,1850.9577107965806,1876.5788728859618,1875.6380723558725,1876.5655538041842,1851.5047045474855,1876.5030406569294,1882.9342373120812,1894.8536307409518,1888.512667177643,1884.951815580381,1921.885940796186,1867.0887591241597,1848.9406601178512,1878.497727311039,1878.396915390625,1871.0784947714935,1854.6179405354942,1852.5995276866838,1868.406394048129,1904.1383456403303,1893.5857703268234,1889.409516697325,1908.0422794204028,1877.4951798045734,1850.1426896971684,1876.572253795422,1858.4110793969367,1856.6180481054494,1886.8527185780854,1869.9885009964223,1923.340995990306,1889.8509212181764,1887.4263241345311,1877.0916974439074,1878.0408701452113,1850.3655602091383,1876.5454163175964,1876.3666513531518,1850.6157146972853,1857.051205197211,1876.7018978557876,1876.7544871432224,1898.0002312424785,1889.9414152137006,1896.9602711977766,1872.8614462396442,1877.5817895873008,1850.3950916649544,1876.5637685229083,1876.5058015287725,1888.3863275673948,1868.096643231266,1876.70576446901,1850.0458091103856,1867.2388962148348,1876.5631081493066,1876.941004360632,1902.5666549868063,1899.488162498847,1867.831129648121,1861.7148920204695,1876.4309573603414,1877.0537835464286
JUNAGADH,1872.5456055080056,1856.9437740169417,1874.0525731120206,1874.0108045998138,1907.0381289522775,1886.4021123643906,1874.8972297256869,1895.2082112728804,1873.348837778412,1848.400284120426,1876.1661481340414,1875.3890377351722,1855.9845687249594,1852.0701469832452,1870.8082996281273,1868.0700921984294,1902.1009920006284,1884.1701142905843,1876.7992535774024,1888.3781479442391,1868.3368711418507,1850.6968095593622,1875.5686919400684,1875.6620775872846,1851.2701879904505,1852.799892285038,1881.118467847778,1881.1530090944623,1901.47234800803,1886.6781204243314,1886.236888958903,,1873.0449620402565,1848.6897839098042,1875.5979605066743,1875.6536492555203,1850.3553448496664,1862.6414259759224,1876.197652730165,1882.3669787937126,1901.6374813915138,1882.1180973593166,1886.0688559274338,1872.4826960661521,1872.4934514661404,1852.8259293089059,1875.6008126395654,1875.7304054927224,1850.5678201265096,1872.3457750671714,1874.2200447658702,1875.8711210656184,1903.14117527392,1874.6613357791648,1897.4623712107984,1869.2182841025399,1873.8755026010388,1850.9313676857623,1875.608647023254,1875.7447748341622,1872.4411374589668,1855.0140459879074,1874.527866162356,1873.0156451108041,1896.7752358998162,1888.0737741814144,1885.740980862455,1866.3321503066672,1867.8304385915094,1847.3169037992027,1874.2309804432389,1878.0724768247908,1866.434926121786,1854.4217152077033,1866.990002283433,1872.5586285439279,1904.1383328092493,1881.4116833733178,1883.308873845632,1866.7809208248364,1869.9582942728673,1849.9049280286156,1875.444793964468,1853.219907482782,1851.980406692537,1879.107176481018,1878.2757652161515,1915.0776431644126,1880.7502142278513,1877.701497299069,1894.2603728101326,1874.295350648013,1851.011270312103,1875.227927194355,1875.9072687428038,1850.943309248722,1853.647047043766,1874.8002174323362,1874.8481289825752,1915.7152940151213,1882.2921076220962,1885.1116251840263,,1874.516248151785,1849.16368590933,1875.570566111548,1875.4176034450356,1880.2554561674608,1870.071329128937,1871.541825810002,1849.9496193959847,1861.932177336958,1874.1392596958563,1874.6932563131836,1901.1997755568425,1889.458154033865,1870.234207224534,1854.997473993526,1874.0968836377265,1875.5848655543214
KACHCHH,1872.3627037171286,1854.65830716618,1873.51981787867,1873.4162978411823,1911.662809335099,1894.7629942862404,1906.5164337821543,1873.416937939885,1874.1063656588026,1860.8996886176153,1875.6347597208648,1876.337909142692,1862.9375976219385,1854.4822009954435,1874.194279018839,1876.1096698217198,1908.0423647362118,1891.4832306143041,1899.1949709025378,1869.568283839493,1874.4567824194203,1852.4423801786215,1876.0898143595666,1877.0733319887643,1871.1271496918912,1854.0942885908112,1875.3239241702058,1874.7409251252077,1913.0718816371436,1894.602611630038,1918.8002762218684,1867.9855585700711,1874.1128936981765,1857.7146452244158,1875.6681181717097,1876.2788300065172,1866.7115263865219,1854.412592107189,1874.1005708277785,1879.8866748625042,1913.1501324416827,1891.7200065143306,1889.999182840444,1875.2742836513867,1875.0058783215961,1862.5419604275085,1875.555046149594,1875.2675467025986,1862.3227632547676,1857.0264517165901,1874.6098108640745,1871.4399553227968,1907.681009232003,1890.462397986172,1896.426177411898,1890.7211185593972,1873.0864864895866,1865.7716562487492,1875.568078472687,1875.4000688217257,1872.8565304709393,1854.4965182070885,1874.0558112393437,1880.1668491102344,1912.81783542702,1895.4119719041223,1901.1913245156804,1884.081200797889,1870.6830059238862,1857.2947844301168,1877.2046883235603,1878.0325998084559,1868.8145259308747,1854.1665503319969,1867.1056533765925,1874.0110910612304,1907.368843113762,1895.1344953878202,1909.9285794553944,1888.2434224617903,1875.2280503523914,1863.9604273832722,1876.5104436318566,1862.6610925770108,1853.8439899524549,1876.0062318854368,1877.9899665454438,1917.8057862866397,1889.1633296132673,1906.2729142896683,1867.7870432262791,1873.899552710503,1853.493985223749,1875.6870967861387,1876.5477447339124,1871.3064023091563,1853.6717926834262,1871.6071973451403,1883.632555709428,1911.6840631334119,1895.5405181874537,1919.8912145131465,1883.3968269403404,1874.2732120430926,1859.5037692809033,1875.644496425216,1876.4262619001329,1892.6729829604792,1873.2219805048858,1876.1987725945799,1866.4054714998035,1854.4096193608802,1874.8363296549364,1872.3380949111468,1910.2986779893656,1894.575822035368,1870.321058166102,1861.911045114456,1875.5693883744436,1876.5931891599837
KHEDA,1871.3468327393184,1854.3769154505592,1872.9808017712953,1875.3627269632345,1917.7894506925961,1891.1057242773506,1890.493783818742,1864.144912442188,1875.3313083818837,1849.7117983714975,1875.8996888878403,1875.5305230479278,1850.0472702357965,1855.5955082650405,1875.8294485313766,1864.8874083095757,1907.1450257554727,1891.4689259454735,1887.1121932318895,1870.163509573227,1872.921557809734,1849.867176924921,1875.8282730148735,1875.4919410356222,1855.419103643179,1858.4668818995372,1873.3324387161174,1871.9642599308393,1903.4503937966147,1897.3007294403244,1904.7137199096728,1919.2919802105023,1874.0137134343613,1848.8476420754098,1875.911579952871,1875.7305813077367,1855.5001247270386,1870.9463503794127,1873.730703319438,1875.580419697456,1902.4041426526505,1889.7160883978297,1889.37703435667,1913.995734390636,1874.3896885369631,1850.9978039644714,1875.7172940819385,1882.3776785837222,1875.6247317480083,1853.979874660506,1873.686164829088,1882.7631261235883,1902.3410685213894,1891.8802944966887,1889.9024112017862,1925.4611300010545,1873.2041162081698,1850.2366065710357,1875.9369553439046,1874.8278066670443,1870.6540290698824,1853.5328535183796,1873.4913290858376,1873.121762248721,1907.9342211705743,1890.875016178476,1894.4676883801606,1914.0147890624485,1866.4005925742988,1854.9076240103639,1878.0023579678968,1882.072206318971,1855.9348974554582,1854.1343995871648,1866.6792499700598,1875.922112031828,1907.7031051505073,1893.0156485583811,1895.0280158354415,1919.7544829113635,1870.222179351234,1855.2541246195053,1875.8626185057224,1850.0939916881641,1855.5626981873,1874.122097745198,1875.4726671932822,1923.3771540092434,1888.6858633767713,1893.0597223512873,1874.6754939692335,1868.5228121723144,1849.4151279103296,1875.9201023451203,1875.9337368723532,1856.0368918414308,1859.4668597626103,1872.9939925207866,1873.2172628249482,1907.2450573230708,1892.5504701488476,1919.8462649467083,1866.9952396161711,1874.3853186819802,1854.5688729954632,1875.9365287632943,1877.2746122442118,1895.0620387775705,1866.3637202968043,1875.7069365441212,1854.802325302121,1870.9242268192454,1874.56904096307,1873.1012229328815,1907.8246057555361,,1873.3488253778373,1851.1093544729285,1875.9416917277733,1877.217612273578
MAHESANA,1864.4048596401115,1852.7695157552962,1875.5969679432187,1873.2650526962707,1906.3773403772416,1900.8651260985148,1895.1774748497623,1867.8125205435533,1876.407822404145,1849.1300212186745,1878.424087868146,1876.563646156386,1848.6307900236725,1849.6351729762537,1873.8515854197044,1874.1965019568772,1913.7686223091857,1893.7631669849172,1889.3778122991762,1866.3246185348203,1873.8948295664593,1849.32424042981,1875.545366746399,1875.733860211501,1875.5426922154784,1853.3495342061012,1873.6139451340098,1870.9758548448492,1917.8894044326053,1892.5562853148572,1918.428661122829,1890.3135683575588,1874.1536796973728,1847.9984310758216,1875.7293973374829,1875.8875564416396,1874.6918209262712,1851.1720560550668,1873.1229637748927,1892.8615697034952,1917.9056776969196,1894.4024641788847,1890.629953747961,1895.3434573376808,1873.9470429059827,1849.320442462904,1875.7177041162602,1877.4029745067407,1876.3627143778008,1852.8356588805652,1874.484501359849,1880.6347939901548,1900.7324841782404,1898.8965813631864,1893.1009372192946,1897.9188471129114,1873.2162454305608,1863.1025193096712,1875.771466526389,1875.7611410979785,1868.583274645623,1853.9083113251525,1870.5031689769696,1874.4606031285036,1900.8243518714378,1903.9857402859996,1912.3131454617642,1862.717541605156,1873.4601858883025,1872.4499802337489,1875.9117540738475,1879.5601154984324,1853.937628298701,1852.8350645637909,1873.842970807864,1873.1913498711613,1909.7168291644903,1891.144236833431,1926.323548918936,1904.097767583204,1872.9846334642516,1875.762908494766,1876.7227642876323,1848.6381869035267,1849.96228809539,1873.9643617440927,1874.3989403471342,1921.4319549901538,1890.9369516463025,1890.449044023207,1866.9532003998218,1874.1793754728772,1848.4852123637504,1878.0256480494554,1878.0773042043813,1879.7758533195417,1850.6267879233028,1872.260697419933,1886.6802203948346,1911.0190317823783,1891.7510497173091,1932.5600575954977,1884.4442806248219,1872.8155523861324,1850.1346516388517,1875.6542118890543,1875.4117679646629,,,1875.703851624172,,,,1865.5371604076445,1900.5691449768035,1892.1492122362572,,,,
MAHISAGAR,1880.7502216066146,1850.9002258496714,1870.0494127780928,1874.4702564875392,1907.497781433608,1892.6377880307914,1896.756723112266,1881.5565732363364,1877.5273084574703,1850.1836080376117,1876.649635129065,1878.2483519031048,1867.7865890820287,1856.2532997182225,1876.3617665921538,1865.4839567217318,1908.3429004778454,1900.4266506604447,1888.148315274378,1872.8228588052907,1877.495484558156,1852.9027689327702,1876.6379579094732,1876.7571667770694,1849.540478355422,1857.1088340672675,1874.8445381941983,1870.1324772784203,1903.6408230336824,1905.1539257761203,1905.923258378769,,1877.0225825202929,1873.6998191458817,1876.655083373639,1876.5197902014313,1850.9985640722368,1859.0292072979114,1875.642387501239,1876.3348664077894,1906.2590384207488,1891.855731701643,1891.1110102695527,1915.358377831131,1878.630831911397,1847.5905290267037,1876.6650005371587,1882.0694449367536,1876.5220311873452,1850.7990029784357,1875.5765330507863,1889.6740179233395,1912.1900990980969,1890.914782907054,,,1877.3309797478084,1850.0911248816026,1876.637570783743,1877.3857169830185,1875.250448697293,1852.0306149298851,1875.5016918289198,1874.6117719639526,1905.0224414296247,1891.8987568142306,1890.0113862736355,,1855.0911667749697,1850.6238333700057,1880.70333022005,1880.9308471381619,1882.0882275440015,1852.2571161205465,1856.0754970465507,1874.387987134357,1900.25028378163,1894.009113525827,1898.15036139607,1921.1175806421368,1870.4281307112333,1849.942034738335,1876.8708243913961,1868.2475203121646,1856.427928365657,1875.740906361128,1871.059993806493,1920.4321771737978,1900.7543234578861,1891.0837006050558,1883.2414674423599,1859.6106739557265,1861.2193575652718,1876.6432051412962,1878.166415076874,1850.2391298639136,1856.2472424841728,1877.331412493188,1876.3889469834714,1903.8084118743836,1900.9477058866423,,1923.072895821394,1876.9127879708697,1875.5746114447093,1876.6728576804421,1875.705283558851,1892.9441545821385,1866.1360297329752,1876.4323065380693,1850.78692707033,1858.6654722257954,1876.2963889536275,1873.7909739284062,1910.8925437336745,1883.666128879669,1877.5059299718255,1848.9960289611097,1876.6202069757608,1880.6008367735897
MORBI,1873.9824138064662,1855.5960595108743,1873.2600175627026,1869.503871775161,1904.2345230956298,1886.574476585222,1889.7012350062575,1888.0861611839043,1872.175184701735,1848.6221134439681,1875.4184434383099,1875.2081894984003,1874.0265199070493,1854.0708140215215,1872.8153165297977,1870.5227511013318,1907.6259067604005,1881.7812945918288,1894.1087455285276,1886.0263234542156,1873.9156203182688,1850.3366557860559,1875.1015913873653,1875.4263809843048,1869.2470534050913,1850.4101908190028,1874.241392608936,1873.9275019917545,1909.8387737499993,1890.5580867131937,1905.1658182600615,1874.9109055800577,1872.559474550382,1866.7000709466276,1875.06344978273,1875.1929593459774,1851.2985147572188,1849.8983458132752,1874.4014469945698,1888.4991558479367,1904.309087993898,1883.8937403884743,1887.606304586399,1866.5849626489048,1873.135945375247,1873.1808060418898,1875.0699479448726,1875.2107589879074,1850.9553341162248,1852.624272392582,1873.8822740225671,1874.6957560715894,1900.5073713710726,1892.371918510081,1880.6393169433686,1921.6598815482168,1873.651233945588,1850.4390592244831,1875.0895566541246,1874.7630330929278,1874.2598753094708,1852.413410572996,1874.1465092556864,1877.4308144804336,1895.4851734560166,1888.5991110386929,1895.93254051299,1889.502326296873,1870.4626532875823,1846.7139242728965,1875.7092851164894,1875.1509539567433,1874.4820327691361,1853.0817411019586,1872.4655965330205,1870.7821646029863,1901.330625564671,1879.3834327421648,1898.38993647666,1911.7552433661206,1872.9962960159835,1848.9817576793403,1875.4894682264683,1874.8071474273654,1853.2081945334803,1874.1158577922974,1876.6864299941647,1923.3850002955485,1878.7728103403267,1895.0834169072184,1886.348132132546,1872.328807756369,1850.5466976231653,1875.2737313990738,1875.6204427032555,1867.8322148640832,1850.2276620977887,1873.7824350424403,1879.2257725095549,1902.6528059325062,1889.870998943775,1908.267350559927,1893.9705794887332,1872.468056549612,1872.568951893506,1875.0439551245315,1875.2344511818533,1881.490348358316,1866.814787087833,1875.3095994983069,1850.087239319247,1849.5351398325915,1874.2701764975075,1874.4442845305573,1905.5461579851635,,1871.0986905538539,1873.1952832699778,1874.5093790559465,1875.7954531648927
NARMADA,1875.1459172955242,1851.0356710792648,1878.344721751137,1874.1655456423211,1905.1099440691767,1886.2787372586752,1881.3176754117808,1899.0534804027811,1872.8075330381728,1850.219652333648,1875.363442926728,1875.3184179733557,1849.473003513468,1850.9389921240509,1874.079743422569,1868.7610158125897,1906.8521354891354,1880.7690990546985,1885.64163296107,1905.2771617039296,1872.719880867342,1849.3777373999544,1875.3631634292135,1875.3666633817638,1850.742374416439,1851.6066140971288,1874.8574808663423,1874.6278536631132,1905.7398309833727,1881.4600130794202,1869.4292603332522,1872.5811685137564,1872.3663217307171,1851.2353577762026,1875.33113055813,1875.4159991413612,1850.6594166953582,1868.8581856350643,1873.9887366583291,1882.9718612111583,1901.50299473516,1883.8396673052741,1891.8461810771553,1924.311318891836,1873.1115129705338,1848.8820227220513,1875.450976085306,1877.8629025095743,1875.0660445674368,1851.3139411935629,1874.2237509571476,1890.7716193548868,1903.3722989704759,1888.3254386725803,,,1873.6473652347781,1850.341367030902,1875.138798535291,1875.1212278004573,1874.891677496426,1853.6213320448542,1874.3886183666561,1875.3241941860606,1900.4037293180197,1881.843061647464,1887.8088623491349,,1865.5937410038769,1847.4863151591298,1873.1551688956588,1877.2638103055795,1868.2883246385131,1851.1041177653915,1872.3937249936862,1875.3128752766793,1899.5696977013276,1881.1078497854362,1892.5549924950224,1900.5710528279706,1871.5974130840107,1848.3016450975135,1875.3786156418305,1849.2306244095544,1851.449043471024,1874.2188209927306,1873.250470730223,1928.342031618949,1881.2372393293201,1887.5510138242691,1925.6580358212857,1869.4113300715035,1847.5625015480966,1875.5135778044407,1878.1348311345791,1850.955732319394,1853.4739337719639,1874.4958610182014,1884.1922002768617,1907.9450851362508,1891.3301294731816,1876.282576712077,1898.5854288109094,1873.4191768411115,1863.4384260203794,1875.284029754609,1878.1125330135674,1891.221792741032,1869.5350721130862,1875.602325478841,1850.3598321732877,1864.1262897451297,1874.5279401974676,1873.7114262658617,1908.890732136394,1891.2368592232533,1873.2759841419406,1850.55345505167,1875.5156306281654,1876.2893194090855
NAVSARI,1850.8714216043466,1855.5043900023604,1874.254533928315,1867.6322052541252,1904.6609950260165,1889.9386793189444,1879.8398575164965,1913.414405312499,1876.7676921405234,1849.8706578719332,1876.4541736490078,1876.2020893654733,1850.827673113129,1866.8341791087075,1877.280910888206,1866.5541366602072,1900.5122792727739,1888.7746059823864,1888.687691433845,1891.802015550616,1876.9366351198416,1850.7002153382439,1881.7105282411824,1876.2185742552392,1849.7168347507957,1874.8673265925968,1876.386060842553,1876.1675765827333,1916.619831319467,1886.4656161329706,,1873.9503278640493,1877.683796209728,1850.076390705344,1876.439903032149,1876.5549724984878,1849.6621324269202,1874.7674138576813,1876.2585030552718,1876.699338746396,1919.5568164411318,1882.4404997089014,1889.3458584299533,1924.0943659658858,1877.0472002103693,1853.1731760293283,1876.8442234241152,1881.1840239588992,1872.4304515708436,1856.1106463676967,1876.3314276516653,1870.5828537273273,1906.7496974119474,1876.7588947216839,,1867.17567806407,1877.6150390368975,1850.0493782383282,1876.4413616915715,1874.3440362732445,1851.3804650140828,1856.2373785784698,1876.3290417224198,1871.6314386708766,1903.981197623673,1888.7316724353645,1881.537975268668,1878.9992181115824,1865.8328680780228,1846.9135440311243,1875.7432434304947,1881.5402328172884,1849.6708404791843,1855.7365405263768,1877.0754923017535,1869.4825906997517,1896.7814328850382,1874.2496025427654,1885.7757200851925,1903.201903990376,1874.17582017644,1850.320320440681,1876.0757961143995,1849.7258914042784,1864.1345351947668,1876.3608965674687,1867.1839133942058,1928.2748478734572,1890.3054689215894,1893.5406924004833,1924.9609452667228,1868.347440725438,1850.1728293791748,1876.4855554519943,1875.9642042377086,1850.1341724265735,1874.9406515051805,1876.4399813317686,1876.2303700690748,1915.204186590073,1889.0293550496906,,1888.0496472531006,1870.7943017522102,1850.030397331253,1876.3811188227803,1874.502402740298,1892.0619555553453,1869.2520551543678,1876.4839267225345,1850.6484431842507,1873.5931429916193,1868.020478420561,1876.4287154711028,1912.689807774989,,1877.164415672452,1850.7668957163164,1876.4738663483477,1876.2121220168324
PANCH MAHALS,1877.3308258398924,1850.7858588427323,1874.5778014234816,1874.2802045659325,1905.337463519465,1891.106853431896,1890.7170231761156,1902.7906744463055,1875.9001981180575,1850.1263135371685,1876.691960906302,1876.676440209948,1859.5924985323873,1856.6233567864676,1874.621891538865,1865.6046858345517,1909.6310338316955,1898.3872639133358,1886.5605876902348,1875.1401767045345,1875.0696994524742,1850.181136780335,1876.6554782512028,1876.73618903002,1849.5450950386028,1857.162605135893,1874.5299429610334,1874.7045395507105,1902.703398746102,1899.0543808770515,1905.0648487608644,,1875.0270795604922,1871.3494478226103,1876.6874763727349,1876.7815294078664,1849.964131252369,1863.982242833671,1874.5450248584923,1875.8607037118263,1904.9963739966338,1891.4124350071984,1889.8355893881062,1918.3860012796176,1877.5399594444336,1848.7223127017135,1876.6451483593994,1882.8309073300277,1876.725762569805,1850.4151649343867,1874.6436263634953,1897.3449015696103,1899.4807582648377,1893.598029907155,,,1875.742516692073,1850.166787584779,1876.6918016589714,1876.3532536166274,1874.6731190515452,1852.2710007809674,1874.7968333619806,1865.393621147876,1904.3709107837153,1891.42508423792,1889.1146761368218,,1865.3663256663938,1850.5024115234462,1879.4865093329279,1881.2028467262767,1880.0811075751353,1855.1857589564422,1862.4068899935698,1873.87046215159,1899.4099517923125,1896.6706658182507,1893.3736358426033,1923.8999287220684,1868.9806124858062,1849.8383006441825,1876.7963223930005,1857.5215810676684,1857.0260282277002,1874.8991345855534,1870.8254476416066,1920.3990101527838,1895.1174924672807,1892.6140266063535,1927.3274401378117,1864.5693740071194,1852.319715983122,1876.7103482590433,1878.4166960731166,1850.6192442926108,1856.5075224763516,1875.9267962244755,1876.2573360153058,1907.307531214661,1897.5219294547862,,1870.5014674473746,1875.5066901507575,1875.1590692339726,1876.7768758085472,1878.537617240644,1892.3888102524377,1866.143472105065,1876.6816908167973,1850.5439513813865,1864.428212539321,1874.9209072146368,1873.6993358139987,1913.356642875394,,1877.5557911049975,1849.698855300427,1876.739609837123,1879.3202701219004
PATAN,1855.9753881780148,1856.3685064089498,1874.1002975769557,1874.4642754836161,1908.7462622106175,1901.1381318404774,1893.756934684398,1867.7406630143853,1875.4355452613497,1850.4882671530497,1879.9234009402755,1877.4657806876364,1855.2495490079984,1852.184221484485,1873.9792395250156,1880.3887319279233,1915.8861808769607,1888.7237871306725,1894.2230654080518,1870.278458021464,1875.006837816156,1854.6438731021242,1876.1262328976288,1875.9923188718622,1875.668817768501,1852.9124634748948,1875.9574402329451,1877.2404807323346,1912.8227212197726,1888.6330229889993,1912.0122462217225,1871.6303754654448,1875.247354944616,1855.350024538808,1876.1779822052572,1875.9049894754105,1875.387948912091,1851.0205379677284,1874.0478846211765,1894.9108597209383,1917.595865218394,1895.7888980838784,1891.2213240425244,1866.15777816972,1874.3872100569845,1854.8158606143563,1876.1564014557905,1876.0173974342172,1866.1674835802294,1853.1784147924427,1875.0480574180172,1877.1790785054247,1904.9638975613607,1899.5136730406107,1886.7908296923022,1886.1130368714628,1871.2644359748706,1856.224490530667,1876.0257832005268,1875.6531998859155,1858.942270367341,1856.2145518031955,1863.0974211561845,1886.9705944861291,1904.7564839415093,1901.8713283922343,1913.642922710254,1867.1530480869806,1874.4128653402938,1862.8048728315516,1875.64528822521,1879.5226412787783,1855.6634729185453,1856.153063486494,1873.1060904180235,1873.0647019060386,1905.1941610006086,1891.2734178022038,1927.6728781742545,1921.3292026589618,1876.0030765576453,1875.5593677593374,1878.6473299526176,1855.410790138224,1851.945541927863,1874.4089582858317,1879.444481040438,1921.4299436044641,1888.8302719611813,1895.051155050851,1871.1203658728912,1859.0139023150757,1855.0570552158754,1877.936656635092,1879.023511869952,1879.5732391224037,1852.868569203462,1873.511340043174,1893.6402317107156,1910.7613662876965,1890.080862355733,1930.3277297597144,1880.5455770104072,1875.7339722544405,1855.1432606027322,1876.1788387955824,1875.587795255411,,,1875.9350860763202,,,1874.4909912932744,1871.0815743094547,1901.4927921247802,,,,,
PORBANDAR,1866.77785734994,1856.7920968909032,1875.6202766300025,1873.225670098416,1916.557845968187,1890.7748351069079,1879.3194677546046,1905.5145722064842,1876.3957349167047,1849.3345621151364,1876.3681941275881,1876.4700081389406,1852.419971805187,1856.8461723955024,1865.0898308291717,1864.8925441953565,1899.2932059836871,1890.591738096689,1882.6019043741642,1868.3825184272198,1874.5065018926546,1850.081181453149,1876.3587229326772,1876.739044944132,1850.9675583076705,1863.6974219364029,1875.5085482375657,1870.2729782691367,1906.7314398738308,1893.9680479759659,1885.8026783454134,1904.5388526982952,1875.4810815396806,1850.3020610293165,1876.370448209229,1876.5014224037643,1850.9005711383304,1872.8614600536891,1875.1180274229355,1875.0647417431312,1905.4805626377859,1879.3089254440458,1888.287360472593,1868.047871505104,1876.6346395655537,1850.6757765532739,1876.3370299533149,1876.6506052086336,1850.3954810298803,1873.7720853835892,1875.1612548711298,1872.1154201566335,1906.64925385782,1875.498646314603,1897.5087491085872,1866.3261049800115,1875.46875314171,1853.204630372808,1876.4032514326907,1876.116392189042,1867.9741587174472,1856.5818664611315,1875.0354670979173,1875.4452502206327,1905.451389495417,1889.8523426558372,1882.132698697401,1917.2509933993697,1857.8138722861831,1851.304765579745,1875.6857752960263,1880.817862855616,1850.4835264344913,1856.3418196049242,1852.0974367190497,1873.51249516762,1919.7806676111222,1894.0368824139473,1878.7635177047873,,1866.4128454312497,1850.2536813292493,1876.3744704027583,1850.5191780373882,1856.3966716728848,1878.4224589444325,1870.2040392670222,1912.8248627478806,1892.2318114324685,1887.7351844432058,1870.517139365667,1876.148256409518,1850.7320173767996,1876.1806458651615,1876.7222935339412,1851.014883993584,1870.0149407574397,1875.4945455401526,1867.8606283295337,1911.7962653991945,1892.8752936098724,1889.6278869842156,1862.0926546809308,1876.22765837871,1850.237507377306,1876.363645167009,1876.5444967681833,1890.609277317161,1866.8198731441391,1877.4860333826703,1850.4667910869032,1876.2098399053266,1875.4815176966094,1875.2297944140355,1918.7411911459026,1891.3373889903805,1863.4778015470547,1850.1549807494478,1873.9723476377558,1876.6374882313112
RAJKOT,1870.3668978637622,1858.9062518796707,1874.3612998489639,1876.135846121795,1902.2720597518553,1889.8503238774365,1886.4348732738852,1890.7846151321014,1872.7963019360386,1849.36588357493,1876.240532919629,1875.270635016782,1864.8121685293515,1852.1944257099406,1872.8989116356558,1870.642907465119,1897.9012220102618,1885.4078792319506,1888.0631990637457,1882.0616983137477,1869.9121286024786,1850.4356065750926,1875.4590726811477,1875.5465489584246,1855.5915087595083,1851.8626830261721,1882.0247978016657,1889.7682582079988,1900.4876332326808,1889.5999683890846,1890.4321337202093,1903.3815927198611,1873.5911514297743,1849.0378538734913,1875.496159539899,1875.5396554932427,1850.5332758346954,1855.028549935738,1876.6935540268605,1884.4121284464413,1904.4819491185413,1884.9783854172858,1899.6574371512538,1868.9766410584516,1873.0373188594122,1863.3832839948288,1875.4825640887702,1875.5403514387676,1851.2002206255424,1863.3488483272718,1874.7255347066357,1874.5351050677727,1898.5541539603403,1886.421863415475,1907.0288863050725,1872.9773469981014,1874.2382861857118,1849.8784057357925,1875.498403138024,1875.270518726862,1870.3698621937274,1855.548586026004,1875.8032774844175,1889.5051010004122,1890.9250565866587,1893.7934175418607,1889.1974732756855,1877.1786955178627,1869.9553022082687,1847.5898174140661,1874.4589698668008,1878.345482047121,1870.672581606861,1856.6979915282452,1871.8238968557764,1873.5947226574294,1896.6741864475032,1882.1027497501514,1894.810799148451,1877.4478336986072,1873.0016874318183,1849.7025737794474,1875.3844285386417,1864.0376119895889,1851.5367439440386,1880.4729137089155,1884.7799491629398,1919.2127629899398,1882.9209348920967,1888.195563998835,1887.0349959963419,1873.9799610809807,1850.7209597006508,1875.449832179722,1875.7255142411416,1854.3813841930428,1851.661892617274,1874.5842842860854,1891.5816139162605,1899.9692743651713,1887.3484345975667,1898.590307909259,1902.5906452428464,1873.5207963824823,1853.9491057314299,1875.4729746992139,1875.528027315236,1884.4192044619388,1866.99582053919,1875.5220600050836,1849.969182887623,1855.1772522486003,1874.4805969857168,1873.8851808559098,1897.2527550109214,,1873.9646912531473,,1873.8127131945173,
SABAR KANTHA,1878.6290681450307,1853.0090302752758,1872.891934908792,1873.2345775096057,1917.215768853382,1895.2451988618534,1906.866844035261,1867.8062034237862,1872.4508775619936,1849.8739056108288,1875.5480594346025,1875.546259583429,1852.6391853828914,1853.7246174552154,1871.963753025086,1871.4418512006048,1907.5721708425879,1895.8460390711264,1891.1788408670718,1867.093496574603,1870.7651927894542,1849.720889194338,1874.9848324913103,1875.260320848308,1860.423870460641,1853.8796348994406,1871.0010964804028,1866.9604284184147,1907.7575517781697,1905.8098929891044,1917.5713011033183,1919.8275880848325,1871.541915301957,1861.3582408905377,1875.6815792816305,1875.5209559337652,1859.9160348986218,1859.0296276621123,1870.125883751284,1878.9421176439514,1900.9897899277894,1891.630716140335,1890.923841958232,1891.9100038562835,1874.9522829095624,1855.3157235625956,1875.7619132317463,1879.4194500875233,1875.5162140895206,1854.7613332275466,1871.1622397824142,1893.3130890465488,1897.136073882756,1895.659845324096,1920.271077583073,1879.8699283770977,1870.8220638886175,1859.561651398986,1875.7946628342158,1875.5796762771718,1873.1165054243759,1853.9416518988864,1870.6070199864491,1879.0535367544358,1899.6023351439571,1893.8678560353317,1907.7820224849133,1862.957595772434,1871.8381404542217,1859.1425979164997,1876.326508300146,1879.4801256712212,1875.7647700046302,1851.0179426483535,1868.9209859328785,1875.4663037227208,1904.9916860958456,1891.5075700448588,1915.6880587590863,1891.8314465164285,1869.875848141827,1860.4248056631386,1875.427645221413,1850.8097383384684,1853.9667486480957,1872.2949457266523,1875.5046519477926,1921.2938322042785,1895.6942722516485,1891.2134627530502,1889.9844857045075,1868.80735074957,1848.7388564236383,1875.6520418578648,1874.068820023893,1860.822526929527,1854.3432532191973,1871.626172375689,1881.3694790855477,1905.2992458957358,1904.0260075884873,1902.0609249493918,1937.1982034468506,1871.5762447651753,1870.8600547622736,1875.6753235695935,1877.585730700404,1892.117208005413,1872.9682284551707,1875.517780978053,1859.09620052952,1861.269245563597,1872.0774813876058,1871.3175022646337,1902.9015982825852,1894.5541820699416,1874.7089134606517,1857.8839350216185,1875.6028988916653,1875.514416215332
SURAT,1855.2783119325563,1856.4623470003648,1873.1825790292198,1867.7636304610753,1913.4216865707367,1890.226404735943,1879.6280328397602,1902.7595593696567,1876.9335895252425,1850.1965475183501,1876.4748951037004,1876.1577811271459,1852.0608117882373,1862.299337914917,1877.2851774005405,1866.147715300591,1900.774371178371,1889.7808770668064,1889.4241870907904,1873.7834373747428,1876.9303183208117,1850.3074932584536,1877.238922013208,1876.2658616836284,1849.8398805606382,1875.4872961714846,1876.185438118269,1876.264800732076,1916.4837761561566,1885.1915581225715,1871.8490500519135,1872.6126343708315,1877.0003010015212,1850.007985934968,1876.4787215279507,1876.4754107527556,1849.8146249758104,1875.143783675293,1876.1417417449834,1876.5789601150636,1910.635762452733,1886.3952338574786,1891.8634433737932,1924.4939154050062,1876.7961450451796,1853.075140092916,1876.4593802440988,1881.75695469156,1873.1450250097912,1854.5746881753091,1876.180163192832,1881.1399163214014,1901.1183393839256,1887.6189171813742,,1868.5396135976762,1877.1430131492787,1850.7224969673198,1876.4384801753542,1874.8339324346898,1857.391509721245,1856.8783308375796,1876.1951594055727,1869.7444071643677,1903.0491974240028,1889.9502175964058,1883.5503687502087,,1865.1458712384742,1848.9072919890705,1875.2144508152815,1878.053043187419,1850.1286795210754,1856.5689909616324,1866.383008155822,1870.4328132012995,1899.9972391244003,1879.673935716942,1885.9226483847,1912.2803045831888,1872.3728236055076,1850.1183751545357,1876.4471924875102,1849.7878281387905,1863.8926035242578,1876.2628563180438,1865.3756224545334,1931.4775724930005,1890.169020304626,1893.9606988267465,1923.642652122659,1872.8396099920567,1850.138886065191,1876.4717129689195,1876.132227691426,1850.2255163350871,1876.0888199975582,1876.2670905545408,1876.6675267210219,1914.8649182935715,1888.41875036382,1877.994573958494,1873.768675981851,1875.7808601081304,1849.9871846406938,1876.4428842740465,1876.2567097386811,1893.5595419816316,1867.6074848966825,1876.4946641450463,1850.525378312622,1873.5517430770876,1874.9091750931234,1876.3765862633047,1909.1755649015493,1882.0909725103454,1877.2006842290446,1851.1780526506418,1876.4918454283243,1876.833295016021
SURENDRANAGAR,1851.110391987034,1863.149716218558,1874.454063477604,1874.6036560223738,1901.8940694059395,1893.8379272332131,1888.4240913532717,1866.8585941660153,1875.2575765980575,1852.0516697870983,1879.4042474949808,1875.9676558271779,1850.833710404229,1851.7918109200066,1874.5628571891907,1873.40108507451,1905.461677789812,1885.1604433681216,1887.4403049527677,1866.0212844271202,1875.9948632128571,1851.0437590817273,1876.3844816993112,1876.395807817296,1876.0951247632502,1854.0768259026363,1876.6789578103683,1875.1517053945267,1908.6175242765692,1883.0762645113891,1902.4630511197543,1897.549111867966,1876.116840534374,1850.592570005431,1876.3918536972446,1876.3911172609821,1867.5556886300242,1855.5835249384854,1874.669452056072,1892.5354468698224,1915.9822673512624,1895.1926832657475,1891.2598459963435,1871.2059542477446,1875.0854450704496,1850.6705351273592,1876.3485259908416,1876.5506539116234,1853.5067378676129,1856.2877782759613,1874.726118327899,1870.2663947772621,1901.485463541053,1891.022434336598,1879.1043623557746,1924.1685961294131,1874.801720632963,1850.0848871824683,1876.3791462422364,1876.230806657347,1851.2309952043781,1858.601072564856,1868.5551989514586,1877.1390683493319,1896.3575351193094,1895.5939117022342,1900.4453851309997,1866.9799317499183,1872.4544614160288,1851.8400051327144,1876.1043966853363,1878.8246123754113,1851.8609872831767,1866.8940814471302,1874.7393478292745,1874.7176679487684,1900.148857176847,1886.638596743397,1908.7851591737913,1868.9625934660132,1875.3809355111318,1867.5731326085036,1876.745383607166,1851.251288263227,1851.8718663788982,1874.6839940022815,1880.5522912145884,1919.7726571085193,1883.9461818469147,1890.7476398499148,1866.4564802395823,1865.1067880800206,1850.292802554085,1877.5753169591267,1880.9191513333997,1876.8371054841489,1853.0917897001093,1874.2882935079535,1889.9503518354115,1907.7007964248578,1884.2178067937953,1905.1430378414677,1908.7621565266509,1876.3302284022789,1850.7543075258507,1876.3425840100294,1876.2942913451798,1889.8141880739427,1871.7174816525285,1874.6698800096713,1867.559392900224,1855.3625423177243,1874.8512281921683,1872.0896632790361,1899.7191515482093,1897.2942999131888,1875.8989979940193,1850.6536434345373,1875.5442949763885,1876.1158328719455
TAPI,1865.0711621965631,1853.481592520835,1875.4208482774793,1872.0623380130369,1906.110527511036,1888.9914699781675,1878.7033607687385,1890.5864219101932,1873.1013863907183,1850.0448703560678,1875.2493671985058,1874.4370172707984,1851.054221157117,1850.9576285904786,1873.8962623891325,1870.0685962094994,1902.7318910673123,1883.8385865561247,1886.0653126501156,1913.542421985054,1872.6144087200007,1849.3212516638087,1877.2878473856772,1875.336188764533,1850.9989755463444,1860.9249624027932,1877.314138611743,1875.1199368970756,1914.7335432162472,1883.6899663803147,1873.0960366120933,1872.982613780318,1871.2766634241395,1846.9341083013376,1875.2774321914912,1875.5261255333517,1850.703331733088,1870.876629454268,1875.2180119489612,1882.7838988728636,1909.8736100463589,1882.3649867923014,1887.966746768824,1926.4930644230997,1872.9433772102486,1849.6404807966667,1875.9055943237315,1876.5765433137067,1870.8004060023482,1854.839599769996,1874.1903013019785,1877.104412886598,1901.6508713268706,1880.1933317704938,,1869.391350856085,1873.5243496305482,1849.8455286157325,1875.014309415321,1874.4720938743374,1867.431374164101,1854.148545542201,1874.1609341970682,1876.832037708396,1900.4120096880424,1884.9014100925692,1887.6257031608914,1868.6807725530298,1867.5948030606987,1847.3895432877382,1874.780041585514,1877.4319473097619,1854.6448941409965,1850.3847589720579,1873.5793219009402,1872.5269770937202,1901.1264687383848,1887.613461160115,1889.3239948364435,1887.0041619846327,1872.049462118912,1849.055078651866,1875.5204711260824,1850.1004894092107,1851.3879572575497,1874.231972644872,1874.688535954454,1926.5024285582926,1879.4174992834894,1890.0633415348098,1925.0714945368377,1865.6125444104898,1847.8603585029714,1875.2521869933116,1875.6334828177141,1849.2117555880354,1861.0738035310644,1875.7171529668774,1880.3816716639835,1910.1744435746562,1891.6221389030657,1883.4744734140677,1912.1676985574645,1874.0445142531203,1850.2652684721033,1875.1240868129103,1874.909423776226,1891.8294777658955,1874.5185582629163,1875.4669196014552,1850.5813281004507,1868.2581572726144,1874.7012288974415,1871.5087420052782,1910.3984742622247,1883.3206148821541,1873.4215417092441,1853.1665780603619,1875.4001022617304,1875.8932800565283
VADODARA,1872.7560747673997,1856.9868675398227,1874.7013515803949,1873.6065935668967,1915.442752366716,1890.4716421622677,1886.6476890392883,1882.1140766011065,1878.2194638690194,1850.0438230975694,1876.580473667059,1876.0511321920844,1851.8139363657529,1857.021823806014,1878.8615913058666,1865.519368239485,1909.1842941608447,1888.6896779114077,1883.3272731194263,1870.1079881435594,1878.7669817385786,1850.054774641595,1876.4538587425423,1875.9971897773653,1849.7056967810124,1862.744762893139,1877.0933007043811,1876.431132175632,1907.040919027583,1891.2450514396223,1898.0480443254694,,1878.9509398647454,1850.4440247472346,1876.5874464810106,1876.3756675925245,1849.7268816195651,1878.2726822113298,1876.98461668417,1876.5916882718313,1903.2338026250882,1888.4215447886104,1890.43990910234,1922.9507251194625,1878.8031465772067,1852.082711457498,1876.1988055092743,1883.298057834379,1875.816087712402,1851.6754679213705,1876.9451175627084,1884.6185102004154,1907.1063249719862,1890.0781494549642,,,1879.0005150471136,1850.433141180576,1876.5948715966956,1875.8702574140711,1871.0930776119194,1855.981779386479,1876.9058696895631,1870.4401212344906,1908.4231292344373,1890.5237086739378,1887.010791561163,,1865.9063284815197,1850.2155469243655,1876.2649787359803,1877.6040078487395,1857.9494508013659,1856.9829152760524,1844.2308820393737,1875.1746215537128,1904.5405339911495,1888.9948777319673,1887.366483458509,1923.655273610311,1874.3925222887765,1849.9034254196417,1876.5925338492953,1849.8395355520179,1857.1697237332678,1877.085748834604,1869.0992210620097,1930.853756952495,1891.0976145381176,1892.6040358343316,1925.2618118661608,1870.7591017029986,1850.240722873017,1876.5691727834624,1878.5307073048718,1850.616675356322,1865.2215552516586,1876.8924327236373,1876.6628403085997,1915.0262672773554,1890.604013867924,,1866.0111761352296,1878.187356936123,1855.4102790466543,1876.444703541218,1882.100252190388,1893.2317095068138,1866.5555314962635,1876.378010969673,1850.3155536984893,1877.0646106564693,1877.6274104298654,1876.753114436919,1911.4201680309748,,1878.7850396418796,1850.7973183373615,1876.5404516428878,1878.5072351989927
VALSAD,1851.2009757150356,1853.8857881707436,1875.8577139445208,1868.7818394283709,1892.562796072783,1890.0685561238572,1886.671088571454,1913.569242596361,1873.731194902699,1849.604502424983,1876.152947394748,1875.8038340430517,1850.2605620457634,1871.8405495094935,1876.1266272626378,1865.934348582735,1900.4912869571256,1889.247476213246,1886.0812624888185,1901.410176663457,1875.8932249857712,1850.3547517247664,1883.5284579408465,1875.7288524109144,1850.1437103903638,1875.301758029462,1875.9557656640102,1875.6048203289831,1916.4870571657807,1892.0787184717433,,1877.3798548865104,,1849.7150258530846,1876.1239179211466,1876.2054437019742,1849.894250804733,1872.827355157095,1875.3571253158987,1878.477446336955,1919.6652359857908,1884.515366032052,1888.8530725956,1924.1599997733797,1876.2088634662393,1853.7308373409453,1875.8150351569884,1880.2533815522704,1867.0326244174662,1854.410793540776,1875.5148050664518,1867.9733336600139,1908.2644273110025,1877.1464158073607,,1865.8989474345717,1876.0319645485297,1849.829540235128,1876.108262775795,1872.7693143396282,1850.6378215447303,1854.8214395357895,1875.870475570559,1873.2049459158513,1901.5099489511795,1888.3591841159234,1883.9216451506218,1869.5617049506357,,1849.7553935218243,1878.547320974642,1880.980563220573,1849.7443165511963,1855.4069778287144,1875.798256695295,1869.6854953212742,1891.461452124654,1881.676803042134,1880.2425063265625,1907.111006154552,1866.0274772075907,1849.543688209083,1874.6451026232078,1849.8406955556607,1870.8417580498003,1875.8728672167736,1869.9307051760711,1926.6292083360038,1889.1152175810619,1890.6425660579325,,1865.3300797208537,1849.69971070795,1876.2279334326577,1875.7894753541448,1849.952756474425,1875.396904069627,1875.6301612484394,1875.6951496993722,1911.950908350351,1887.4217515634214,,1904.8933667632189,1867.8130810838873,1849.60827992466,1875.9911522211164,1876.3274616174651,1887.6708978060058,1872.4695554198927,1876.2129247054356,1850.9236758987702,1872.5510843499037,1867.8483285157902,1875.7521883401184,1917.507775611936,,1875.9534329994642,1851.2920206399722,1876.1637239866716,1876.7385694188802
