district,2014_01,2014_02,2014_03,2014_04,2014_05,2014_06,2014_07,2014_08,2014_09,2014_10,2014_11,2014_12,2015_01,2015_02,2015_03,2015_04,2015_05,2015_06,2015_07,2015_08,2015_09,2015_10,2015_11,2015_12,2016_01,2016_02,2016_03,2016_04,2016_05,2016_06,2016_07,2016_08,2016_09,2016_10,2016_11,2016_12,2017_01,2017_02,2017_03,2017_04,2017_05,2017_06,2017_07,2017_08,2017_09,2017_10,2017_11,2017_12,2018_01,2018_02,2018_03,2018_04,2018_05,2018_06,2018_08,2018_09,2018_10,2018_11,2018_12,2019_01,2019_02,2019_03,2019_04,2019_05,2019_06,2019_07,2019_08,2019_09,2019_10,2019_11,2019_12,2020_01,2020_02,2020_03,2020_04,2020_05,2020_06,2020_07,2020_08,2020_09,2020_10,2020_11,2020_12,2021_01,2021_02,2021_03,2021_04,2021_05,2021_06,2021_07,2021_08,2021_09,2021_10,2021_11,2021_12,2022_01,2022_02,2022_03,2022_04,2022_05,2022_06,2022_07,2022_08,2022_09,2022_10,2022_11,2022_12,2023_01,2023_02,2023_03,2023_04,2023_05,2023_06,2023_08,2023_09,2023_10,2023_11,2023_12,2018_07,2023_07
BAGALKOT,1851.1750212880077,1876.0492558593994,1874.1387358456996,1878.0397478479924,1881.628564747372,1875.2654463522506,1869.7719684073857,1884.2695358817384,1873.486547133815,1860.2612923983017,1866.8027361497761,1868.2181981135593,1850.3457042500454,1875.2614078379365,1873.9118676537162,1873.3082658676167,1892.0201244130365,1885.1998973679415,1870.6669415919068,1925.3263175057227,1874.9570891650321,1858.8533811437562,1866.1362347426157,1867.51269869331,1851.5056782989545,1874.5265321983723,1874.4177024893622,1870.1351087959913,1888.4339166713378,1888.4494958474252,1866.7136927293693,1876.134448593446,1869.1188337776703,1853.9185500406384,1851.028575136831,1864.6292720083707,1851.8977265891958,1870.199266121041,1874.5348635702,1868.621665530717,1890.9413232281454,1884.8578214738238,1870.2601381106194,1872.4266569434537,1868.9567245397132,1856.039525563816,1851.9875277560122,1868.1368581605582,1851.9561908805947,1872.8276600223494,1874.334440468353,1872.35856040771,1883.4497413094691,1878.0161717564065,1865.7751684151992,1870.0363077625473,1856.541376455058,1848.8570390771736,1867.8763106914266,1852.087574070203,1875.9265061829783,1874.3093206698684,1874.3690760521667,1897.3864614506683,1872.91108379975,1871.4416451526654,1880.5601370525685,1870.8583035863842,1858.1150170978426,1867.94020435897,1868.907910847786,1850.7132109522736,1875.4246675353468,1874.3615774674338,1878.3596003855507,1892.6686745706672,1870.4295005090175,1866.4855104342437,1866.375349671686,1885.177032386299,1860.2499212222183,1868.243525229415,1867.7524656778166,1849.6573559688657,1873.281412524833,1874.4195797040254,1872.8735332742735,1889.7397073036575,1883.5340442381175,1871.0770476581765,1904.3102461233111,1875.4075454370873,1858.6696771242425,1863.778221486534,1868.2625767949762,1851.3704283959482,1874.6724470373456,1874.4370755622408,1865.0385920113617,1887.3235098370703,1887.2185794452118,1867.5495028951066,1895.4521229327686,1871.5876418667888,1854.8189956882609,1848.7174684694835,1864.1839005992385,1851.5549484086146,1870.0450243731486,1872.9618328005765,1870.5503242121229,1893.9402772372584,1879.3879390870418,1876.675699819785,1867.714832732614,1859.7121494698802,1853.425834807318,1867.5889184416894,,
BALLARI,1850.0244047326817,1874.861755102637,1873.8034540196793,1869.9421220926283,1874.0788563561737,1870.740654281462,1869.5412006415813,1879.1573964037434,1867.3050601176346,1872.1784142612737,1848.6885750440192,1858.1472509114294,1849.7154146363875,1876.4687393447516,,1870.2338723342725,1889.2782069220266,1879.3698034293013,1869.2492748008476,1878.3421720122656,1866.8074948998853,1864.7704250259405,1849.300952441991,1858.4898316331703,1848.1429227279818,1874.8147762938597,1873.9528315916623,1880.7959514473919,1881.889483378209,1877.287360583024,1870.369288084195,1883.6960469193307,1867.1475604543211,1862.4898008825658,1853.872253427911,1856.6933452143223,1851.7340973380606,1874.0633239494912,1874.2177721377238,1892.2743792669912,1894.1523869597004,1872.1963198228736,1871.5562316293021,1883.7869806679064,1869.71613750297,1853.3288459774406,1854.9464238470798,1852.9318699810376,1851.7340917873998,1876.3800780130557,1874.4846436981834,1868.7720994502981,1891.7142186995825,1875.8754910774032,1883.6850924444966,1877.3671496369873,1855.5414460948446,1856.340760139817,1849.5591107403093,1852.6165080370604,1874.746713019161,1874.524981630775,1871.3881318216786,1897.062355358989,1873.140723623836,1869.8294994475307,1901.4447326490945,1867.748078656131,1874.0211296452997,1849.1312978164829,1849.9962801179843,1848.6163998866966,1876.108181282603,1875.1026155162547,1865.7949359151794,1893.0167439660338,1870.350443993173,1869.8355095960787,1866.310776585385,1873.3743026863378,1870.2928588782936,1849.3414002577822,1858.1206955184052,1849.6416963263955,1875.1430041965518,1875.8126312681625,1867.0974460857387,1885.1022122174472,1873.607206944888,1867.0400713377358,1863.2002383310478,1865.2329783310934,1868.3628548734516,1848.2409447880693,1857.7159742848755,1849.5145251768895,1876.538781195406,1874.8245389475576,1896.3543067939045,1883.361400687814,1879.3080004431438,1870.6173423435998,1896.1016438347135,1866.4814806966315,1858.887368291989,1854.8447716913654,1857.4597882359562,1850.701901423849,1874.7694624681928,1869.4071449960716,1891.3186230714628,1893.6593501487373,1870.8986210349442,1880.2825143281596,1874.0153122508623,1854.1658221472169,1856.3599544220613,1854.0001610503407,1866.6826330865003,1866.089768864233
BELAGAVI,1851.3059475412424,1875.9670731621943,1876.356886813447,1873.437103322159,1893.5957566327131,1880.027200940745,1871.9811868835905,1892.1127508872157,1870.57215570425,1856.15274870685,1858.4673009200408,1860.3021469689245,1851.0234795021413,1874.7735229090997,1876.4872236419667,1875.3045075603081,1891.5819428440327,1870.0737666711022,1870.686489836419,1885.471857061199,1877.3228561092883,1854.8504650638276,1860.967197829001,1855.1773609933223,1853.3355740330846,1875.8166072322942,1874.716854143966,1870.9498720351917,1891.7189811837354,1879.7913694051213,1868.6653954109274,1881.2464090740195,1858.8751588448333,1854.1605985598878,1850.2632714102303,1852.202920084748,1852.6403241179062,1874.7737276363948,1875.8041681045759,1870.1130435354162,1883.5288805397017,1880.706168015969,1881.8923844141564,1899.3838620853935,1863.247622555975,1875.1360617952064,1850.7450222776051,1864.1848475644977,1850.6623145843246,1877.2929715373043,1875.6712454244162,1870.1374480170991,1882.411554335055,1881.4490558374193,1921.9729807726162,1870.14607837904,1875.1591185534394,1848.9569042102794,1861.8668457999534,1851.5126504057582,1876.3319540451798,1875.6752817061329,1876.125894731058,1896.078499885609,1879.1757089196283,1870.6305115642185,1921.4717078818858,1868.121252205517,1860.7505813792723,1855.935299140914,1863.237240523148,1851.0723816197192,1875.471209897259,1876.1358257936693,1873.4859412639632,1884.0926608775876,1875.9322553168026,1873.003663955537,1928.188622948401,1866.744070597713,1855.879372427746,1860.4688231125988,1859.8565720028766,1851.2527313660541,1877.3836518919009,1875.733434953945,1877.7025748184624,1889.929932392494,1885.2734358991552,1872.0862459341752,1893.3620649902177,1873.0253674357775,1853.3456646525688,1861.9635244102128,1855.846981429707,1851.4356277925565,1876.433708866394,1875.758312841502,1873.4518216151878,1887.1075841380002,1877.5452541830243,1869.4521283049407,1898.0736554519524,1874.221640761703,1851.1056907000736,1850.7315335067385,1852.6085907784277,1850.566274549284,1872.7115609095108,1875.9321266914242,1866.6567462980559,1894.0304734130837,1879.1215887102317,1885.2112739392533,1865.3007872643427,1876.7804777575045,1851.0268115205972,1865.0541086146436,,
BENGALURU RURAL,1850.1865755040294,1875.6821799560848,1875.3866453396965,1901.0194464875892,1894.3838520277927,1865.7206231705375,1866.8240396182723,1869.1393167997337,1866.3227426945275,1865.5573889124805,1850.291589812699,1850.4215247847462,1854.3515951358936,1876.3487310779265,1875.5031230955162,1866.4943665447636,1886.0759383852208,1863.7442238474998,1866.3513683783601,1867.7286209640145,1867.650241729014,1856.4454253161064,1847.7426068582092,1850.3756439744657,1854.8774836728935,1857.9496330172208,1871.4468232772542,1870.7218511722722,1886.4622653136203,1864.136591270093,1865.897769066611,1872.6881700742192,1871.6445541466705,1877.2970183528678,1851.9205419001682,1850.2850311187524,1850.5321586007813,1856.2033652248058,1875.472191727806,1864.4564822542925,1873.7304656779136,1863.395663240662,1867.8717266831882,1876.4071728738263,1869.9413257634715,1856.285104934583,1850.2676195195097,1850.5110135659206,1852.0783210125755,1875.7786854523117,1874.2862986353425,1877.8110298263302,1872.409154371748,1867.771833590667,1866.7464967532876,1865.9813892835066,1874.7498395938765,1850.0974678009077,1852.1072371991231,1850.0231103299436,1875.4992944647133,1875.3396960794748,1882.886796181331,1873.848893958159,1865.876766373789,1862.6172516330562,1867.547733744909,1864.6079770596368,1855.9365348912481,1850.0379841885435,1850.4174236287051,1853.6818087330696,1877.5439427591186,1875.3355219576986,1895.987835597095,1892.1242549365745,1865.287156003615,1865.7580654863755,1869.5965940428853,1864.5866372492458,1875.2275672467904,1850.5069585760627,1851.2088333101808,1855.1470257753053,1875.8506352437155,1865.2941590946123,1866.6189043783888,1880.6543573433805,1864.6240237512923,1866.5246321930063,1871.5105572589512,1868.4228893994548,1854.3159303825792,,1850.4147141181727,1855.8297972289993,1875.6677172411785,1878.40763878529,1867.1036476296401,1886.0860822128882,1864.1153862740398,1866.7440051378867,1880.2763430598498,1881.6517437980685,1873.7335236083795,1850.0409416786376,1850.2011324540886,1850.1432351632698,1875.7847010661203,1872.3371254959548,1868.228325243035,1871.1456566061531,1862.5031381969413,1870.7463039996978,1870.8687158679077,1876.522812376757,1851.4607305045674,1849.9180317855835,1862.7845046348164,1860.9485384974143
BENGALURU URBAN,1850.0910348217944,1875.0256496864358,1874.689981497713,1903.501531946341,1893.3907009792238,1863.99222659318,1867.1529114426733,1868.2256918105963,1866.1685621827778,1867.599589661379,1851.3722121002268,1850.5619634856691,1855.7669358202963,1875.8035046626476,1874.4642306313635,1862.8147871480248,1888.8928761835534,1861.6199395255212,1866.5439774460397,1867.4005247834205,1865.5491294556377,1858.1615828543477,1846.845243382205,1850.1543122619025,1856.5808619510235,1867.3102102356959,1872.306321145776,1868.6949780073817,1883.6696946104512,1861.731306691067,1866.2152778418342,1871.1087572906883,1873.0718347940983,1876.2675364574254,1851.9963987846234,1850.725041476718,1850.9502883932046,1865.5615127848369,1874.4754490633131,1864.5243708618011,1869.761901739619,1860.6448703000672,1867.4019762979506,1873.70170509723,1871.4888707369407,1868.1154748123438,1850.7371754894364,1850.856334729213,1851.6092184914396,1875.492670332633,1875.0330575949324,1874.5405382484864,1873.3552957128597,1865.5344066946493,1867.694808032668,1867.4397378127458,1872.9146521084517,1850.3347185530695,1851.2285094942738,1850.095097089547,1875.2695534193992,1875.0277331128748,1895.796176013148,1874.2071132996125,1863.7026378554092,1861.2468516530735,1868.1901395856169,1864.841537586108,1865.9547510073185,1850.4067430240211,1850.7355551428882,1855.6045589216278,1879.5720136864932,1874.9973128060983,1897.3141168397449,1888.8288606291537,1863.6516151391556,1865.38485831872,1868.9043408506514,1864.986348744821,1871.489004108403,1850.7903273351137,1850.6999804860284,1856.228914159273,1875.7759379279664,1876.7163466448524,1862.8973104850538,1881.896058791203,1862.8243031283976,1866.452118574076,1870.8736182784667,1866.1337574739732,1855.355712511936,,1850.6225504313018,1857.079829014081,1875.2105539862089,1876.7375884438234,1864.7492619540792,1882.3240595933376,1862.2817790898557,1865.172874349826,1867.7266553324025,1883.2773814112732,1874.5481568821283,1850.0343161196026,1850.2746679540626,1851.0837241954673,1875.4758331113248,1869.1266354626393,1870.047225348041,1870.7036323837951,1861.0855608591992,1866.8600104565883,1871.0026811335158,1874.7790351285148,1851.4433772952407,1850.5842381063662,1861.9896760361175,1860.2541361196447
BIDAR,1850.3926960997621,1856.1995119313174,1875.1468502026305,1869.6384031872344,1890.6991790296101,1870.804377255519,1883.6270463489284,1904.7496137971766,1867.513459238296,1854.141594719122,1872.0959952511819,1875.5747614929242,1850.1405541865472,1866.5741489552772,,1870.9663343975217,1888.845623811151,1876.3132595907355,1880.3138351958185,1922.5013828204378,1868.5146627452682,1854.7881480263904,1875.1135881095715,1875.9390326739722,1852.6022434539468,1871.0301964239513,1876.5872680570017,1878.8657646281301,1892.6831492464917,1870.2208197086898,1885.0804854444675,1908.5204466652606,1874.2587013844507,1852.7731896383978,1875.9539875478044,1875.7452630090227,1850.2462094924454,1876.1728374621966,1875.7933199518877,1888.8948520389724,1911.480107825902,1882.0619596437184,1881.2058280555273,1918.5351983708326,1863.2174254821623,1850.1317988486705,1875.637913787547,1875.960846892793,1850.5552774425194,1877.3801368423071,1875.710808219637,1875.764142171301,1889.8029498516005,1872.2571171301852,1902.0391167472746,1875.2228767677605,1850.458569651244,1875.920259226225,1873.971398818195,1850.351468100859,1876.1369913727299,1875.8957500537244,1876.0131808178046,1887.0881532174403,1876.183325631477,1875.2499196132906,1895.339411223069,1865.5768483560685,1865.2433401532455,1877.0339754292459,1876.3688537833686,1849.7175356356775,1866.1203389478414,1876.1531960461555,1872.103931149797,1888.5189367201963,1878.6286714247744,1878.4691175647058,1863.6123428095482,1871.0483834557845,1854.8610373793645,1875.9341872644388,1875.9783961007522,1850.1184351829584,1874.1333413893715,1876.792344270376,1871.3450433460857,1891.0554457202215,1878.0185275521421,1879.4156756641692,1865.765085304908,1879.0283546184592,1854.098743706517,1863.5945860965949,1875.7966969030113,1849.5205781590266,1872.7503966164188,1869.4972031002612,1871.7801015271486,1890.6698984749023,1879.244887721375,,1910.064122988023,1873.632071782967,1849.6383958334177,1874.761397483185,1875.835409325678,1850.7853403298782,1875.994417794868,1876.2852270711771,1879.4804057226281,1904.5994420921202,1873.4332594621528,1909.0114620509923,1868.6097860325824,1850.081268376106,1879.1141584446234,1876.0000005387315,,1878.802893856338
CHAMARAJANAGAR,1856.2828300951733,1875.3015966749092,1865.6295824999559,1889.9514310856528,1891.0363124737623,1868.6939186614584,1864.1210382020088,1865.9259171381298,1866.6607952275572,1873.8840343683653,1850.610324471553,1849.775928693323,1858.6745699078444,1875.5946311543473,1865.4573408856438,1868.644231109444,1874.8530287985393,1869.5212026141746,1877.3874041269576,1865.7229049247883,1865.01857200994,1871.491559969467,1853.52091972823,1849.5069771332535,1867.8981007168645,1875.5391081936034,1875.5171617717353,1866.9239358212526,1869.2540428207242,1871.5897113003184,1865.8163760430077,1867.31493768945,1868.7230681392239,1874.6627314056745,1851.4028169723977,1849.1510625612136,1851.1615276965238,1871.2532357849896,1874.7022063481652,1866.5176703726725,1868.8080165808678,1867.7569644528958,1874.8407629391465,1868.3709949674956,1873.6598799995686,1858.4492635458032,1849.1968764771163,1850.1599530234591,1854.1978163097165,1875.408382686688,1872.9494385129312,1871.3232708803218,1878.5771597928835,1860.8737073374823,1870.6925721475834,1867.876030097129,1872.7753108180968,1849.8029728469055,1850.5295555456635,1856.1127996963971,1875.3882209079256,1875.0963449304145,1873.8628689326138,1874.5169981798126,1867.7082689603772,1864.3802538154291,1867.1607127625218,1866.2707131928785,1859.4355418575526,1849.2138841370338,1850.2499131451477,1855.8892185001732,1876.8798152687937,1875.4384743107018,1884.8281523123765,1879.1359294699469,1869.191142212454,1864.728388649879,1866.370332709534,1866.3006513960331,1862.438383458334,1848.1411753137247,1850.1210358718927,1859.5256886514426,1875.8485779887033,1876.2384813910267,1866.356466729065,1878.8995182604965,1870.2081270137157,1876.5086427579163,1866.4496300006422,1866.1636713221076,1863.8715191497274,1850.9992680348632,1849.2166312817924,1869.8402377185255,1876.0696023757657,1875.9910386998918,1864.4521336644843,1873.2414429447529,1865.426082324653,1869.99969286456,1868.0993951183882,1877.4408848609355,1876.3351740827002,1850.277514463126,1850.254195949086,1852.00741254169,1875.298784604434,1870.598918988097,1866.6624879319875,1869.82975270694,1875.3734894630363,1865.4876405341738,1872.0912835089337,1876.0179366125205,1850.0979156479298,1849.9728420812164,1874.2968044290456,1871.832661161593
CHIK BALLAPUR,1851.3417058347686,1873.7361744651432,1873.7180066245257,1902.396333898373,1895.9513262052365,1869.5648924169495,1868.6092302529887,1870.758664582913,1866.482123438443,1861.997464981213,1849.0738939949451,1849.188593589406,1853.6071524668757,1873.569826289042,1874.095581541151,1863.8719965098492,1885.741557697702,1864.968037130452,1868.397043837046,1871.254469192008,1870.9481036654818,1852.609878623316,1847.8802155754836,1850.4773655059657,1852.3829824579943,1869.0833313682217,1872.4676991410463,1871.5920777407873,1887.9267659911825,1866.1818022437255,1868.6820533269042,1882.5389039108206,1874.1096620436153,1874.0799707281672,1851.4298193734692,1849.3310801040493,1850.774725425608,1867.0387620131773,1874.1748016214592,1865.4262199647821,1878.971388370675,1865.984795281072,1875.4114495898968,1874.2643265280212,1870.5814736838204,1868.3074209279112,1849.118618374795,1849.181593963543,1850.6428276639137,1874.0835429212702,1874.4157789333663,1873.9474878278938,1878.8701559905576,1871.118163381464,1867.7835238106256,1865.7567309722767,1869.6700902153407,1848.8752108708577,1850.1222791685511,1851.1052442517368,1874.995215912435,1873.8374472327491,1890.6527566967352,1879.5102064371847,1870.4210522499325,1866.7243620970269,1870.0613403646955,1866.0353617603441,1867.839779185025,1849.3511264374945,1849.134715559687,1851.6548984802334,1874.659312088437,1873.7263460119868,1897.0765638251164,1893.0354588713094,1870.1527345683949,1867.83378165886,1877.9731670112699,1864.3341105907477,1857.3761168186306,1849.4616568949702,1851.9156481464656,1853.5577624766802,1874.2451373071501,1868.998532823624,1871.3743175501204,1877.6785353951755,1866.1388262447158,1869.136422111345,1876.3578293823623,1868.4621333158439,1851.834209954916,1846.3702351725349,1849.1958771010343,1853.7017384066428,1875.6884483382757,1879.3700238978872,1869.4519055790151,1885.976524108188,1866.1055448016307,1869.340723121665,1885.990375261287,1879.6619489726288,1874.3399047806035,1849.4031815967503,1848.9580883297808,1850.66286298978,1874.0688748399502,1873.2731966583417,1868.877571658758,1880.3478040173907,1865.110469521029,1872.9657276065984,1869.2098852797242,1872.7552956401928,1848.9146589469801,1848.728872123578,1866.4014239848684,1862.3810664389348
CHIKKAMAGALURU,1849.827427786896,1876.27519707816,1875.88661238476,1864.3344251315557,1882.968841241165,1863.8713956279182,1869.9120306250245,1873.045820522823,1867.789170733628,1876.6118311208634,1850.522978357414,1850.6205231793667,1853.0616863104901,1876.04946672851,1875.4185696289896,1865.8001567966155,1876.054713182673,1866.7753585942887,1863.424857915578,1868.533071091992,1865.854688414548,1869.7688103554842,1850.3016071989898,1851.2099838097954,1853.0089512251893,1875.5131721230293,1875.3164743636976,1867.5009492662166,1872.7978081338651,1865.089440650447,1868.767943223271,1866.974428992311,1866.3510096388782,1876.2559094451838,1850.986667473231,1851.4436823637313,1853.1335909285608,1864.9986522380973,1875.808064137945,1883.2019203296338,1893.441740424071,1862.9791978278336,1868.250932370485,1868.3088168834904,1867.258912105452,1871.7663286368568,1850.6956364334653,1850.9194858689937,1856.1414583246512,1857.3986876567415,1876.2045809181357,1872.9551754745887,1883.058754547914,1866.4924241280723,1869.8900438259197,1875.6617417384932,1866.9797955276038,1850.6024637273454,1850.3423780435523,1856.0932143255786,1876.1865627506195,1872.658286547191,1868.5620754749925,1877.523111547033,1863.4713907254334,1865.5827873070305,1882.737347989463,1871.141099332051,1876.4304118382242,1849.098727444042,1850.0745076579497,1852.2808754167315,1874.5362761658116,1875.593489029154,1864.8857441405908,1884.1358977235639,1864.5955482091583,1869.549564026437,1868.408667563052,1916.4705685887884,1876.052882827212,1850.0691540715113,1850.0305836073903,1853.1121841002878,1872.7630336688883,1875.152345320341,1867.8662774924344,1889.639052786627,1859.4101349007724,1859.9791549158454,1897.6785291763008,1866.3415121424264,1874.3857025290106,1853.576846605986,1850.6049384659777,1852.0647307983697,1873.9968225133157,1875.7752145509053,1879.6568218284306,1875.6014504538794,1866.1701481202747,,1872.9283862892285,1865.5935317019173,1877.421386043569,1851.6822789515493,1850.1584440604283,1853.1613691448454,1878.4330282664657,1876.225154689854,1886.3175738739158,1887.146874777939,1862.1635558599485,1867.3769348845037,1869.0200197235158,1876.1586619811821,1850.0858011348248,1851.7501690700096,1871.4920566423482,1868.5874530532078
CHITRADURGA,1848.4918433206553,1875.3521192827611,1873.0519795452647,1872.984138044349,1880.4738834634818,1865.5396523088987,1866.8714703643343,1876.0761600898954,1868.9401047897406,1871.7748398465653,1847.572695129579,1848.1619036061152,1849.5630596263657,1873.1626418610101,,1870.301564202306,1875.3735810785429,1869.9453246738485,1868.1802908548382,1877.778475680575,1866.7235984570937,1864.9010735993768,1849.8696481262486,1851.2921262357831,1852.5220632487512,1873.238583773198,1872.4571247896142,1885.2009892934648,1880.0930269003516,1868.7784076762412,1868.5391417890373,1881.8636245785522,1867.2819040780282,1869.1552773494325,1850.42707957277,1850.8660291203107,1851.4778354856198,1874.2741267009237,1873.3261795956646,1888.4153786213465,1897.2903455974792,1869.3063642253562,1869.290877274915,1876.5048172654244,1866.9041609294861,1852.6518936004784,1847.8137446298738,1850.1433776401138,1851.9390384848277,1869.5441154993823,1873.3414153102005,1872.3385927831669,1890.778315993324,1874.0060153032603,1876.1202348532763,1873.4557235036027,1851.2290821051697,1850.1722725765053,1849.9789119871032,1853.0830493852989,1873.8507348390588,1874.6420022846721,1872.6613838658106,1890.9181366560804,1867.613422624257,1865.4861239048937,1897.455147844835,1873.662766165315,1871.5188552751333,1848.1088061138623,1850.983523002517,1848.3181839609765,1874.0466430102476,1873.85505729512,1871.9384036366182,1882.0619801332166,1866.205620118515,1866.809830219026,1867.9952453935082,1871.851189169986,1875.3564297447735,1848.7061326313612,1848.5755836478247,1848.4178731522543,1873.097717023724,1875.0751849320757,1872.064267951479,1881.0921316282142,1860.358226680726,1871.1864697911608,1867.0968879128354,1868.0188260362154,1865.3568809779972,1849.5662389382003,1848.4834911569023,1850.974874777744,1875.145598863569,1873.5626760943649,1905.7511371269911,1883.4352679021997,1868.2588944196996,1869.3376921446181,1885.9724151988587,1865.7015069445658,1866.6842212118192,1848.3641216224678,1847.736610597269,1850.495505068359,1874.8056306778333,1873.7551171337989,1890.914404667496,1893.7894315912756,1869.1195284053617,1874.1726291921661,1866.7747639020251,1853.045591783941,1848.2542054567568,1849.9761929503868,1875.6078972868904,1871.4200255531434
DAKSHINA  KANNADA,1853.1904323913707,1874.914412769907,1874.429434041368,1865.0039538182093,1891.0435386073846,1873.8236057695394,1876.4948911995023,1890.7873747076176,1865.9001970826284,1866.0735589261615,1850.0104711040497,1849.9091972971296,1853.4637291264737,1875.1284519721585,1872.1961979655844,1862.5061778157883,1872.47016767258,1861.7543586597246,1866.0136396612081,1865.692899806138,1865.7770514847305,1869.263286256164,1848.1694252260452,1849.3045568080438,1851.0920538271964,1874.0657080424203,1875.4834617553838,1865.2935582719701,1873.0331258107874,1862.4138131367254,1874.659010804934,1865.6633740411573,1866.579257570412,1867.5503260048033,1851.0256229201866,1851.5500948402564,1852.5756026688503,1869.2809893232466,1874.726559983485,1870.1304904644942,1889.5918602014835,1865.9861631956708,1876.0194212509014,1866.9092607134469,1869.826824211631,1876.8419016489013,1849.7978574322601,1850.3757192959006,1854.1325765555748,1868.1056959189668,1874.1225881629996,1874.9609488300978,1889.8264009781512,1862.7969149166204,1868.9954141506512,1874.6211462164715,1872.8502784945806,1849.1848930745184,1850.522724722741,1856.5305096604484,1874.865739334727,1868.7183124919425,1870.2665571593968,1891.0539044454679,1871.7263767910574,1874.6978932946593,1865.2179759415908,1874.442502736487,1874.8805360108015,1850.245831420794,1848.8557952537756,1852.2373859770832,1876.29509066268,1874.6386598827407,1866.1509323855603,1878.3819820597803,1874.1530989846788,1877.3417138685604,1866.1082566552584,1914.5025543735692,1874.1430475133993,1846.4910127811984,1849.4695091451108,1853.0410844044916,1872.2158814801976,1871.071154263012,1865.9072655171553,1877.4648388452974,1869.3263469095339,1862.0442293718463,1895.9385121558018,1865.635980890422,1866.8332466202073,1852.9939436700727,1850.7993870323623,1852.1140327100177,1875.719202007619,1874.4718957409996,1865.8254575676567,1875.548096881351,1861.846425898583,1877.3387309461489,1867.5228243123486,1865.743677268433,1876.5215501721711,1852.3525561962244,1849.152911857656,1854.187987822482,1878.8060825614075,1875.8597845043648,1870.29605102201,1893.3714733121556,1868.0179994250364,1866.2360152638048,1870.043934560609,1875.123316021909,1848.2865255785828,1849.877669710099,1867.3093963319684,1875.905765322019
DAVANGERE,1849.3291153238627,1877.5792519387717,1876.269685198841,1866.9072610549147,1868.0492612281078,1864.2936276613211,1866.1462425330153,1870.893887077722,1867.173419557246,1877.5891232305994,1849.2972144235075,1850.6733143504814,1851.2787494038223,1875.9643160534245,1876.4208753900361,1867.4832663044097,1883.5867910057736,1872.335403304178,1866.0822034732266,1870.1337276080253,1866.713850431235,1873.8507123639959,1852.211174945785,1852.2702878723871,1852.5686051324194,1876.180983116471,1870.9310293087692,1868.8768250577125,1870.8800230319293,1870.895518799064,1866.8199557843448,1876.0255315485656,1866.32536201376,1876.3220814214976,1851.1372730225326,1850.9707066505787,1852.264319284582,1875.3588031001016,1875.6704775947192,1888.0551723110252,1897.16419585451,1868.7206911284234,1867.1088286353577,1869.2218045400105,1872.9578212472707,1860.8059991710702,1850.5010654617986,1850.4372627219366,1853.7934969161627,1870.2316896654518,1876.0668184345352,1870.963754651607,1892.0755306777237,1884.3107768446348,1868.4698569680374,1877.9024306374306,1856.7217451080787,1850.8036732463243,1850.3061739639309,1857.1048601964317,1876.1095877800306,1875.9026446698126,1871.323282052986,1893.8694217495504,1866.2770673936925,1864.0412755110015,1875.9766582845707,1850.0191630212412,1877.3932480843653,1850.4602732699263,1850.9109808690605,1849.5370056984161,1876.2518534201956,1876.0370509268303,1863.4912710978297,1888.4950042474065,1865.0153643970052,1865.748661672452,1872.232087166881,1871.9670281179037,1877.5807249904526,1850.5107814602807,1850.7150497288596,1851.1492452873495,1876.2986158103668,1875.6979371756834,1866.6409531610623,1881.1337272568119,1863.8933034738504,,,1865.7059511535006,1877.6931163492625,1851.693965014966,1850.5547181434824,1851.6949445423481,1876.287312399703,1876.210277033957,1877.7644232076186,1884.1902576929099,1872.5115936609961,,1884.5108912743497,1866.0680974553159,1877.2984615068563,1850.3469868634277,1850.5895513086784,1850.9353490175788,1875.9906097807034,1856.3331545800143,1891.1708950543596,1895.1374961612144,1867.304481755899,1868.3079244517878,1875.4282734304045,1864.5094790512935,1850.366123584344,1852.7650101175514,,1866.3945506031084
DHARWAD,1851.4090798894256,1875.287916684604,1874.4644510531493,1886.475158618212,1881.1671821253346,1876.982247338355,1872.6223844327226,1893.5797946516857,1868.5748537144689,1852.962741115698,1855.5134564809198,1856.4287434696132,1850.0667444460964,1874.2496941488066,1874.5202961470588,1874.8460536846808,1890.3428934345131,1874.4774523645283,1871.3541233698033,1910.4208026336491,1876.5965990592742,1854.5914375516368,1860.0225978859241,1851.5215075358635,1852.3361938605876,1875.186531725178,1873.9343338631495,1868.1598995775316,1895.7073938878393,1880.8115557182634,1866.5050722564781,1881.947614972051,1873.6822387298967,1854.6032316084752,1850.2543667806863,1850.6837313302797,1850.9737717433893,1870.8837008958033,1875.2926248011,1871.80202746863,1879.152637918522,1875.0424310049832,1871.342687283749,1877.769532044818,1866.6601824742784,1856.0713974619778,1849.488109927668,1865.7019760982141,1850.8462605928733,1877.056709791794,1875.22288264599,1870.8197324265868,1882.813236904441,1879.170331857751,1867.737854272107,1867.1565843705598,1866.676853595238,1847.3872003257795,1860.6886863235568,1851.0603144672928,1875.8985252065756,1875.1905007231003,1881.6703039012548,1895.841349108126,1881.8747708589865,1872.6523932971409,1865.4566001749404,1872.216484336286,1855.134387986225,1852.6948312710515,1862.39436473923,1850.5060785813253,1874.494694807699,1875.0754548920822,1888.255550286488,1884.2314793760445,1869.3313917249845,1867.0659303681928,1867.5374943370434,1881.9069575331598,1851.8748509548325,1857.1777742972477,1857.0715313262742,1850.3412983862042,1876.230455920188,1875.3922742393938,1866.715589537161,1884.400761063682,1878.9997235438238,1872.607404288193,1908.7312450443565,1878.8467285666861,1853.65233808345,1860.1593084392366,1853.494115738697,1850.485357164085,1875.668864469097,1873.1594505592966,1865.003792029436,1885.2214749460684,1877.9632309653832,1865.6980191431564,1906.8216008583538,1875.2049810087146,1871.9333217977955,1849.008850859763,1851.4604631971777,1850.932577366917,1875.438991941624,1879.2144645913388,1869.838997015369,1891.8082511832283,1873.4375455147278,1882.400750820376,1866.113929967651,1871.1485437105991,1850.5814642590212,1865.0857820140302,,1872.2043180298933
GADAG,1850.5511066468898,1876.1206592324534,1871.4949991994292,1870.5796214631764,1870.3977476888913,1866.2654067276637,1866.764145638239,1867.1814788872407,1866.7005801947287,1862.41108442011,1858.862701298629,1860.8245833277826,1852.1852442485701,1874.9850071466642,1872.81665752098,1870.1047948331206,1887.1829024416588,1888.5168120006672,1867.4970409075825,1885.4233144078023,1874.1284565859607,1865.0936407001939,1860.6070802059808,1856.9745816514292,1853.34224945951,1872.7954503854128,1874.4665379924775,1868.4738194545357,1890.1469342069056,1880.565465436168,1867.329919551238,1867.4001099944912,1875.1862887258342,1861.1116085732071,1851.8605010647714,1852.4181890350899,1853.0381957258762,1868.056803047268,1872.57205070544,1862.411539690144,1894.7183659168422,1870.2522783516872,1866.6131707762881,1864.6040778040008,1871.8216246207792,1851.7564394370224,1848.4110177952916,1860.8261332342806,1852.9677698094683,1873.9918078456317,1872.4135217518863,1872.2986377891998,1889.6437147551583,1873.2459890666762,1866.9655550754255,1871.1809083274807,1850.5175393138845,1848.786414205791,1861.4271018546854,1852.8345997223414,1874.1534428093032,1872.619614759375,1876.2883519066818,1898.1118939298935,1867.0537185258472,1867.2256888186046,1864.5813197936768,1873.1734383311261,1860.3422715431163,1858.7231126887523,1861.2399271895993,1849.7424474502814,1875.9921536849877,1872.9549583417347,1867.0082467301625,1892.121945919392,1863.274321924856,1867.0069090625968,1866.2396032730253,1907.4025037634847,1862.072131252677,1860.5555527182507,1860.745609919407,1851.6254126281221,1870.6497435476379,1872.5421455398375,1871.188903621599,1886.196282171579,1895.6461177423082,1869.7863649979006,1909.7831071702394,1875.4785500704213,1864.053668206839,1857.5082792276328,1857.9167560574142,1852.661223505674,1872.9740477642258,1872.984808273983,1864.9909795373217,1881.1638277449526,1887.8331075032613,1862.9914868911997,1872.9958663062466,1874.5012761357127,1873.2422305125388,1847.993450255749,1854.723674844763,1852.3281698382962,1869.8131013655327,1873.2325609359734,1872.210806061018,1894.1297592684912,1870.7584040696156,1868.0062226416992,1870.409372472913,1852.027190556265,1848.1478003847753,1860.5348958687716,,1886.4574624632635
HASSAN,1848.3692096499376,1874.4927295229559,1874.6633412965114,1868.6153854655854,1883.649429942379,1863.7018773413276,1866.5442486650752,1867.9986447040621,1876.7016914122423,1874.2126559716912,1849.9132663324506,1849.4643590516916,1853.28649751386,1875.1412889809296,1874.9706721302198,1870.4084755366305,1880.7943818774684,1868.904460923827,1870.3222968301263,1874.622838053452,1869.3571843006957,1870.286047857625,1849.604069053577,1850.2554216182161,1853.0191009224056,1874.5935791410461,1875.5705562656692,1882.0028318774746,1874.5965721613043,1868.5868108108841,1862.7332735380783,1866.703247434709,1867.4387279464966,1876.1069246083598,1850.713229251984,1851.209447012249,1852.3912607329335,1863.8375801757054,1874.8090933017008,1891.8225323859685,1889.7100297780764,1867.1811797641394,1865.5697102641902,1867.9035945830756,1866.1483308754848,1869.1584580448537,1849.2228543339556,1850.352160474767,1854.103304841706,1866.2490174845968,1874.4509857896558,1866.3540106440935,1880.2063278553596,1871.7170598518992,1878.446464711591,1865.7411957587071,1863.6278693248742,1850.161474340213,1849.8386272817816,1853.522705263579,1875.4059883511761,1863.253348221016,1867.2711064064847,1875.8562636862964,1864.460947865124,1863.5093187511993,1900.7740706541329,1869.2966705826202,1875.2179511080087,1849.1901882058644,1849.4327114312084,1851.4558766233793,1876.976508672918,1874.9685029809666,1868.051081069258,1879.3868297999904,1864.4204273313915,1866.188768857563,1873.3843487828096,1881.596445220018,1875.6298655845019,1849.6564923185447,1849.4736058687567,1854.0329700699094,1864.6074432876985,1869.8335493951777,1870.1171595509165,1885.298722849183,1875.4211348349065,1870.9145981227934,1866.6047505034498,1869.1997059640757,1870.0187799047487,1853.8453261728262,1849.696995688508,1852.5324144130727,1875.6529927538315,1875.1344210523757,1907.5543629732135,1880.0076517264147,1868.3264518257206,1879.6921303455103,1879.7046436365024,1866.8863009791971,1874.4200966294277,1851.1329763143765,1849.139186989586,1852.248743730909,1877.200319997,1875.597789756536,1891.8806726897744,1889.5900660070674,1864.838961185889,1866.5552806724234,1865.9318522505089,1874.6727733060527,1848.795361429193,1850.0660340790612,1872.3438647367066,1866.555872725243
HAVERI,1848.7911582313654,1873.1953367892643,1871.7664700069988,1872.728749981341,1866.6024885357392,1862.9667135330506,1866.8111586505545,1872.5174969381553,1866.1316521518127,1858.268041814331,1849.0985799634009,1848.5604277262678,1852.37315821952,1873.727771488054,1872.627259236048,1870.78096923166,1885.7859652636535,1868.347458015809,1866.352689174481,1877.6486263092645,1870.5992424464241,1858.7855524950223,1850.7029641350455,1851.485326509974,1854.3934295883666,1872.5512610933263,1873.157946276171,1871.816415671077,1880.1308270438697,1867.2031174447013,1865.121859367922,1869.2084390137607,1877.3302664031041,1861.374486104125,1851.5367344701144,1850.3060829410274,1852.1210947646603,1872.5144476593794,1872.230725992633,1865.780309980665,1889.352723164315,1866.371961820901,1868.5737432714961,1869.9203018007327,1870.3063948885851,1869.4187585321802,1848.1369507336017,1855.2509495501395,1851.9917395436205,1875.486138605111,1872.3095252633143,1871.3989024212624,1884.5280085255508,1886.7810334290457,1866.5036284735686,1871.3095005267005,1853.4621465531034,1847.9139452030763,1851.963757748808,1852.6276917071705,1872.7551163046749,1872.363720542621,1882.4929870613946,1893.6482852128192,1864.939967723153,1866.714920212422,1864.0157571467873,1873.2708820203018,1863.27190262143,1850.1087471573169,1854.6689752042653,1851.6795285867368,1872.913486316717,1872.4683567632744,1874.0614410889168,1884.0206382924266,1863.8543070702235,1866.0195128143152,1866.4046784491363,1911.820434942502,1855.3907534220211,1849.1515043338666,1850.641815428173,1853.3224659425782,1871.8239684445969,1872.5813191251757,1865.3090191732097,1877.2473543005062,1869.757742482207,1876.9339998802834,1913.2145183148389,1869.9854420792628,1862.0128026920854,1852.3248039511254,1851.8260119499641,1852.0264494392886,1874.8978019729802,1869.138616876471,1865.2946420535418,1877.2756402148232,1865.8457927881686,,1876.417448319101,1875.6112908412222,1872.5224828836344,1848.507663988214,1852.129251991753,1852.144620432338,1874.4006916166509,1876.959441752942,1868.6164442922757,1893.8534386419278,1864.6643398561305,1870.146359833312,1869.372593951941,1872.0711796739588,1847.849886562747,1855.5516222712715,,1875.486469790776
KALABURAGI,1850.346068985672,1871.9206094974677,1875.443404680451,1868.6971287488595,1885.6714485408465,1870.5688610279333,1884.9713135207248,1895.216104777945,1868.1995453242919,1866.9242933232435,1863.2525078926199,1876.0019409607562,1849.8287022228649,1864.8550148180327,,1870.3754733544004,1886.1939994188144,1868.6485190885135,1879.389234595962,1914.3597083197901,1871.601568910781,1856.5855427982217,1871.1115709956555,1875.9436219574554,1852.3304431355718,1875.6468398330308,1875.9238230392893,1885.525417931001,1888.104577164309,1880.54981538434,1887.6561817597499,1907.499493564989,1877.1542406168119,1855.2539825676101,1875.2012145606247,1875.8071493082425,1850.2636226042202,1876.6563261858328,1875.64571640704,1884.4267145766205,1905.4000373782983,1884.1868603199114,1880.26333653801,1901.9570150269271,1871.429480345591,1850.895660829076,1875.4839694899886,1875.4560370113481,1850.9520486882166,1877.061516438845,1875.5695305616764,1875.9184843174135,1889.9124648243808,1870.7621784051412,1889.6288911893294,1875.7757071487924,1850.8486174232266,1875.9690629631048,1870.34235919749,1851.1754053994891,1875.6580448264597,1875.787248672301,1871.7626781723086,1888.2781659874222,1875.4961528343267,1883.6540870100466,1880.7916227106748,1857.9939467050667,1871.5621050573675,1862.0356812323034,1876.57806615274,1851.7932046892458,1873.606229834473,1875.6935586604493,1867.5637150973107,1888.9487202738653,1871.1282393375725,1882.101340772118,1865.6044172362117,1866.4540024636601,1855.718174922232,1867.946945858029,1875.8281648551203,1850.265364420053,1874.7748932984598,1877.6551608721666,1870.94676466672,1893.535836050126,1878.4678560225707,1875.287618994728,1864.8041362498109,1874.8226197809324,1856.21732141598,1849.9475373049788,1875.8418593317901,1849.604597908883,1876.5196621438179,1870.8239348565314,1878.022514108897,1893.605115880956,1886.3108542702544,1885.1149613987127,1911.7526089427608,1876.299910245054,1851.7962366154052,1874.7929959953744,1875.908594906606,1850.5966742607693,1876.5499438805523,1876.711008840469,1882.0184943230245,1889.9399113775705,1875.980156581979,1896.3246891262418,1867.9924190595457,1850.764539663755,1879.1065176825205,1875.1665638717868,,1870.191234640873
KODAGU,1852.6438540697507,1875.9402576647037,1876.289056835724,1865.8627455907676,1877.7133168846071,1868.3987981482767,1874.1243962020542,1871.7418517057092,1878.8147754785848,1858.0925440434253,1850.1157944150943,1851.3911601848404,1852.2025362877096,1877.3040706609436,,1869.3632775708345,1876.381560899391,1862.6169890717972,1868.5580456478208,1869.9772970102497,1870.695875386649,1867.625220840374,1850.2215485862291,1850.443457037545,1853.153892660555,1877.0347217546012,1876.82122962646,1877.454920231503,1874.2714138148808,1863.345562341057,1869.9951137175956,1866.2486812110562,1869.7675679256504,1878.0731563478873,1851.4604632933867,1852.7489943928647,1856.6624694108368,1867.4723663974848,1876.5698973584538,1896.2223833932755,1887.2128417269853,1862.5413065207665,1870.5060242553554,1867.5249923073925,1866.1457317392537,1875.8886864275914,1850.6889990622528,1850.7826822366947,1856.6283141339466,1869.8396375341663,1876.9441555293924,1867.7135484068317,1880.7743301164376,1869.0292834213403,1874.9118051550236,1864.2733083160992,1875.3569518977363,1850.862992952584,1850.2112451500757,1856.744790323881,1877.433025052197,1857.2441539189808,1863.5249181156378,1879.87832576032,1865.6480995378038,1872.6611707102395,1894.7471166546134,1866.3845775070267,1877.2222348223943,1847.8307559874058,1850.5913573796747,1853.6376720420546,1878.3712921195822,1877.3129629304856,1866.2975780593688,1870.4527109824255,1869.5811185497207,1873.7817511907385,1869.799785687138,1874.729824231749,1877.4165797368278,1849.038841401792,1850.7469827905754,1851.142742156893,1874.2459235672748,1863.2666448166178,1867.7600558205681,1875.023507893779,1868.9786166973722,1871.8161675166118,1872.4806560315192,1870.2526889047772,1862.1872302808138,1855.627601366064,1850.7004511804537,1854.421684820647,1877.4377890194587,1877.0649653644095,1902.1139175011913,1878.2003396246203,1862.568834559682,1871.4614709270304,1875.0467465971255,1869.2160836041503,1878.9184132094238,1851.6022625409971,1849.916030537311,1855.5108700258363,1879.2317433241199,1877.250008039847,1896.6623181019359,1887.408151403425,1863.1879818947943,1865.9903708142988,1866.0606717889373,1875.5190329056268,1850.25536261397,1850.9127719510868,,1867.4033823089778
KOLAR,1853.6431823923888,1871.1230592805312,1872.6484625797607,1868.2607100211208,1891.430529004242,1873.8067905401417,1874.1413996557396,1865.0780926900027,1866.5335779345205,1865.7845568400608,1846.3507159211701,1846.6518114460766,1850.3805898004823,1871.863730672911,1871.666897489702,1865.448462733948,1872.402618311905,1862.6412237944658,1873.966347123772,1868.462368376424,1866.0502282432064,1858.7770932142216,1848.007985419829,1850.5456627079168,1848.0988734930932,1870.7420971472382,1871.0924136666201,1871.1843149470328,1873.043258118518,1862.9517646153,1874.693864829961,1867.3790060270017,1869.8637891919784,1871.377072371773,1848.5880017805337,1847.1406183991119,1851.889567028394,1873.113795910312,1871.7923159938575,1871.3973222850057,1898.3316456558732,1867.3627158375034,1875.3584775145932,1867.2381101594626,1877.396898159428,1867.6884423155389,1849.3502208103448,1846.750327974128,1851.7494952753243,1872.0758578917985,1873.4238157013779,1877.0130602090615,1901.5659970776103,1873.625316188845,1866.8783971357068,1868.5927044690122,1870.2192294784147,1848.3609178913434,1847.1591414314905,1852.6323387199247,1872.0004425835164,1871.4913806017848,1874.4008918427514,1898.76377357948,1872.3465839517307,1874.652728083504,1866.5661533828202,1865.3527078116751,1866.3839221428289,1845.1582374746185,1846.6299220626938,1853.217684860019,1873.0769072630012,1871.3425524308075,1866.4482618806035,1886.7577881056152,1874.4592249147715,1874.328445208341,1886.0556993782072,1866.2665604919393,1863.521358301444,1848.2192319826847,1851.2153705142443,1858.068113885835,1872.7767771898245,1874.6170631663679,1867.010681558522,1868.3404469472264,1861.871512609114,1873.9010114782538,1867.7508990505764,1865.8097733444056,1861.5389533481866,1848.7764995807208,1847.275718546533,1849.1132896212657,1873.9919029432926,1876.1140922572217,1866.363004600522,1883.9564024302886,1861.933284707122,1875.3272468209898,1866.6361175558936,1868.584093948939,1873.4751276909085,1848.1786137541665,1847.8958144537007,1851.5039567624065,1873.0685112148642,1871.4329357088716,1872.4829895401424,1896.0196892169126,1869.8725020964364,1867.5470469472602,1877.0630508175798,1868.0375029281374,1846.8454666858581,1846.9734749801282,1869.7927316095693,1873.7587676270475
KOPPAL,1850.249738984035,1876.4596335697734,1875.3647725535466,1872.3849850534878,1865.2791085048584,1871.7310254582153,1868.261408559918,1879.0690416803122,1863.877334885489,1878.234915567792,1849.6157268118952,1852.38375309808,1850.0628141564775,1876.4330115593664,1874.3867329323114,1867.7895348786774,1892.7011777481366,1885.2575294650867,1867.6151071575187,1871.7898689704107,1867.1134120645638,1858.0994449942036,1850.276391573039,1852.0426351642207,1849.1523662592424,1875.5888929023577,1875.521430699215,1872.2129272072598,1890.2002339103344,1882.8643904947426,1869.850653218785,1873.0943846858906,1873.2964966281133,1862.9640495803553,1850.6263260135463,1851.2004208648943,1851.601815662257,1874.1304117664058,1875.5102615680978,1887.2303183180402,1897.4761374707987,1886.3765937608384,1869.4494051795382,1886.8388967538283,1876.8976199600465,1856.303219305776,1850.616535210275,1849.9947195286852,1852.4202719838295,1876.9052303040255,1875.239595695555,1875.3964019522516,1894.4542979723883,1870.9664413702276,1877.8534774477216,1876.1140115687826,1855.6667225992196,1850.8228714447612,1851.2373294120184,1852.2952956551849,1875.4162653136268,1875.5356663605476,1871.7636605543923,1899.109608797621,1873.2100283934792,1869.0087164269412,1885.8115582390615,1860.4404909977457,1877.0697601301947,1850.3328532947262,1850.4104873537246,1850.075271853527,1877.1468515070235,1876.6047690767605,1865.3308233417067,1898.3395192332316,1871.6380135452628,1869.139879186583,1879.163347250465,1875.2990611886792,1877.5310957159218,1850.4420236194674,1853.3709941028449,1848.765899542648,1875.9720955444811,1875.401954873595,1866.911417054235,1892.148694830614,1877.4129092504734,,,1867.3533799260888,1876.3276652270426,1848.0251032787628,1852.058112571219,1851.1056916084087,1875.768227545241,1875.6143992068178,1875.7356959558267,1887.3529985724394,1891.452179170441,1870.254878761152,1908.5969515109534,1873.124815144653,1860.181184284665,1850.3332424964988,1852.7842915189185,1851.150410413859,1875.4147602100718,1862.0420517392681,1889.9636405523454,1897.1599691630988,1879.1660376067573,1869.7413305940177,1865.751577168552,1856.706123867721,1851.4496221233396,1850.0322109769852,,
MANDYA,1853.358114433095,1873.8465681068524,1875.1659806970986,1883.9176658949762,1898.0286184939341,1869.4090496807837,1873.6144006520374,1865.898089172717,1868.4018008843436,1871.368581421843,1849.5113697303814,1848.895703821751,1854.5477123127469,1874.2202837817194,1871.7058013508838,1873.7523211054738,1890.0051517610095,1873.7475637686082,1872.7074224308838,1866.6587661574267,1873.6805426523185,1871.345076122762,1851.1995859114052,1849.2683357101596,1865.353290895494,1871.3455752581094,1872.216293136462,1867.9764907635856,1892.0014274185858,1874.6706419410984,1874.7225594138647,1865.3337090215066,1872.9638000798793,1873.9212050590502,1850.4440357729143,1849.4662986750893,1851.6213680085584,1861.658628391161,1873.1068342811209,1863.097562832641,1876.992617720859,1874.9461945743953,1871.6527888357086,1865.6887994202305,1866.5185900186343,1861.8001288332125,1847.0096539003493,1849.4937048180175,1852.049572553647,1874.1064383116084,1877.6159159781562,1864.6006079387362,1872.6484641101792,1867.1651514263624,1872.0783366724047,1866.1225729723449,1862.562938494976,1849.2510510942918,1849.1247751438927,1852.929867089876,1873.6675492057295,1873.5715717596613,1866.5683464782157,1870.9563882627551,1865.938799414901,1874.2352000199583,1866.5446038774157,1864.398532910493,1862.9145932931322,1849.0444004888516,1848.8599445465663,1854.1536131251626,1878.1219680937777,1873.9506508861257,1876.830476324627,1895.9531076166581,1870.7220577464814,1873.6426741659143,1866.8894445849091,1869.0159035492234,1866.1363172577076,1849.8201617277957,1849.4851610287158,1854.5302500328173,1874.0924299662572,1876.4536669822999,1872.252827711775,1892.0617644691004,1872.3514788925897,1874.6081892317757,1866.562234331469,1874.6598940477652,1870.0841228808415,1853.2766393041247,1848.7237797240757,1867.8431792587876,1873.5566321306796,1874.8004786001375,1864.2512687049732,1892.7706218286007,1872.8516277829667,1870.5488370479397,1867.5269931814723,1867.98260686244,1870.277520410362,1850.4810655295776,1849.0217377442818,1852.795798658661,1874.9344658144446,1873.4047596272817,1864.2924447770465,1867.265027346878,1874.1954585967417,1865.775336174517,1866.405841376762,1873.9198108424898,1847.8259330757683,1848.8218222241594,1872.991207094845,1873.8322079198888
MYSURU,1852.3748633619855,1872.4902751259808,1876.0409712043881,1871.7273492055863,1890.4952120864145,1869.9391512545137,1866.3296872849603,1869.5670100107145,1875.6346863332064,1872.6587147423797,1848.8334650155564,1847.2959314464363,1857.1736010775126,1873.3841903778136,,1873.4776927917508,1873.3805347285286,1870.6398735761709,1871.9935772131917,1869.1264963028582,1873.982210810289,1870.4731700259265,1849.9237720362275,1847.323527514742,1862.3814068759061,1873.656745353687,1875.437917470722,1872.0850327975545,1874.1930363796962,1870.0857644804726,1867.207686805157,1866.7875113064745,1872.5002008644465,1874.3193832601546,1850.030600387789,1848.8271599145712,1850.3838185762866,1871.404842314075,1872.2952347437736,1869.543679664749,1870.4805025600992,1869.2743521438138,1869.2478618671428,1866.2777987465133,1865.4864849127441,1866.7354201071673,1848.161749074086,1848.837342492951,1850.8972401869346,1874.4156672099527,1875.976969111957,1864.6691611138478,1891.1217349743672,1871.2765252289505,1875.611613858845,1865.938456653509,1867.9849771752413,1848.582963573712,1848.3506166069976,1849.818471918356,1873.5588788041885,1873.745345253259,1868.1827706491044,1886.7513963165886,1871.407816800284,1868.6486731020561,1881.774614445961,1864.8622877693022,1871.094171498754,1847.3574955005215,1847.4264730632685,1853.4019250943545,1879.2996621922227,1873.2692663084697,1870.0683478391768,1887.4138861470888,1869.8975352314167,1869.1473888539783,1870.026588561125,1868.0995765158957,1871.7044141883082,1847.0195998177417,1847.4969388180339,1858.2322237546473,1872.6568315639636,1877.3225474343042,1874.743343825362,1879.18043653549,1873.7720021069106,1871.6733780117283,1868.2148606089313,1874.0436281521834,1866.2352794363471,1853.6598823304812,1847.2263611956794,1862.202517573542,1873.5647879012488,1873.616673805826,1877.3015474540878,1876.0384402743105,1867.8231981641993,1874.2575687363162,1869.8241645349456,1867.8013529858904,1872.9798256972538,1850.3905448367418,1847.4577638450198,1850.5809608934717,1874.1546694907672,1876.317512737272,1871.6196609023366,1870.6662398209362,1868.4102897687212,1865.4697674825536,1866.0034431704962,1871.7433702802566,1848.1429115201381,1847.5585132592078,1873.4829356609553,1869.1806799663548
RAICHUR,1850.6859746678251,1873.2342293417098,1873.8267984938982,1868.3076728873082,1876.8185168765062,1879.7439098087677,1871.50697234255,1884.7400457152985,1867.5498216319236,1873.7443679493426,1852.3093617197637,1871.229185039534,1850.0750727510135,1877.2846381066108,1871.0425106634962,1867.8102751556755,1892.876461168282,1878.3245316561504,1872.2666664635176,1872.2833322037136,1868.3718940613364,1861.9076071134182,1858.7030503730425,1868.7169171903777,1849.2897321863818,1876.0608572794372,1874.6509530940448,1882.4293143186476,1895.5820375590306,1878.1294786230944,1872.0896290204385,1897.185396289311,1869.6722335370823,1856.192018276968,1864.220364801803,1869.1153761102748,1850.5343574994756,1875.3437661116984,1874.116104296979,1894.2815320957502,1897.1527103288936,1874.6798941488157,1873.138025585488,1898.1124036604772,1876.7502505327595,1857.2794007281948,1866.5502992029956,1864.5883985927858,1851.1792121853878,1876.1486006681164,1874.4989624436716,1872.4999332906598,1890.8191527619294,1884.3572028183273,1889.0793442851486,1875.6196447708141,1854.9519237192326,1868.9032521204801,1859.158373116798,1851.0419759274068,1874.4915975023603,1874.227418005696,1874.1367037269818,1896.7998679091638,1883.451536214473,1872.1407797051356,1918.6584719550829,1864.8311424756942,1867.8944695371827,1849.845439088484,1856.384080049926,1849.521258313392,1872.855178474649,1874.672427159768,1866.9065045851696,1895.4461793240205,1882.8949549117715,1874.7534745928424,1865.3196399926246,1869.5710847781427,1866.4924060800365,1855.4412758422784,1870.8819754377123,1850.8682657617155,1875.9562929103479,1875.0936808937593,1867.8188662159712,1892.630225272932,1880.095284305522,1865.40538992465,1864.392228725636,1865.7680124767164,1858.6976975257053,1849.476447248228,1871.2232669514244,1848.8902458400062,1875.7949802289845,1874.7631596333579,1893.0159219085012,1890.7463168156437,1876.2032408390712,1874.8133362654671,1902.3201156288944,1869.8599499367572,1856.0021789132275,1866.13479210509,1871.7476747415606,1850.714700882611,1875.9149486973101,1873.36141542879,1893.2869854167707,1893.0604504981904,1872.0129738539417,1893.3854734172608,1868.2849208186915,1854.3952808512818,1870.9213868031343,1863.777627781755,,1863.6801204477988
RAMANAGARAM,1856.0735395598342,1876.6521456828884,1876.5214353294111,1899.9307089829256,1890.1854191253353,1862.0861641237648,1871.1893254299168,1866.8070653679058,1867.001055824694,1861.3108100298746,1850.4630870221683,1850.573555446093,1856.7175413754849,1876.7060882672422,1875.038768869075,1867.2128919452541,1887.0916315396187,1863.6256595087534,1875.5559326037685,1867.918626439958,1866.638770407846,1872.984680724391,1851.360691501375,1850.3118804905127,1857.7883624356975,1861.0881724259425,1869.7224078564718,1870.5254344881687,1876.201448428852,1863.760457234223,1869.985765288068,1868.830576668655,1871.0698691326436,1877.4954800979265,1850.2827573624334,1850.9035429785947,1850.8746913673237,1850.5185158320826,1876.29040064058,1865.7292679096608,1872.5244624248714,1865.3778565373834,1868.341403512853,1870.2993755899286,1871.035489265183,1851.1525397955486,1850.6089654440993,1850.4330863240323,1852.3628523534685,1876.4572317527477,1878.171756264193,1870.9312401818331,1869.6771332272947,1862.603448343965,1866.752411099984,1866.7231816255803,1863.6531614200596,1850.4461255600067,1850.602234136397,1854.082050655451,1876.6049496257103,1876.267640911579,1877.3852774651505,1871.8315256551382,1863.0361556953383,1867.8333453832813,1866.6275475059047,1866.1675700634544,1850.2801977528954,1850.5837766993482,1850.4304710881552,1856.9912477352523,1878.0366079819555,1876.450988333432,1895.43879100254,1883.3578348478175,1862.0851276902795,1870.4413636532045,1867.750985434607,1867.0257282563784,1859.3027319300907,1849.543188597436,1850.980195077294,1857.0356725903935,1877.2116748343194,1860.0920006387744,1863.5237277740218,1879.448716794488,1862.4170206567896,1870.9394290755495,1868.0962553442694,1868.210396675978,1857.6944458028224,1848.7989215027446,1850.6834080889566,1858.4974150311168,1877.8541552767913,1877.197865724163,1863.8074261264169,1876.8188781941033,1862.665633310533,1865.6600302475922,1867.7095015054472,1877.746097258801,1858.9031173306446,1849.7715816191917,1850.4785204343236,1852.1799524259277,1876.9832676493318,1868.0495782488113,1867.605742324444,1872.7980700854791,1867.5198883700116,1865.7763519156017,1869.5371516076116,1877.703053130287,1850.9133119643275,1850.6502925670034,1872.793825788871,1870.031455473541
SHIVAMOGGA,1851.277449612362,1873.9461800940976,1873.7621265046096,1875.1349321998707,1875.3407112665059,1865.8311659094513,1868.6576304190007,1877.7866667897133,1866.0355596238117,1864.1141972851112,1850.2981027918001,1850.0970984013875,1852.210778369141,1874.0643949868963,1874.1945814008395,1868.8378726099788,1889.0169846442934,1867.066172256478,1868.9032765801778,1870.825754214361,1866.6388417937135,1856.2205294267105,1847.981067903941,1851.4324242307189,1852.8138526769249,1873.744733573688,1874.7835177811073,1865.96345038686,1882.1708004224513,1865.5298268491827,1868.2574288631836,1870.2319060921138,1873.079082867583,1860.5598281768753,1851.2730585759405,1849.9260294896771,1850.2977915646209,1874.76293248008,1873.8380858018427,1869.1795803351827,1891.9878079219177,1860.2329721234846,1869.208383035434,1869.3780317029104,1873.33255889778,1867.266014522985,1849.1475570369457,1850.432690089475,1852.5070425660488,1875.5812183827866,1874.578144870139,1871.4804088048566,1876.1020066429564,1869.262319179287,1866.7913083826845,1871.423524202419,1867.1817824424343,1847.9644368061472,1850.002398204266,1851.7592689301116,1874.2651466976656,1875.1856652007373,1883.904366285351,1876.3978021676346,1864.4087159071994,1866.8359118003004,1865.6963333860058,1869.2493034276254,1867.9651837808105,1848.3798215143386,1848.9063338369788,1852.0837745413792,1874.5178546470431,1873.6920701412635,1874.606620368266,1883.6663028699545,1866.4705777171957,1870.7759140701703,1867.51604092742,1917.72042136597,1859.8363570030756,1849.333138850699,1849.5779285836604,1854.1211838041445,1873.8432019019424,1874.3441217213842,1864.4515957089257,1887.0093770202639,1875.862344808457,1867.5500461156607,1906.9027607901733,1866.1855471268984,1857.6194937248674,1848.936099821668,1851.8813415584023,1852.594674524542,1876.0111744388134,1871.7897628357027,1865.3991674753108,1876.0068513225708,1863.6866957403681,,1883.1222518782943,1872.6988090954953,1872.8405742059692,1848.7238260233248,1848.9533948810922,1852.1110973087016,1876.3015012097374,1877.989709134629,1867.3443518222523,1887.40903071086,1862.1100019899832,1870.3540131930106,1872.4799980145744,1873.416850521304,1848.2783753477468,1850.0952582083646,1874.960606297025,1868.687523652244
TUMAKURU,1850.8551773398397,1873.8655457393497,1873.1910584358502,1887.1782772392337,1891.5876154869316,1861.5411517762234,1872.5904530297355,1866.796786626628,1874.021255626915,1869.2343425635731,1849.202585779323,1848.6965436001412,1854.2716666287981,1873.3379315937036,1872.9028669491936,1874.2549201984027,1890.4257007849224,1864.3885174447423,1873.3361674567702,1867.6848134934835,1872.5790723823293,1864.4357021430556,1848.7047902783218,1850.2601249521285,1855.398222705049,1869.7666440974967,1872.3793687979767,1876.4423018703746,1887.1751730889166,1864.906572472462,1871.8235965919275,1865.8822649425397,1863.4127550549351,1873.4935576200146,1849.5767574175945,1849.667751718918,1852.3798815732741,1869.8541449551803,1873.0276806564716,1871.7430310651123,1891.1302007818554,1866.4971211794204,1867.4965502162747,1865.8946248054215,1865.93565652285,1864.1348329670238,1848.6167697697826,1849.7618725135844,1853.1193825672492,1873.3408324410184,1874.0219511632579,1866.438821455822,1869.6718611702847,1862.8984532568586,1867.999720695646,1865.9450322207565,1861.9450490957872,1849.9866288308242,1850.7954198390228,1851.183625357879,1873.268325121325,1873.0104328880325,1866.801151782151,1869.8909161358852,1860.4653819857238,1869.7773165505946,1869.0645084166163,1867.289887723896,1863.479907500828,1848.6304754722814,1849.347269190919,1852.888586546281,1874.2223598138055,1873.149980996056,1884.8327418533563,1891.5073656098987,1862.0422626551579,1872.3466539551923,1868.0115249426478,1874.0832502099786,1871.8768453192313,1849.985035856185,1849.7232189709596,1854.303300749193,1872.54653203877,1869.7485499593217,1877.3491067740201,1883.4040440423405,1863.2044247500135,1872.8690933596004,1866.250519625996,1874.6179049534767,1861.6798795236089,1852.381200674082,1848.9190161952877,1855.9549419779735,1874.174239951598,1873.5198113333936,1871.860211028497,1887.039053979307,1864.0082725340815,1867.1486522416733,1867.0411434763544,1866.4451816835183,1871.7844890206527,1849.248235314363,1848.6936189408632,1852.1841183534148,1874.304306736152,1873.869917590153,1871.7842664927832,1882.183321031947,1867.9304318951868,1866.0605962382806,1865.6621993433923,1869.3831794724292,1848.943005459564,1849.1406267121454,1873.3029893828073,1871.0984049035576
UDUPI,1851.4305907571368,1874.9777368413213,1874.7159408410175,1893.9918381942448,1882.0218633572922,1871.133101562467,1866.9007616423241,1891.5268528193415,1866.1181282433774,1868.4074270953633,1851.068022854497,1851.3545301445279,1850.9412712474702,1874.8238765458077,1872.1493985674983,1869.0824064626347,1878.7273467259179,1865.7649221509605,1866.155537554125,1867.8040054158816,1865.847951797281,1851.738029544398,1848.6327697210859,1849.75061239967,1850.2430054396966,1874.5995262642505,1877.0995601823308,1864.8486632523216,1885.162957128876,1867.0265469698786,1867.6260934414013,1866.6142258367147,1868.271970865163,1850.494865093536,1850.3546529192158,1851.3996905257766,1849.7519802766774,1876.947300487173,1874.6789628498032,1865.6690817827402,1883.8568896236611,1865.0813286824002,1870.6890383335576,1875.344453442908,1876.4204182001467,1875.5991060743556,1850.0015719301325,1849.6815531355826,1850.631529606222,1876.623310323721,1875.1520205643228,1869.113355761711,1889.458449498115,1866.5573909155391,,1867.2523774879091,1873.7108982215568,1847.6742884221576,1850.649049371249,1852.415248583997,1875.1233363489664,1874.8664379784525,1896.8794145502877,1889.896545072797,1867.7051783582006,1867.0119262827268,1864.885136073678,1868.7215602291706,1872.4791157669779,1849.0224023477558,1848.709669682618,1851.9484249565626,1875.3111286766186,1874.686496457962,1888.7702004899218,1886.0853239842936,1876.8041594572787,1875.9527309368991,1885.0630769992586,1913.0738642482925,1871.618338009965,1849.3843757408501,1849.0025849806366,1853.3851224801458,1875.154787145302,1875.0182312452735,1865.202459408201,1880.487255674413,1871.0486066375342,1861.8387874270804,1904.4014634490193,1865.8769035006,1860.820519089616,1847.251142479992,1852.0966453624942,1850.0362195432256,1875.155653535509,1873.6507454748796,1864.3689276544676,1874.5599922895126,1860.347563775796,,1899.2518017244481,1868.572959336016,1875.2198884700624,1849.7426484963862,1848.590217490567,1851.5810985083801,1878.060135788079,1879.1581874895908,1862.9748911484194,1881.9218607098717,1866.7634653059517,1874.9239280454444,1874.059321743005,1873.5573890146654,1848.360498305257,1849.0781340520605,1867.6284769136369,1865.962356680149
UTTARA  KANNADA,1850.4937547351826,1877.1980163936462,1877.100658968335,1885.5434037749128,1874.9201850394663,1876.137567796744,1865.6224956165418,1884.059137638155,1870.1813767773301,1865.976497534591,1850.9901704030106,1851.5348507860258,1850.4175250278463,1876.9746189765303,1877.2006248218736,1877.5072715140723,1891.6055257694775,1877.1746279158385,1867.2850166175474,1870.8676807617526,1876.0874181860424,1857.2138909940609,1850.6892951588918,1850.933134504342,1853.422326932354,1877.1782757608103,1855.244181068924,1870.9616585040947,1889.4759120632311,1870.54064288427,1865.7633973131192,1867.4506736437613,1877.6284090012175,1855.9303542035914,1850.2467968025057,1850.5901747165242,1856.7477076686093,1878.486902278434,1876.7349992226677,1863.6199154126812,1890.2108132090484,1870.6954971557134,1868.3076743245526,1874.9640678326577,1865.8066048422954,,1850.3048588407105,1851.346732028131,1851.1267381930452,1877.4559363472727,1876.5114186322478,1864.5103864775606,1880.154913301434,1878.2592121115354,,1865.3843396558334,1876.0170334330583,1849.7456783112457,1850.650256156253,1850.9903132931336,1876.3017590960987,1876.8677026971375,1871.3404681348127,1884.2888511213212,1878.7734912869778,1866.891710958156,,,1865.7444373971196,1851.4033068723973,1851.7390662244636,1852.0532753577681,1877.2170737205827,1877.2812926273707,1883.7351677402914,1881.8184895351428,1876.6811275983673,,,1871.5343727622303,1862.2461657873644,1851.3658317217307,1851.379589619242,1851.5978633260986,1877.7045641507325,1877.1354919356436,1875.5935597184352,1879.4201081538574,1871.6490496485023,1865.4637330580797,1890.2333332549229,1870.5771648710077,1857.5536821744417,1849.823207779737,1851.6479335727258,1853.0290406807474,1877.4354200696614,1854.3518305972912,1868.0352800774667,1881.486712093429,1880.0286242612833,,1910.1949688336058,1870.573205947542,1855.2412093199507,1850.724528926834,1850.9826731894445,1850.831098672518,1869.344050191657,1879.5989985927495,1866.3988631488978,1888.8845901439163,1867.913098033542,1873.386178669078,1866.5885556716116,1878.1835540086197,1851.348603302071,1851.3192950559612,,1866.2343514065956
VIJAYAPURA,1851.1016994759354,1873.508431373344,1873.7985978321208,1870.2704761633443,1884.7909088230074,1886.449770011897,1873.0345215244156,1885.6278035689454,1874.6267859622017,1863.0825831847137,1861.2741434083127,1869.6250922337845,1849.0975236037505,1876.9758580268183,1874.2187662657489,1870.3483200179478,1889.4712192331285,1872.3201812068573,1868.0092297717433,1891.3097941080273,1874.5641469003488,1860.7328234384768,1861.6597538765438,1869.2584230733285,1851.094640675349,1875.443670375007,1874.751288267168,1865.7987592597156,1888.9208958568415,1875.4206391979317,1869.0521001883244,1879.2706011303492,1870.6721749148974,1851.7401279081066,1858.4362079180564,1868.0837597110383,1852.0004451698535,1867.6063983135803,1874.713157086441,1868.2829566839837,1893.6822122040676,1879.067013370204,1882.2391670953311,1872.3422943004355,1869.534507581252,1854.0672626547648,1865.1668857370596,1864.0314097158293,1852.5259121952304,1873.3696170898033,1874.2981481673814,1882.8137402952489,1889.0641922800412,1889.1563554014563,1866.1366340803029,1871.9907307462233,1852.6756356538492,1856.2122974327299,1862.595121530201,1852.4541231194587,1873.9147447386163,1874.2907560322005,1876.4261670323772,1891.3155347459608,1873.2848699418535,1873.9271257245318,1876.2723974719825,1870.2213159194218,1873.2372221443056,1862.9402305863034,1869.3278355596044,1850.568926720801,1874.3967749808417,1874.261940252626,1870.708482605513,1895.9698444319615,1889.1337428477216,1870.0238404036934,1866.2399565355454,1882.093505798862,1861.5534143481123,1862.6446539866756,1870.6062975330046,1848.9728641391287,1876.6542028525118,1875.8973238504025,1876.4988788773637,1893.3648198809829,1872.053655469919,1870.5845926176091,1910.5230911699578,1875.5395311470068,1857.1422591292371,1861.532489376228,1869.7847956470093,1850.2445003670039,1874.634855279409,1873.4092480521128,1866.019219752747,1894.355924379262,1876.2591566143146,1885.704407894337,1895.5289447228022,1867.2734635393786,1851.5782467590172,1861.6773158990882,1868.6274397649856,1852.0871558917077,1868.237814559722,1875.9027536887304,1870.4842180808955,1889.668701289033,1875.2634438151524,1869.4510895635572,1868.0195384121553,1854.2003068408626,1867.2906240988893,1863.6952396461,,
YADGIR,1849.9574594507533,1875.3504043350902,1874.7460873578489,1871.705665338652,1879.5427011699178,1880.095194310605,1874.8822616430575,1889.5327130990213,1867.538975438277,1872.2045018228455,1861.090342027082,1875.8348832640527,1850.0063846565604,1872.6160367040854,,1868.4378058308732,1891.2686577488319,1885.6440537981368,1871.853203677051,1898.5489941990015,1868.2502840557624,1859.1541201158277,1866.6675110536162,1874.9052587546485,1850.4969359736851,1875.427219610492,1875.178919280934,1879.0410605352963,1896.5791075881743,1882.5409116295261,1873.9569503557673,1904.620829447177,1874.905325288895,1855.38560625456,1872.0677953790755,1874.4202728470407,1850.30553821282,1875.8844107515554,1874.9802953998162,1891.920442901872,1899.2215846590793,1884.2385448969803,1876.3113117276007,1902.3322700921594,1876.9763535135505,1853.5833018836224,1871.5339338049787,1872.2700323416082,1850.3750112902098,1875.7037766098554,1874.7865429840515,1876.283444623159,1892.7886273709803,1879.4815523732748,1892.0792982787732,1874.7949990880725,1852.1205904572498,1874.36999603322,1868.2648677022846,1851.1258968662983,1874.7954794606,1874.5993754170886,1874.8607119513254,1895.8694209926355,1879.9190733332005,1873.8600113362572,1898.6770431515213,1859.117323162738,1866.8716495046597,1857.319506285653,1870.5152463311244,1850.74476492391,1874.320218268545,1874.6629816239777,1869.6380520295509,1894.5148219396535,1884.474045653761,1875.072260561845,1865.737387807571,1871.211734420128,1866.2571304969154,1863.6359866241066,1873.6950584951132,1850.2969415256755,1874.1079118586251,1875.2737623218393,1870.6088383430017,1894.604879239309,1883.6250463868694,1864.9205381395016,1864.174014973092,1867.3724774724437,1856.3747733312414,1849.4445262459583,1874.8118310672037,1848.959108084117,1876.3671301294025,1874.8096491873766,1885.3515786752337,1894.5735764883866,1887.466029549531,1880.488519952666,1904.878975939307,1884.3697982638378,1854.4778466176085,1872.4121427520852,1874.6676600521178,1850.6167200716748,1875.5080949891608,1873.9908048747739,1893.8554466311612,1890.180743988515,1874.2439171338656,1896.4973216681128,1861.9529938183002,1851.4059708769184,1878.473317095488,1871.6863580248942,,1863.3324469333634
